country_code,who_region_code,who_region,year,life_expectancy,tb_incidence_per100k,malaria_deaths,hiv_new_infections_per1000,ncd_mortality_pct,country_name,gdp_per_capita_ppp,health_expenditure_pct_gdp,urban_population_pct,population,income_group
AFG,EMR,Eastern Mediterranean,2000,53.82332641,1120.545410156,965.0,500.0,43.2,Afghanistan,1617.82647494969,9.44339085,18.5581995230666,20130327.0,Low income
AFG,EMR,Eastern Mediterranean,2001,53.91018761,1130.776611328,965.0,500.0,43.5,Afghanistan,1454.11078195559,9.44339085,18.7412381251552,20284307.0,Low income
AFG,EMR,Eastern Mediterranean,2002,55.15447775,1118.808349609,1133.0,500.0,43.1,Afghanistan,1774.30874287341,9.44339085,18.9412480133309,21378117.0,Low income
AFG,EMR,Eastern Mediterranean,2003,56.08520691,1109.857421875,798.0,500.0,42.5,Afghanistan,1815.92819979586,8.94125843,19.1600346409089,22733049.0,Low income
AFG,EMR,Eastern Mediterranean,2004,56.47652053,1105.817871094,350.0,500.0,42.3,Afghanistan,1776.91820712187,9.80847359,19.3993593959593,23560654.0,Low income
AFG,EMR,Eastern Mediterranean,2005,56.79050349,1094.465576172,259.0,500.0,41.9,Afghanistan,1908.11478234587,9.94828892,19.7059095753667,24404567.0,Low income
AFG,EMR,Eastern Mediterranean,2006,56.992143,1075.893188477,222.0,500.0,41.1,Afghanistan,1929.72389709372,10.62276554,20.1104530189181,25424094.0,Low income
AFG,EMR,Eastern Mediterranean,2007,57.2548387,1059.642944336,236.0,520.0,40.5,Afghanistan,2155.35306784413,9.90467453,20.5906579215423,25909852.0,Low income
AFG,EMR,Eastern Mediterranean,2008,57.9008556,1035.265136719,198.0,540.0,39.6,Afghanistan,2191.50435559062,10.25649548,21.1241481349633,26482622.0,Low income
AFG,EMR,Eastern Mediterranean,2009,58.52946588,1001.1171875,139.0,570.0,38.3,Afghanistan,2565.02208584099,9.81848717,21.6885475109053,27466101.0,Low income
AFG,EMR,Eastern Mediterranean,2010,59.00377167,982.292236328,165.0,610.0,37.6,Afghanistan,2848.58606111495,8.56967163,22.2614799010924,28284089.0,Low income
AFG,EMR,Eastern Mediterranean,2011,59.54863714,973.366699219,192.0,670.0,37.2,Afghanistan,2757.05258747725,8.56190777,22.8205691572485,29347708.0,Low income
AFG,EMR,Eastern Mediterranean,2012,59.92210578,956.131225586,92.0,680.0,36.5,Afghanistan,2985.31914452845,7.89716864,23.3434391310979,30560034.0,Low income
AFG,EMR,Eastern Mediterranean,2013,60.43497705,944.337219238,129.0,790.0,36.0,Afghanistan,3046.57993117128,8.80596447,23.8077136743646,31622704.0,Low income
AFG,EMR,Eastern Mediterranean,2014,60.42859204,928.481140137,152.0,870.0,35.4,Afghanistan,3017.94254424696,9.52887821,24.1910166387726,32792523.0,Low income
AFG,EMR,Eastern Mediterranean,2015,60.32951348,917.511535645,174.0,950.0,35.0,Afghanistan,2967.692067153,10.10534763,24.4649118421568,33831764.0,Low income
AFG,EMR,Eastern Mediterranean,2016,60.39366208,916.821899414,351.0,1000.0,34.9,Afghanistan,2958.7853992308,11.81859016,24.6588345720126,34700612.0,Low income
AFG,EMR,Eastern Mediterranean,2017,60.8752198,919.190185547,378.0,1100.0,35.0,Afghanistan,2952.99891598909,12.62081718,24.8352821238871,35688935.0,Low income
AFG,EMR,Eastern Mediterranean,2018,60.48797975,911.75213623,292.0,1100.0,34.6,Afghanistan,2902.39211285546,14.20841885,24.9991645191406,36743039.0,Low income
AFG,EMR,Eastern Mediterranean,2019,61.22381311,910.943054199,170.0,1200.0,34.4,Afghanistan,2927.2451435353,14.83131981,25.1437258839803,37856121.0,Low income
AFG,EMR,Eastern Mediterranean,2020,60.49099642,919.329040527,110.0,1300.0,34.8,Afghanistan,2769.68574507111,15.53361416,25.2622103446137,39068979.0,Low income
AFG,EMR,Eastern Mediterranean,2021,59.12690224,846.898071289,91.0,1400.0,32.7,Afghanistan,2144.16657002819,21.50844383,25.3478620272481,40000412.0,Low income
AGO,AFR,Africa,2000,49.36774351,812.830200195,22365.0,20000.0,30.5,Angola,6796.40633958013,1.68525279,50.5070653484197,16194869.0,Lower middle income
AGO,AFR,Africa,2001,50.06036648,785.01348877,23559.0,21000.0,29.7,Angola,6848.68325514498,3.95882654,51.7224790407329,16747208.0,Lower middle income
AGO,AFR,Africa,2002,51.05750193,779.049194336,21691.0,22000.0,29.4,Angola,7523.81291488042,2.9398222,52.8926234794038,17327699.0,Lower middle income
AGO,AFR,Africa,2003,51.74053195,787.620910645,21842.0,24000.0,29.3,Angola,7518.88948314505,3.10680342,54.0043545370761,17943712.0,Lower middle income
AGO,AFR,Africa,2004,52.3558271,781.112854004,21219.0,24000.0,29.0,Angola,8081.75707952672,3.46084046,55.0445280863936,18600423.0,Lower middle income
AGO,AFR,Africa,2005,53.34585395,748.423339844,20668.0,26000.0,27.8,Angola,8895.37660461036,2.54726577,56.0,19291161.0,Lower middle income
AGO,AFR,Africa,2006,54.27926946,754.630126953,19154.0,25000.0,27.9,Angola,9588.82238860962,2.39833426,56.8939032662772,20015279.0,Lower middle income
AGO,AFR,Africa,2007,55.35489997,722.276306152,17620.0,26000.0,26.6,Angola,10437.5899897179,2.65790844,57.7564632930133,20778561.0,Lower middle income
AGO,AFR,Africa,2008,56.22016209,705.95904541,15039.0,27000.0,26.0,Angola,11134.7047183666,2.97807598,58.5851745819614,21578655.0,Lower middle income
AGO,AFR,Africa,2009,57.07394875,692.649841309,13152.0,27000.0,25.6,Angola,10933.2712187989,3.30655909,59.3775316348744,22414773.0,Lower middle income
AGO,AFR,Africa,2010,57.96461105,673.356140137,12185.0,27000.0,24.8,Angola,11077.1301919405,2.36373854,60.1310289535053,23294825.0,Lower middle income
AGO,AFR,Africa,2011,58.75334146,672.086181641,11524.0,28000.0,24.7,Angola,11037.6388778577,2.35561895,60.8431610396073,24218352.0,Lower middle income
AGO,AFR,Africa,2012,59.46233734,660.002929688,11144.0,28000.0,24.3,Angola,11519.9933863364,2.13677311,61.5114223949332,25177394.0,Lower middle income
AGO,AFR,Africa,2013,60.21682799,660.352478027,11219.0,27000.0,24.2,Angola,11626.1877218484,2.4297719,62.1333075212361,26165620.0,Lower middle income
AGO,AFR,Africa,2014,61.13534716,629.012145996,11615.0,27000.0,23.1,Angola,11721.664415634,2.15680027,62.723115793241,27160769.0,Lower middle income
AGO,AFR,Africa,2015,61.59307464,637.366394043,12090.0,26000.0,23.2,Angola,11392.9059344932,2.29966879,63.51567832685,28157798.0,Lower middle income
AGO,AFR,Africa,2016,61.84956314,631.823059082,12961.0,27000.0,23.0,Angola,10805.7122533667,2.39068723,64.2992302517989,29183070.0,Lower middle income
AGO,AFR,Africa,2017,62.03682911,627.960510254,13849.0,27000.0,22.9,Angola,10414.2358842987,2.4379425,65.0850525086068,30234839.0,Lower middle income
AGO,AFR,Africa,2018,62.27158067,658.450317383,14399.0,27000.0,24.0,Angola,10000.9443772509,2.29887486,65.8732136723372,31297155.0,Lower middle income
AGO,AFR,Africa,2019,62.49147407,676.283874512,15253.0,25000.0,24.6,Angola,9648.01103767178,2.20394278,66.6637823180533,32375632.0,Lower middle income
AGO,AFR,Africa,2020,62.64827403,693.530090332,17198.0,25000.0,25.3,Angola,8960.33797242389,2.81688905,67.4568270208187,33451132.0,Lower middle income
AGO,AFR,Africa,2021,62.13113467,678.578613281,20493.0,24000.0,24.7,Angola,8862.28133314521,2.73987103,68.2524163556969,34532429.0,Lower middle income
ALB,EUR,Europe,2000,73.68285742,639.61541748,0.0,100.0,18.0,Albania,6582.01638790869,5.87429667,41.6135829609314,3089027.0,Upper middle income
ALB,EUR,Europe,2001,76.04202157,469.765686035,0.0,100.0,15.0,Albania,7232.99054955267,5.8561573,42.354513990929,3060173.0,Upper middle income
ALB,EUR,Europe,2002,75.48885772,516.265075684,0.0,100.0,15.8,Albania,7590.49000137636,5.59802675,43.1520419609419,3051010.0,Upper middle income
ALB,EUR,Europe,2003,74.94215534,572.803039551,0.0,100.0,16.6,Albania,8025.28131314895,5.84188986,44.0295089223208,3039616.0,Upper middle income
ALB,EUR,Europe,2004,75.42557931,549.340759277,0.0,100.0,16.1,Albania,8483.29399553028,5.82433939,44.9784925669394,3026939.0,Upper middle income
ALB,EUR,Europe,2005,74.20683098,587.406005859,0.0,100.0,19.4,Albania,8964.31799702863,5.6621623,45.9937666920583,3011487.0,Upper middle income
ALB,EUR,Europe,2006,74.22366059,582.858886719,0.0,100.0,20.5,Albania,9564.02920336839,5.56553745,47.0701050949378,2992547.0,Upper middle income
ALB,EUR,Europe,2007,74.53678554,569.880493164,0.0,100.0,20.4,Albania,10262.9667962049,5.85639858,48.2022815728384,2970017.0,Upper middle income
ALB,EUR,Europe,2008,74.9883157,549.592590332,0.0,100.0,20.0,Albania,11056.3517677907,5.44421673,49.3850699230207,2947314.0,Upper middle income
ALB,EUR,Europe,2009,75.55770059,527.154907227,0.0,100.0,19.5,Albania,11430.6220336089,5.75751925,50.6132439427449,2927519.0,Upper middle income
ALB,EUR,Europe,2010,76.21290189,499.185333252,0.0,100.0,18.9,Albania,11829.0532917923,6.16333199,51.8815774292716,2913021.0,Upper middle income
ALB,EUR,Europe,2011,76.61868023,482.236053467,0.0,100.0,18.7,Albania,12153.1140578808,6.11026192,53.2917382892465,2905195.0,Upper middle income
ALB,EUR,Europe,2012,77.34194982,501.073455811,0.0,100.0,14.0,Albania,12463.5700560026,6.08504725,53.8637553661449,2860708.0,Upper middle income
ALB,EUR,Europe,2013,77.77410839,481.022338867,0.0,100.0,13.5,Albania,12873.4832044649,6.20897436,54.2979678058548,2816902.0,Upper middle income
ALB,EUR,Europe,2014,78.01445206,479.410217285,0.0,100.0,13.2,Albania,13366.5595256489,6.35884142,54.7325813178673,2773767.0,Upper middle income
ALB,EUR,Europe,2015,77.76638448,510.094970703,0.0,200.0,13.3,Albania,13876.81917653,6.38810158,55.1579291374894,2731293.0,Upper middle income
ALB,EUR,Europe,2016,77.87870915,527.899475098,0.0,200.0,12.5,Albania,14643.4892877063,6.65018797,55.5738734464276,2689469.0,Upper middle income
ALB,EUR,Europe,2017,77.91038596,552.737121582,0.0,200.0,12.0,Albania,15359.4611530571,6.50111914,55.980276426546,2648285.0,Upper middle income
ALB,EUR,Europe,2018,77.93851855,579.153137207,0.0,200.0,11.6,Albania,16170.990493278,6.59002447,56.377000259892,2607733.0,Upper middle income
ALB,EUR,Europe,2019,77.9406744,606.845397949,0.0,200.0,11.3,Albania,16761.1925261726,6.78144073,56.7639071287255,2567801.0,Upper middle income
ALB,EUR,Europe,2020,76.53104591,632.621337891,0.0,200.0,10.4,Albania,16457.7872245882,7.46513748,57.1408592155544,2528480.0,Upper middle income
ALB,EUR,Europe,2021,76.39089034,415.686431885,0.0,200.0,10.0,Albania,18212.8702466686,7.35750389,57.5077187031778,2489762.0,Upper middle income
ARE,EMR,Eastern Mediterranean,2000,78.11838329,407.325836182,0.0,100.0,11.6,United Arab Emirates,95390.7013642316,2.39504457,79.287092479995,3493575.0,High income
ARE,EMR,Eastern Mediterranean,2001,78.27568092,395.488464355,0.0,100.0,11.2,United Arab Emirates,90750.3469329386,2.48436403,79.7469002624215,3723590.0,High income
ARE,EMR,Eastern Mediterranean,2002,78.35124382,395.437683105,0.0,100.0,11.5,United Arab Emirates,87479.2448897115,2.71770859,80.2705602850306,3956826.0,High income
ARE,EMR,Eastern Mediterranean,2003,78.5604186,379.539215088,0.0,100.0,10.7,United Arab Emirates,89828.555395832,2.64634395,80.8489432668434,4192457.0,High income
ARE,EMR,Eastern Mediterranean,2004,78.88949949,371.324798584,0.0,100.0,10.4,United Arab Emirates,93166.1449767722,2.46225643,81.4729199268812,4428967.0,High income
ARE,EMR,Eastern Mediterranean,2005,79.38497277,353.179779053,0.0,100.0,9.8,United Arab Emirates,92750.9148604289,2.3202107,82.2122832763517,4664790.0,High income
ARE,EMR,Eastern Mediterranean,2006,80.09096187,327.592681885,0.0,100.0,9.3,United Arab Emirates,94872.5391985501,2.3254137,82.5588968646829,5009100.0,High income
ARE,EMR,Eastern Mediterranean,2007,80.5952165,306.387298584,0.0,100.0,8.5,United Arab Emirates,87180.6059048658,2.56602693,82.758608500318,5624635.0,High income
ARE,EMR,Eastern Mediterranean,2008,80.7993244,296.751434326,0.0,100.0,7.7,United Arab Emirates,80285.1852028705,2.92857623,82.9658963549658,6302664.0,High income
ARE,EMR,Eastern Mediterranean,2009,80.73659279,306.531066895,0.0,100.0,7.6,United Arab Emirates,71488.9909603622,4.05000162,83.1701992996163,6707058.0,High income
ARE,EMR,Eastern Mediterranean,2010,80.45344335,331.668182373,0.0,100.0,8.0,United Arab Emirates,70913.778039508,3.74433136,83.3714299144178,6869838.0,High income
ARE,EMR,Eastern Mediterranean,2011,80.25767057,347.04586792,0.0,100.0,8.3,United Arab Emirates,73190.3973792075,3.56666398,83.5695007795347,7104538.0,High income
ARE,EMR,Eastern Mediterranean,2012,80.30618497,352.52947998,0.0,100.0,8.3,United Arab Emirates,73644.0532143257,3.33596373,83.7643244751488,7391448.0,High income
ARE,EMR,Eastern Mediterranean,2013,80.56393138,345.738952637,0.0,100.0,8.3,United Arab Emirates,74237.2214478496,3.50222182,83.9558135814626,7693031.0,High income
ARE,EMR,Eastern Mediterranean,2014,80.64754288,344.342834473,0.0,100.0,8.4,United Arab Emirates,74145.1093706462,3.53405499,84.1438806787019,8059440.0,High income
ARE,EMR,Eastern Mediterranean,2015,80.71356774,344.33493042,0.0,100.0,8.4,United Arab Emirates,75238.5539913477,3.46609354,84.3284383471193,8505237.0,High income
ARE,EMR,Eastern Mediterranean,2016,80.78348374,345.427398682,0.0,100.0,8.4,United Arab Emirates,75671.0564378596,3.89580107,84.5093991669984,8935095.0,High income
ARE,EMR,Eastern Mediterranean,2017,80.92702059,344.215332031,0.0,100.0,8.6,United Arab Emirates,72529.0571050174,4.00854969,84.686675718659,9223225.0,High income
ARE,EMR,Eastern Mediterranean,2018,81.16639668,337.043029785,0.0,100.0,8.7,United Arab Emirates,72671.0652349751,4.09854221,84.8601805824625,9346701.0,High income
ARE,EMR,Eastern Mediterranean,2019,81.41096307,328.664886475,0.0,100.0,8.7,United Arab Emirates,72822.969940695,4.40291262,85.0298263388195,9445785.0,High income
ARE,EMR,Eastern Mediterranean,2020,80.1312721,335.114379883,0.0,100.0,9.6,United Arab Emirates,66808.6477560191,5.82477045,85.1955255681984,9401038.0,High income
ARE,EMR,Eastern Mediterranean,2021,78.30645695,431.999847412,0.0,100.0,11.6,United Arab Emirates,68580.1485423483,5.30494308,85.3571908511355,9575152.0,High income
ARG,AMR,Americas,2000,74.28695107,528.13873291,0.0,5700.0,20.0,Argentina,22281.3814299958,8.22001076,89.1760271133454,37213984.0,Upper middle income
ARG,AMR,Americas,2001,74.27061688,527.401550293,0.0,5700.0,19.7,Argentina,21066.4581290433,8.26966286,89.3682951289372,37624825.0,Upper middle income
ARG,AMR,Americas,2002,74.2583112,524.669372559,0.0,5700.0,19.8,Argentina,18571.7020471274,7.33203077,89.5616701920513,38029349.0,Upper middle income
ARG,AMR,Americas,2003,74.25492535,528.519592285,1.0,5600.0,19.5,Argentina,20005.1385113465,6.92670012,89.752468256564,38424282.0,Upper middle income
ARG,AMR,Americas,2004,74.90566583,502.993560791,0.0,5600.0,18.8,Argentina,21591.449396517,7.09477043,89.9397208794212,38815916.0,Upper middle income
ARG,AMR,Americas,2005,75.25530861,488.511810303,0.0,5600.0,18.3,Argentina,23262.4075792816,7.73392439,90.1233737736072,39216789.0,Upper middle income
ARG,AMR,Americas,2006,75.5327089,473.588775635,0.0,5600.0,17.8,Argentina,24877.2493922296,7.70940399,90.3033726521064,39622115.0,Upper middle income
ARG,AMR,Americas,2007,75.05610078,495.248535156,0.0,5500.0,18.2,Argentina,26850.6645932771,7.86196613,90.4796632279031,40016763.0,Upper middle income
ARG,AMR,Americas,2008,75.69496821,465.827026367,0.0,5500.0,17.4,Argentina,27658.4853446831,8.24087811,90.6521912139817,40424148.0,Upper middle income
ARG,AMR,Americas,2009,75.85194237,457.18270874,0.0,5500.0,17.3,Argentina,25747.1976809995,9.56852913,90.8209023233265,40854831.0,Upper middle income
ARG,AMR,Americas,2010,75.76938267,468.382110596,0.0,5400.0,17.3,Argentina,28056.2570212342,9.4852438,90.9930051940977,41288694.0,Upper middle income
ARG,AMR,Americas,2011,75.94927296,458.663787842,0.0,5400.0,17.1,Argentina,29425.7593876084,9.51042366,91.1072286738406,41730660.0,Upper middle income
ARG,AMR,Americas,2012,76.1760553,451.231323242,0.0,5400.0,16.9,Argentina,28825.9666865361,9.8851881,91.2041217246797,42161721.0,Upper middle income
ARG,AMR,Americas,2013,76.20888199,443.149597168,0.0,5400.0,16.6,Argentina,29227.6601818437,9.92091465,91.3014507719473,42582455.0,Upper middle income
ARG,AMR,Americas,2014,76.51452536,431.945648193,0.0,5300.0,16.0,Argentina,28200.8152571318,9.79773045,91.3975345472954,43024071.0,Upper middle income
ARG,AMR,Americas,2015,76.5300965,436.33291626,0.0,5300.0,16.2,Argentina,28669.2061336796,10.27364159,91.4923019108628,43477012.0,Upper middle income
ARG,AMR,Americas,2016,76.12474817,447.941436768,0.0,5300.0,16.5,Argentina,27802.1057201498,10.05355549,91.5856817228217,43900313.0,Upper middle income
ARG,AMR,Americas,2017,76.64354126,426.314483643,0.0,5200.0,15.9,Argentina,28334.904184742,10.26057911,91.6776028433824,44288894.0,Upper middle income
ARG,AMR,Americas,2018,76.88825006,417.454345703,0.0,5200.0,15.7,Argentina,27367.115094108,10.17289257,91.7679941327998,44654882.0,Upper middle income
ARG,AMR,Americas,2019,77.01582731,415.504150391,0.0,5200.0,15.6,Argentina,26629.5529419501,10.11911297,91.8567844513802,44973465.0,Upper middle income
ARG,AMR,Americas,2020,76.22884718,385.487823486,0.0,5100.0,14.7,Argentina,23877.0931404855,10.67246342,91.9439026594897,45191965.0,Upper middle income
ARG,AMR,Americas,2021,74.56898059,397.000549316,0.0,5100.0,13.4,Argentina,26300.274261175,11.00910187,92.0292776175651,45312281.0,Upper middle income
ARM,EUR,Europe,2000,71.62172824,735.411132813,0.0,100.0,27.5,Armenia,4589.00825039977,4.19581175,64.959237917436,3221100.0,Upper middle income
ARM,EUR,Europe,2001,71.79061149,723.648925781,0.0,100.0,27.3,Armenia,5044.11647826468,4.64563894,64.8228123790872,3211800.0,Upper middle income
ARM,EUR,Europe,2002,71.58333169,767.368408203,0.0,100.0,27.3,Armenia,5731.35346609213,7.61358786,64.7396211980252,3199800.0,Upper middle income
ARM,EUR,Europe,2003,71.70802942,768.248657227,0.0,200.0,27.1,Armenia,6569.26023440631,7.17936182,64.6663537455064,3182500.0,Upper middle income
ARM,EUR,Europe,2004,72.03083518,733.439697266,0.0,200.0,26.8,Armenia,7299.40001858866,6.05510139,64.5972633621116,3164900.0,Upper middle income
ARM,EUR,Europe,2005,72.0754129,732.444213867,0.0,200.0,26.5,Armenia,8362.90084037119,5.8618803,64.5334210637509,3146400.0,Upper middle income
ARM,EUR,Europe,2006,72.0117653,719.793884277,0.0,500.0,26.5,Armenia,9525.23146779778,5.85007095,64.4758978663344,3127100.0,Upper middle income
ARM,EUR,Europe,2007,72.53070418,702.834228516,0.0,500.0,25.6,Armenia,10898.8483795634,5.49814034,64.4257647857723,3107400.0,Upper middle income
ARM,EUR,Europe,2008,72.48685716,704.938781738,0.0,500.0,26.2,Armenia,11727.4821272949,6.63976622,64.3840928379746,3087100.0,Upper middle income
ARM,EUR,Europe,2009,72.73278531,700.569213867,0.0,500.0,25.7,Armenia,10143.2350796867,8.44377708,64.3519530388516,3066000.0,Upper middle income
ARM,EUR,Europe,2010,73.01384261,689.658874512,0.0,500.0,24.8,Armenia,10438.5641904169,9.23538303,64.3304164043132,3044800.0,Upper middle income
ARM,EUR,Europe,2011,73.30611739,672.700195313,0.0,500.0,23.7,Armenia,10990.177099035,9.37588882,64.3207449145194,3027900.0,Upper middle income
ARM,EUR,Europe,2012,73.66922093,653.91583252,0.0,500.0,23.7,Armenia,11796.2741177994,9.13455009,64.3268379506998,3024100.0,Upper middle income
ARM,EUR,Europe,2013,74.18785118,633.206542969,0.0,500.0,22.7,Armenia,12194.0189523843,10.32345009,64.3584061131466,3022000.0,Upper middle income
ARM,EUR,Europe,2014,74.19757704,639.637573242,0.0,500.0,22.3,Armenia,12667.3757330249,10.17827892,64.4142934233291,3013800.0,Upper middle income
ARM,EUR,Europe,2015,74.27859114,628.041748047,0.0,500.0,22.2,Armenia,13112.7600902915,10.11762714,64.4929623431549,3004600.0,Upper middle income
ARM,EUR,Europe,2016,74.40594896,626.032958984,0.0,500.0,21.6,Armenia,13192.9940731731,9.95194912,64.5928753345316,2992300.0,Upper middle income
ARM,EUR,Europe,2017,75.18435169,596.589111328,0.0,510.0,21.3,Armenia,14243.8749003795,10.36270332,64.7124948593667,2979400.0,Upper middle income
ARM,EUR,Europe,2018,75.62030513,550.129089355,0.0,520.0,20.1,Armenia,15037.0452420712,10.00543404,64.8502833795679,2969000.0,Upper middle income
ARM,EUR,Europe,2019,75.66635568,556.741027832,0.0,530.0,20.2,Armenia,16215.3607965094,11.3798008,65.0047033570428,2962500.0,Upper middle income
ARM,EUR,Europe,2020,69.32859192,616.969299316,0.0,540.0,21.3,Armenia,15052.9359791136,12.24056244,65.174217253699,2961500.0,Upper middle income
ARM,EUR,Europe,2021,72.98458202,593.336364746,0.0,550.0,20.6,Armenia,15921.705281964,12.32268524,65.3572875314441,2962300.0,Upper middle income
ATG,AMR,Americas,2000,74.39228457,552.133483887,0.0,0.0,19.0,Antigua and Barbuda,25547.6120273679,4.3239274,32.2326072041227,74912.0,High income
ATG,AMR,Americas,2001,74.69656338,531.665466309,0.0,0.0,18.2,Antigua and Barbuda,24014.7754593511,4.95880318,31.7554348168059,76069.0,High income
ATG,AMR,Americas,2002,74.99067045,528.103271484,0.0,0.0,19.0,Antigua and Barbuda,23958.1638142071,4.79512262,31.2280374899146,77032.0,High income
ATG,AMR,Americas,2003,75.21279447,539.6328125,0.0,0.0,18.5,Antigua and Barbuda,25136.001691807,5.04073191,30.6003743426951,77884.0,High income
ATG,AMR,Americas,2004,75.37748429,525.056884766,0.0,0.0,18.2,Antigua and Barbuda,26303.6179046605,4.58488464,29.905566716031,78719.0,High income
ATG,AMR,Americas,2005,75.53604558,519.118591309,0.0,0.0,17.3,Antigua and Barbuda,27692.634871178,4.46260214,29.1737995723752,79611.0,High income
ATG,AMR,Americas,2006,75.54507792,509.577423096,0.0,0.0,17.4,Antigua and Barbuda,30827.3416754916,4.11220551,28.43525787418,80604.0,High income
ATG,AMR,Americas,2007,74.95910853,538.539489746,0.0,0.0,19.8,Antigua and Barbuda,33245.2678606765,3.92354655,27.7201265838981,81704.0,High income
ATG,AMR,Americas,2008,75.05552794,528.656860352,0.0,0.0,19.3,Antigua and Barbuda,32756.3067839753,3.69396091,27.0585906639822,82912.0,High income
ATG,AMR,Americas,2009,75.51285045,501.151245117,0.0,0.0,17.8,Antigua and Barbuda,28405.6900929523,3.69979143,26.4808350768849,84173.0,High income
ATG,AMR,Americas,2010,75.57823922,499.748535156,0.0,0.0,17.0,Antigua and Barbuda,25826.6086383235,4.75770044,26.0170447850587,85320.0,High income
ATG,AMR,Americas,2011,75.62067241,509.152404785,0.0,0.0,16.3,Antigua and Barbuda,25023.9174488179,4.81000614,25.694689859722,86332.0,High income
ATG,AMR,Americas,2012,75.66312684,511.594512939,0.0,0.0,16.6,Antigua and Barbuda,25592.9066121735,4.81754541,25.4555618588267,87260.0,High income
ATG,AMR,Americas,2013,75.71757904,512.100280762,0.0,0.0,17.1,Antigua and Barbuda,25206.8458285339,4.9103117,25.2475667667937,88064.0,High income
ATG,AMR,Americas,2014,75.59206584,513.579223633,0.0,0.0,17.9,Antigua and Barbuda,25557.5249124716,5.32218313,25.0899726107741,88765.0,High income
ATG,AMR,Americas,2015,75.61540401,523.299926758,0.0,0.0,18.2,Antigua and Barbuda,25734.1516444171,4.90963078,25.0,89409.0,High income
ATG,AMR,Americas,2016,75.54812509,528.070068359,0.0,0.0,18.1,Antigua and Barbuda,26627.71453894,4.93979549,24.9239807471655,89969.0,High income
ATG,AMR,Americas,2017,75.565575,538.352111816,0.0,0.0,17.7,Antigua and Barbuda,27199.1952402262,4.66318989,24.8500263836871,90468.0,High income
ATG,AMR,Americas,2018,75.62352245,539.471130371,0.0,0.0,17.9,Antigua and Barbuda,28878.6067675471,4.6865654,24.7781432093764,90926.0,High income
ATG,AMR,Americas,2019,75.65878463,546.473693848,0.0,0.0,18.5,Antigua and Barbuda,29651.8641526705,4.27709961,24.708337524045,91364.0,High income
ATG,AMR,Americas,2020,77.61326031,437.901153564,0.0,0.0,15.0,Antigua and Barbuda,23930.6714995115,5.68408012,24.6406156275043,91846.0,High income
ATG,AMR,Americas,2021,76.91527032,389.697296143,0.0,0.0,12.1,Antigua and Barbuda,25745.4958067746,4.81315422,24.574983819566,92349.0,High income
AUS,WPR,Western Pacific,2000,79.69831946,385.908081055,0.0,760.0,13.0,Australia,45099.0752097084,7.58869076,85.1071608578257,19028802.0,High income
AUS,WPR,Western Pacific,2001,80.12984228,371.934234619,0.0,810.0,12.6,Australia,45428.2000837579,7.67391729,85.1481094164726,19274701.0,High income
AUS,WPR,Western Pacific,2002,80.19005718,370.62512207,0.0,850.0,12.3,Australia,46688.3947760633,7.87221003,85.2842102783464,19495210.0,High income
AUS,WPR,Western Pacific,2003,80.56634063,356.175598145,0.0,890.0,11.8,Australia,47581.2285345879,7.87659502,85.4097077818668,19720737.0,High income
AUS,WPR,Western Pacific,2004,80.75565777,350.070709229,0.0,930.0,11.5,Australia,49061.2761503925,8.08257675,85.518767609412,19932722.0,High income
AUS,WPR,Western Pacific,2005,80.84134964,348.734924316,0.0,950.0,11.4,Australia,49997.0664953941,7.9648633,85.6190871221958,20176844.0,High income
AUS,WPR,Western Pacific,2006,81.04245453,341.827545166,0.0,980.0,10.9,Australia,50693.7248649798,7.97161102,85.7492544263523,20450966.0,High income
AUS,WPR,Western Pacific,2007,81.37282665,332.244018555,0.0,990.0,10.7,Australia,51663.2403953881,8.0517149,85.8968519574969,20827622.0,High income
AUS,WPR,Western Pacific,2008,81.32192176,336.795166016,0.0,1000.0,10.5,Australia,52473.3819160773,8.24737453,86.0253816967666,21249199.0,High income
AUS,WPR,Western Pacific,2009,81.75260531,320.663848877,0.0,1000.0,10.1,Australia,52407.9115378584,8.54273987,86.1278139101818,21691653.0,High income
AUS,WPR,Western Pacific,2010,81.91408232,314.668884277,0.0,1000.0,9.9,Australia,52739.2681556133,8.4193306,86.2198600512143,22031750.0,High income
AUS,WPR,Western Pacific,2011,81.93172968,314.58770752,0.0,1000.0,9.8,Australia,53257.0473237603,8.53425312,86.3268946146423,22340024.0,High income
AUS,WPR,Western Pacific,2012,82.27247326,303.239013672,0.0,1000.0,9.4,Australia,54403.8836902433,8.67020702,86.4451259136625,22733465.0,High income
AUS,WPR,Western Pacific,2013,82.46342447,297.732666016,0.0,980.0,9.4,Australia,54895.0052588984,8.7465601,86.5740515760243,23128129.0,High income
AUS,WPR,Western Pacific,2014,82.36885018,299.55065918,0.0,950.0,9.3,Australia,55489.068844146,9.82833862,86.7221289343356,23475686.0,High income
AUS,WPR,Western Pacific,2015,82.287472,301.135162354,0.0,920.0,9.3,Australia,55879.9958817103,10.13642025,86.8778642539361,23815995.0,High income
AUS,WPR,Western Pacific,2016,82.59341791,292.111083984,0.0,880.0,9.0,Australia,56529.951824687,10.08958244,87.0166295249235,24190907.0,High income
AUS,WPR,Western Pacific,2017,82.67971308,287.114471436,0.0,840.0,8.7,Australia,56881.8569859104,10.10880566,87.12809266445,24592588.0,High income
AUS,WPR,Western Pacific,2018,83.02313357,279.710021973,0.0,790.0,8.7,Australia,57647.8455068105,10.08907509,87.2267680845925,24963258.0,High income
AUS,WPR,Western Pacific,2019,82.64234014,288.038513184,0.0,730.0,9.0,Australia,58048.6188420831,10.25421429,87.3019647888406,25334826.0,High income
AUS,WPR,Western Pacific,2020,83.36758916,268.753387451,0.0,660.0,8.3,Australia,57260.4650530108,10.70324135,87.2713470458985,25649248.0,High income
AUS,WPR,Western Pacific,2021,83.10183853,275.796661377,0.0,580.0,8.3,Australia,58327.4146842325,10.51612186,87.2353407632761,25685412.0,High income
AUT,EUR,Europe,2000,78.17598734,453.126617432,0.0,0.0,15.3,Austria,53534.3421055422,9.38934517,66.7690238969566,8011566.0,High income
AUT,EUR,Europe,2001,78.64264138,435.791717529,0.0,0.0,14.7,Austria,54032.1515612712,9.45243549,66.8408161285718,8042293.0,High income
AUT,EUR,Europe,2002,78.70354232,435.818328857,0.0,0.0,13.9,Austria,54565.0769851287,9.59139919,66.8887457136458,8081957.0,High income
AUT,EUR,Europe,2003,78.62740132,438.131103516,0.0,0.0,13.7,Austria,54919.7872512396,9.69844246,66.9263574955092,8121423.0,High income
AUT,EUR,Europe,2004,79.11359324,417.13873291,0.0,0.0,13.2,Austria,55980.2317146013,9.81532383,66.9558612872944,8171966.0,High income
AUT,EUR,Europe,2005,79.32619587,406.637115479,0.0,0.0,12.8,Austria,56890.2794433829,9.71779728,66.9797950654143,8227829.0,High income
AUT,EUR,Europe,2006,79.80520182,391.940795898,0.0,0.0,12.5,Austria,58460.2370782474,9.64073944,67.0006968062814,8268641.0,High income
AUT,EUR,Europe,2007,80.0322621,383.16506958,0.0,0.0,12.3,Austria,60470.9099906715,9.60482597,67.0211044863084,8295487.0,High income
AUT,EUR,Europe,2008,80.26667316,375.766906738,0.0,0.0,12.1,Austria,61157.9873105684,9.83415222,67.0435560819078,8321496.0,High income
AUT,EUR,Europe,2009,80.12103248,381.384002686,0.0,0.0,12.4,Austria,58810.4422020872,10.31152916,67.0705895694924,8343323.0,High income
AUT,EUR,Europe,2010,80.39157197,371.256988525,0.0,0.0,12.4,Austria,59730.5512005635,10.31620026,67.1047429254747,8363404.0,High income
AUT,EUR,Europe,2011,80.73795859,359.612976074,0.0,0.0,12.2,Austria,61272.2584397775,10.1370182,67.1484255415056,8391643.0,High income
AUT,EUR,Europe,2012,80.71875852,363.886291504,0.0,0.0,12.0,Austria,61376.7207131054,10.30198097,67.2085909812279,8429991.0,High income
AUT,EUR,Europe,2013,80.91227276,358.814239502,0.0,0.0,11.8,Austria,60863.0547666965,10.40574837,67.2981308784247,8479823.0,High income
AUT,EUR,Europe,2014,81.23527679,346.581115723,0.0,0.0,11.7,Austria,60845.6597729815,10.51159096,67.4154327591781,8546356.0,High income
AUT,EUR,Europe,2015,80.98621911,354.99697876,0.0,0.0,11.6,Austria,60951.6892510507,10.51688385,67.5576175537383,8642699.0,High income
AUT,EUR,Europe,2016,81.38820091,340.832885742,0.0,0.0,11.2,Austria,61572.7121353063,10.51713753,67.7218061923556,8736668.0,High income
AUT,EUR,Europe,2017,81.38857295,340.259460449,0.0,0.0,10.8,Austria,62535.8983176843,10.57132816,67.9051196052802,8797566.0,High income
AUT,EUR,Europe,2018,81.42361625,337.538665771,0.0,0.0,10.9,Austria,63778.0257051746,10.5157156,68.1046787227623,8840521.0,High income
AUT,EUR,Europe,2019,81.64847998,328.505950928,0.0,0.0,10.3,Austria,64609.374295614,10.62530422,68.3176044750522,8879920.0,High income
AUT,EUR,Europe,2020,81.08512036,329.269683838,0.0,0.0,10.1,Austria,60276.4153459141,11.41292953,68.5410177924001,8916864.0,High income
AUT,EUR,Europe,2021,80.99297519,325.564147949,0.0,0.0,9.9,Austria,62968.9422311892,12.185215,68.773601700253,8955797.0,High income
AZE,EUR,Europe,2000,65.23458004,908.968200684,0.0,910.0,34.5,Azerbaijan,5656.92989378687,2.94891715,51.1320838928223,8048600.0,Upper middle income
AZE,EUR,Europe,2001,66.31096148,843.651428223,0.0,920.0,32.7,Azerbaijan,6168.98512059749,2.774194,51.1584815979004,8111200.0,Upper middle income
AZE,EUR,Europe,2002,66.7152002,857.525085449,0.0,890.0,32.2,Azerbaijan,6701.08174444207,2.73097301,51.2144165039062,8171950.0,Upper middle income
AZE,EUR,Europe,2003,66.74212235,883.806396484,0.0,870.0,32.9,Azerbaijan,7329.40601818943,2.72699213,51.7257995605469,8234100.0,Upper middle income
AZE,EUR,Europe,2004,67.38631087,859.31262207,0.0,840.0,31.9,Azerbaijan,7937.8594791002,2.65944242,52.2831993103027,8306500.0,Upper middle income
AZE,EUR,Europe,2005,67.44595807,875.835571289,0.0,810.0,32.7,Azerbaijan,10054.1003389401,2.22960997,52.5028533935547,8391850.0,Upper middle income
AZE,EUR,Europe,2006,67.63797731,951.596069336,0.0,810.0,32.6,Azerbaijan,13371.6585214534,2.07059145,52.6540145874023,8484550.0,Upper middle income
AZE,EUR,Europe,2007,69.26431968,794.340393066,0.0,790.0,29.0,Azerbaijan,16587.3657240228,1.99422264,52.8281555175781,8581300.0,Upper middle income
AZE,EUR,Europe,2008,68.71279885,886.844238281,0.0,790.0,30.4,Azerbaijan,17963.0208126838,2.04814458,53.063304901123,8763400.0,Upper middle income
AZE,EUR,Europe,2009,69.37470529,844.50402832,0.0,790.0,28.7,Azerbaijan,19242.3900077231,2.76541352,53.1358125434574,8947243.0,Upper middle income
AZE,EUR,Europe,2010,69.81386619,822.992126465,0.0,760.0,27.5,Azerbaijan,19925.3900662137,2.64634848,53.2848367714869,9054332.0,Upper middle income
AZE,EUR,Europe,2011,70.38906117,795.558837891,0.0,740.0,26.2,Azerbaijan,19358.0778100345,2.59547186,53.5085461893249,9173082.0,Upper middle income
AZE,EUR,Europe,2012,71.2113018,753.723632813,0.0,700.0,25.2,Azerbaijan,19523.3737161356,3.15682149,53.8076442276208,9295784.0,Upper middle income
AZE,EUR,Europe,2013,72.08992478,706.105957031,0.0,670.0,23.6,Azerbaijan,20398.6462250349,3.22551084,54.1821087431318,9416801.0,Upper middle income
AZE,EUR,Europe,2014,72.71925019,673.754943848,0.0,640.0,22.7,Azerbaijan,20709.201611232,3.58703041,54.6319175926151,9535079.0,Upper middle income
AZE,EUR,Europe,2015,73.62700051,617.124633789,0.0,600.0,21.3,Azerbaijan,20678.7539572375,4.34131384,55.1570486328276,9649341.0,Upper middle income
AZE,EUR,Europe,2016,73.96997105,608.524353027,0.0,540.0,21.1,Azerbaijan,19822.4105943941,4.42241955,55.7574797205266,9757812.0,Upper middle income
AZE,EUR,Europe,2017,74.6254737,573.313781738,0.0,570.0,20.9,Azerbaijan,19659.0048562768,4.07396507,56.4331887124691,9854033.0,Upper middle income
AZE,EUR,Europe,2018,75.13145241,556.108215332,0.0,570.0,19.9,Azerbaijan,19781.8509058437,3.83661342,57.1841534654123,9939771.0,Upper middle income
AZE,EUR,Europe,2019,75.79966602,519.875976563,0.0,540.0,19.3,Azerbaijan,20101.491875147,4.18188763,58.1308191977779,10024283.0,Upper middle income
AZE,EUR,Europe,2020,71.43112767,563.270202637,0.0,500.0,21.6,Azerbaijan,19126.096851126,5.84817696,58.2934691761937,10093121.0,Upper middle income
AZE,EUR,Europe,2021,72.9129401,452.695526123,0.0,500.0,17.4,Azerbaijan,20111.3756952109,4.68526697,58.3659969744818,10137750.0,Upper middle income
BDI,AFR,Africa,2000,44.3609182,879.424987793,11803.0,8000.0,34.1,Burundi,1033.47188177042,4.22181606,8.04381449833197,6470194.0,Low income
BDI,AFR,Africa,2001,45.560229,847.806396484,11872.0,7700.0,32.7,Burundi,1028.61849315822,5.68180418,8.24107308668089,6634365.0,Low income
BDI,AFR,Africa,2002,46.77202104,819.50769043,10803.0,6700.0,31.4,Burundi,1044.4802745003,5.34983587,8.45108277415092,6824132.0,Low income
BDI,AFR,Africa,2003,47.93043118,796.200195313,9311.0,6400.0,30.4,Burundi,999.615791221936,5.27245188,8.67614339385788,7043154.0,Low income
BDI,AFR,Africa,2004,49.43158352,783.614685059,8155.0,5900.0,29.7,Burundi,1009.58916929728,7.09572744,8.9185547789176,7310656.0,Low income
BDI,AFR,Africa,2005,50.9090504,752.129089355,6993.0,5300.0,28.4,Burundi,981.533210986845,7.56016588,9.1806167624459,7587299.0,Low income
BDI,AFR,Africa,2006,54.95514765,729.083312988,6335.0,5300.0,27.3,Burundi,998.069458519996,8.71264839,9.4646291775586,7865547.0,Low income
BDI,AFR,Africa,2007,56.45412415,697.084472656,5559.0,5000.0,26.1,Burundi,994.963590921008,9.1855402,9.77289185737152,8161874.0,Low income
BDI,AFR,Africa,2008,57.79081906,675.745727539,4935.0,5000.0,25.3,Burundi,1001.61751311947,7.74147511,10.1064353383035,8505637.0,Low income
BDI,AFR,Africa,2009,58.71584557,677.55456543,4675.0,4100.0,25.1,Burundi,988.19632868896,9.23238468,10.4979900434482,8947646.0,Low income
BDI,AFR,Africa,2010,59.59915923,676.853759766,4701.0,4500.0,25.0,Burundi,991.038897704986,11.28196716,10.9843097335487,9376444.0,Low income
BDI,AFR,Africa,2011,60.40539714,668.694824219,4751.0,3800.0,24.7,Burundi,994.691231245018,10.06996346,11.5616652230006,9717978.0,Low income
BDI,AFR,Africa,2012,61.17471181,664.482727051,5030.0,3500.0,24.6,Burundi,1002.27452805218,8.63756466,12.2244596804615,10071028.0,Low income
BDI,AFR,Africa,2013,61.79608792,662.643798828,5113.0,3100.0,24.5,Burundi,1014.5231007912,8.62834644,12.9670962745892,10439341.0,Low income
BDI,AFR,Africa,2014,62.32268744,658.325439453,5249.0,3000.0,24.5,Burundi,1022.29153627273,7.21081543,13.7839781740413,10799785.0,Low income
BDI,AFR,Africa,2015,62.7069542,648.507080078,5437.0,2800.0,24.1,Burundi,995.319068450023,6.29044485,14.6695085474754,11047580.0,Low income
BDI,AFR,Africa,2016,63.24117705,648.717346191,5779.0,2200.0,24.1,Burundi,1009.63596796379,7.06148243,15.6180905635494,11239451.0,Low income
BDI,AFR,Africa,2017,63.68241574,647.826416016,5911.0,1900.0,24.1,Burundi,1023.97040626757,6.95230389,16.6241273909209,11506762.0,Low income
BDI,AFR,Africa,2018,64.02759286,644.709350586,6418.0,1500.0,23.9,Burundi,1046.59511246023,7.29396152,17.6820221982475,11859446.0,Low income
BDI,AFR,Africa,2019,64.3185906,643.52532959,6477.0,1500.0,23.9,Burundi,1057.95005999167,9.05940628,18.786178154187,12255336.0,Low income
BDI,AFR,Africa,2020,64.59433751,647.992492676,7289.0,1400.0,24.1,Burundi,1030.77026419371,10.70776176,19.9309984273971,12617036.0,Low income
BDI,AFR,Africa,2021,64.00694993,670.23626709,7226.0,1500.0,24.8,Burundi,1035.53857384938,8.94190311,21.1108861865354,12965481.0,Low income
BEL,EUR,Europe,2000,77.67190502,443.911407471,0.0,510.0,15.4,Belgium,50455.7338920672,7.99917603,82.0152520403035,10251250.0,High income
BEL,EUR,Europe,2001,77.97358091,432.668182373,0.0,530.0,15.1,Belgium,50835.3969916061,8.14988899,82.3356893921976,10286570.0,High income
BEL,EUR,Europe,2002,78.01455674,436.348754883,0.0,550.0,15.0,Belgium,51471.8532550932,8.3182106,82.6509663267055,10332785.0,High income
BEL,EUR,Europe,2003,78.11449295,434.595214844,0.0,570.0,14.5,Belgium,51788.8439641973,9.18925285,82.9609538786731,10376133.0,High income
BEL,EUR,Europe,2004,78.79615664,407.280700684,0.0,590.0,13.7,Belgium,53406.6918625201,9.35496902,83.2655230829461,10421137.0,High income
BEL,EUR,Europe,2005,78.85239236,404.585968018,0.0,620.0,13.7,Belgium,54346.8934219286,9.25018311,83.5645449743707,10478617.0,High income
BEL,EUR,Europe,2006,79.23388393,389.180114746,0.0,630.0,13.4,Belgium,55367.6227467907,9.1325655,83.8578905877926,10547958.0,High income
BEL,EUR,Europe,2007,79.56569667,378.190002441,0.0,670.0,13.1,Belgium,56983.4612170062,9.1392889,84.1454309580577,10625700.0,High income
BEL,EUR,Europe,2008,79.56481171,378.167419434,0.0,690.0,13.2,Belgium,56787.7366257414,9.60036659,84.427037120012,10709973.0,High income
BEL,EUR,Europe,2009,79.82665275,368.298950195,0.0,700.0,12.9,Belgium,55258.7071019666,10.54393387,84.7025801085014,10796493.0,High income
BEL,EUR,Europe,2010,79.84805119,369.125213623,0.0,700.0,13.0,Belgium,56240.2030936239,10.41325188,84.9719309583717,10895586.0,High income
BEL,EUR,Europe,2011,80.16687766,357.522735596,0.0,690.0,12.6,Belgium,56585.3025000677,10.41302204,85.2349607044689,11038264.0,High income
BEL,EUR,Europe,2012,80.07118579,362.207794189,0.0,670.0,12.2,Belgium,56356.8251292135,10.5865345,85.4915403816388,11106932.0,High income
BEL,EUR,Europe,2013,80.32474948,352.692993164,0.0,630.0,11.9,Belgium,56263.1752679668,10.63787556,85.7415410247275,11159407.0,High income
BEL,EUR,Europe,2014,80.94130643,333.215881348,0.0,590.0,11.5,Belgium,57002.9092185204,10.62032604,85.9848336685807,11209057.0,High income
BEL,EUR,Europe,2015,80.70631194,340.896759033,0.0,550.0,11.5,Belgium,57509.0245728702,10.88387299,86.2212893480444,11274196.0,High income
BEL,EUR,Europe,2016,81.07460591,329.991729736,0.0,500.0,11.1,Belgium,57901.4976903148,10.89833736,86.4507790979645,11331422.0,High income
BEL,EUR,Europe,2017,81.1512532,324.714630127,0.0,500.0,10.6,Belgium,58529.3302957534,10.94042683,86.6731739531869,11375158.0,High income
BEL,EUR,Europe,2018,81.2494226,317.643981934,0.0,500.0,10.4,Belgium,59357.6896884394,10.9937973,86.8883449485575,11427054.0,High income
BEL,EUR,Europe,2019,81.60895006,307.360656738,0.0,500.0,10.0,Belgium,60479.9769955466,10.85831451,87.0961631189222,11488980.0,High income
BEL,EUR,Europe,2020,80.77564866,287.967346191,0.0,500.0,9.1,Belgium,57333.5424137922,11.46253014,87.2964994991269,11538604.0,High income
BEL,EUR,Europe,2021,81.5059627,283.809173584,0.0,500.0,9.2,Belgium,60669.2137746531,11.28825092,87.4305564090635,11586195.0,High income
BEN,AFR,Africa,2000,57.42109531,646.516418457,6403.0,6800.0,23.2,Benin,2536.16885867097,2.9591713,38.2759517258875,7221619.0,Lower middle income
BEN,AFR,Africa,2001,57.74456271,638.310852051,7608.0,6500.0,23.0,Benin,2591.06485220288,3.30417323,38.6186257669218,7445596.0,Lower middle income
BEN,AFR,Africa,2002,58.09380517,638.806335449,8583.0,6100.0,22.8,Benin,2630.18061029627,3.09589195,39.0035069872981,7675426.0,Lower middle income
BEN,AFR,Africa,2003,58.45855402,631.141784668,9850.0,5800.0,22.4,Benin,2639.04370114641,3.11678505,39.4169696013044,7913070.0,Lower middle income
BEN,AFR,Africa,2004,58.86876901,627.653442383,11380.0,5800.0,22.2,Benin,2672.84404357157,3.23273873,39.8525699078742,8159094.0,Lower middle income
BEN,AFR,Africa,2005,59.21023989,624.282287598,13391.0,5800.0,22.1,Benin,2632.47251454328,3.22345805,40.3097749006517,8426144.0,Lower middle income
BEN,AFR,Africa,2006,59.54016851,623.554626465,14527.0,5400.0,22.0,Benin,2652.21841967159,3.28773856,40.7877794072449,8693242.0,Lower middle income
BEN,AFR,Africa,2007,59.82688455,625.002929688,14084.0,5400.0,22.1,Benin,2729.13741390352,2.93715644,41.2857782552618,8953969.0,Lower middle income
BEN,AFR,Africa,2008,60.45115465,629.785522461,11839.0,4700.0,22.1,Benin,2777.61974031765,2.65178108,41.8029662723105,9228466.0,Lower middle income
BEN,AFR,Africa,2009,60.99409615,634.953918457,10426.0,4500.0,22.2,Benin,2758.07243150648,2.89953876,42.338538285999,9509423.0,Lower middle income
BEN,AFR,Africa,2010,61.3045144,638.85345459,9282.0,4100.0,22.4,Benin,2733.57399641151,3.01848245,42.8916891239353,9797484.0,Lower middle income
BEN,AFR,Africa,2011,61.56618181,642.794006348,8511.0,3800.0,22.5,Benin,2732.01249647957,2.99865556,43.4616136137276,10093623.0,Lower middle income
BEN,AFR,Africa,2012,61.81459199,642.968383789,8246.0,3700.0,22.7,Benin,2779.7264808532,3.07562971,44.0475065829838,10397657.0,Lower middle income
BEN,AFR,Africa,2013,62.11743236,636.781555176,8439.0,3700.0,22.4,Benin,2893.0467015352,2.86880755,44.6502883669319,10708834.0,Lower middle income
BEN,AFR,Africa,2014,62.37267295,632.738098145,8848.0,3300.0,22.3,Benin,2987.38236326153,2.69111967,45.2880529235999,11030004.0,Lower middle income
BEN,AFR,Africa,2015,62.62662,635.186218262,10069.0,2600.0,22.5,Benin,2952.00218338705,2.72813416,45.9407403257663,11360681.0,Lower middle income
BEN,AFR,Africa,2016,63.0021663,627.421630859,11244.0,2500.0,22.2,Benin,2962.66381572265,3.62042856,46.6094559006664,11697842.0,Lower middle income
BEN,AFR,Africa,2017,63.34863103,619.885559082,11265.0,2400.0,21.9,Benin,3041.77929984989,3.67389345,47.2942774880391,12039780.0,Lower middle income
BEN,AFR,Africa,2018,63.73859672,612.670837402,10715.0,2100.0,21.6,Benin,3155.4510650627,3.4364984,47.9952829275963,12383347.0,Lower middle income
BEN,AFR,Africa,2019,64.13827469,607.75567627,10732.0,2100.0,21.3,Benin,3281.10470051465,3.00206876,48.7125500590248,12726755.0,Lower middle income
BEN,AFR,Africa,2020,64.40363479,617.742797852,10320.0,1900.0,21.8,Benin,3317.8597222557,3.0512166,49.4461567219896,13070169.0,Lower middle income
BEN,AFR,Africa,2021,64.01268515,590.530090332,11115.0,1800.0,20.8,Benin,3464.2886286745,2.91589761,50.1961807561354,13413417.0,Lower middle income
BFA,AFR,Africa,2000,51.8877146,688.563720703,44696.0,11000.0,26.0,Burkina Faso,1428.57400617096,4.0211668,18.0003503329444,11925546.0,Low income
BFA,AFR,Africa,2001,52.3617692,691.173461914,45815.0,9800.0,26.0,Burkina Faso,1477.28491846525,3.95983911,18.8591452143893,12295001.0,Low income
BFA,AFR,Africa,2002,52.90685822,690.126586914,44881.0,9200.0,25.9,Burkina Faso,1494.67801269583,4.17985535,19.725053583448,12680897.0,Low income
BFA,AFR,Africa,2003,53.57987835,685.337158203,41606.0,8400.0,25.6,Burkina Faso,1561.83310184915,4.42266035,20.563327262892,13082532.0,Low income
BFA,AFR,Africa,2004,54.3424593,682.972045898,37437.0,7600.0,25.4,Burkina Faso,1581.25620933294,5.23083639,21.3392180754924,13500533.0,Low income
BFA,AFR,Africa,2005,55.19811279,680.431396484,33283.0,7000.0,25.2,Burkina Faso,1664.99543180023,4.83784914,22.0179778440204,13932123.0,Low income
BFA,AFR,Africa,2006,55.97968949,684.013000488,32809.0,6300.0,25.3,Burkina Faso,1714.76034904509,5.17043304,22.5528306908743,14373707.0,Low income
BFA,AFR,Africa,2007,56.71279625,680.379821777,33345.0,5700.0,25.2,Burkina Faso,1731.93046335077,5.77535009,22.9741760828193,14816307.0,Low income
BFA,AFR,Africa,2008,57.43072999,681.571105957,36065.0,5400.0,25.2,Burkina Faso,1779.32710911571,4.96721601,23.3633747838557,15258093.0,Low income
BFA,AFR,Africa,2009,58.06655977,684.30670166,38166.0,4900.0,25.3,Burkina Faso,1779.32305627973,5.19683933,23.7452325601116,15710066.0,Low income
BFA,AFR,Africa,2010,58.61217661,683.433349609,37944.0,4700.0,25.3,Burkina Faso,1873.97146230828,5.28967237,24.115092498158,16176498.0,Low income
BFA,AFR,Africa,2011,59.07175267,686.11895752,36043.0,4100.0,25.4,Burkina Faso,1939.86659989406,4.64868164,24.4682976845657,16661908.0,Low income
BFA,AFR,Africa,2012,59.51806294,691.041625977,31360.0,4000.0,25.5,Burkina Faso,2003.6646118745,4.60267258,24.8001912059054,17172287.0,Low income
BFA,AFR,Africa,2013,59.96461158,690.51574707,26341.0,3600.0,25.4,Burkina Faso,2057.0639319853,5.56331587,25.106116148748,17695409.0,Low income
BFA,AFR,Africa,2014,60.46448541,687.243164063,24153.0,3100.0,25.3,Burkina Faso,2083.19844698304,5.00027227,25.3814155996643,18229461.0,Low income
BFA,AFR,Africa,2015,60.94298433,686.623535156,21478.0,3500.0,25.3,Burkina Faso,2101.70266192027,5.13192415,25.621432645225,18777487.0,Low income
BFA,AFR,Africa,2016,61.35518157,687.012390137,18145.0,3300.0,25.2,Burkina Faso,2162.72578977814,5.95284653,25.821510372001,19334856.0,Low income
BFA,AFR,Africa,2017,61.8809308,679.041442871,17134.0,3200.0,24.9,Burkina Faso,2232.28781490944,6.12075186,25.9769918665632,19894407.0,Low income
BFA,AFR,Africa,2018,62.36096547,670.054382324,16604.0,3400.0,24.5,Burkina Faso,2316.39432079045,4.94427681,26.0832202154822,20438288.0,Low income
BFA,AFR,Africa,2019,62.61228276,658.280578613,16283.0,3000.0,24.1,Burkina Faso,2391.53626844484,5.35001135,26.1187254401157,20961952.0,Low income
BFA,AFR,Africa,2020,62.92621842,659.298828125,18937.0,2800.0,24.2,Burkina Faso,2380.93171826574,6.89469957,26.3578373628627,21478690.0,Low income
BFA,AFR,Africa,2021,62.29728841,638.616210938,16733.0,3100.0,23.4,Burkina Faso,2486.43093147762,7.08691931,26.8114307743017,21995243.0,Low income
BGD,SEAR,South-East Asia,2000,65.36178128,635.828125,484.0,500.0,24.7,Bangladesh,2712.93512215725,1.80504513,23.3145114975244,134544304.0,Lower middle income
BGD,SEAR,South-East Asia,2001,65.95954098,627.506164551,470.0,500.0,24.1,Bangladesh,2803.55471950946,1.77201855,23.6999214768623,136805810.0,Lower middle income
BGD,SEAR,South-East Asia,2002,66.35390682,636.768188477,598.0,600.0,24.0,Bangladesh,2866.43454328715,1.93417108,24.1132383547332,138933658.0,Lower middle income
BGD,SEAR,South-East Asia,2003,66.7835174,631.156982422,574.0,730.0,23.7,Bangladesh,2958.91503115633,1.96152198,24.5525557512625,140970351.0,Lower middle income
BGD,SEAR,South-East Asia,2004,67.36950715,606.563598633,505.0,830.0,23.2,Bangladesh,3071.83778764611,1.99854314,25.0094809886101,142902856.0,Lower middle income
BGD,SEAR,South-East Asia,2005,67.78759761,603.833557129,501.0,880.0,23.4,Bangladesh,3231.61370692891,2.05873919,25.4769540701509,144715786.0,Lower middle income
BGD,SEAR,South-East Asia,2006,68.09324389,614.612060547,508.0,880.0,23.9,Bangladesh,3407.4273502159,2.10646582,25.9479149992596,146405973.0,Lower middle income
BGD,SEAR,South-East Asia,2007,68.42856138,613.741516113,263.0,880.0,23.8,Bangladesh,3608.91543819399,2.17268491,26.415303779311,147989278.0,Lower middle income
BGD,SEAR,South-East Asia,2008,69.03267464,599.728515625,264.0,910.0,23.2,Bangladesh,3787.9382761855,2.11878848,26.87206041368,149474264.0,Lower middle income
BGD,SEAR,South-East Asia,2009,69.60483119,587.860351563,187.0,930.0,22.6,Bangladesh,3942.13631207203,2.18321705,27.3111249057412,150873714.0,Lower middle income
BGD,SEAR,South-East Asia,2010,70.06425679,576.204040527,166.0,930.0,22.0,Bangladesh,4125.46390163202,2.28807664,27.7254372588696,152201981.0,Lower middle income
BGD,SEAR,South-East Asia,2011,71.08337441,520.604125977,155.0,990.0,20.8,Bangladesh,4352.42643359325,2.36418128,28.1100162712427,153591076.0,Lower middle income
BGD,SEAR,South-East Asia,2012,72.09310158,480.793823242,85.0,1100.0,20.1,Bangladesh,4592.04840919812,2.3537879,28.4787972894576,155070101.0,Lower middle income
BGD,SEAR,South-East Asia,2013,72.59072924,473.19708252,77.0,1200.0,19.7,Bangladesh,4822.72621378266,2.29574466,28.8407036106763,156532141.0,Lower middle income
BGD,SEAR,South-East Asia,2014,72.77669075,479.823150635,160.0,1200.0,19.3,Bangladesh,5068.63965672741,2.27915168,29.1944442321013,157964929.0,Lower middle income
BGD,SEAR,South-East Asia,2015,73.19207211,473.242462158,105.0,1300.0,19.1,Bangladesh,5352.71133299566,2.27217698,29.5395099477892,159383179.0,Lower middle income
BGD,SEAR,South-East Asia,2016,73.44362068,474.606842041,72.0,1300.0,19.1,Bangladesh,5682.53553494306,2.38938212,29.8753915517965,160811932.0,Lower middle income
BGD,SEAR,South-East Asia,2017,73.37868377,495.768707275,73.0,1300.0,19.3,Bangladesh,6005.70718781048,2.36720181,30.2015798381799,162186147.0,Lower middle income
BGD,SEAR,South-East Asia,2018,73.67380343,496.499908447,26.0,1200.0,19.3,Bangladesh,6392.59334024091,2.31622243,30.5175656009959,163523103.0,Lower middle income
BGD,SEAR,South-East Asia,2019,73.94958231,497.742919922,47.0,1200.0,19.2,Bangladesh,6838.32611608243,2.12712646,30.8228396343012,164913055.0,Lower middle income
BGD,SEAR,South-East Asia,2020,73.29812993,497.52722168,15.0,1200.0,18.9,Bangladesh,7015.19792797056,2.18254924,31.1168927321524,166298024.0,Lower middle income
BGD,SEAR,South-East Asia,2021,73.10251672,478.91229248,16.0,1200.0,18.1,Bangladesh,7441.06913961254,2.26678729,31.3992156886061,167658854.0,Lower middle income
BGR,EUR,Europe,2000,71.6428836,793.089782715,0.0,200.0,28.5,Bulgaria,12563.8880988668,5.82970953,68.2631454467773,8170172.0,High income
BGR,EUR,Europe,2001,71.85118008,769.21862793,0.0,200.0,28.1,Bulgaria,13306.5595739168,6.85958815,69.196711983564,8009142.0,High income
BGR,EUR,Europe,2002,72.11466914,769.42791748,0.0,200.0,27.9,Bulgaria,14397.0609177208,7.0809865,69.4859161376953,7837161.0,High income
BGR,EUR,Europe,2003,72.29415331,760.779052734,0.0,200.0,27.9,Bulgaria,15271.5472882444,7.19987392,69.7808456420898,7775327.0,High income
BGR,EUR,Europe,2004,72.48173145,741.881652832,0.0,200.0,27.6,Bulgaria,16389.0282419117,6.89090872,69.9193344116211,7716860.0,High income
BGR,EUR,Europe,2005,72.47648279,747.107543945,0.0,200.0,27.6,Bulgaria,17678.1074943214,6.89011478,70.0869598388672,7658972.0,High income
BGR,EUR,Europe,2006,72.62332365,735.331787109,0.0,200.0,27.5,Bulgaria,19024.6223691232,6.52544546,70.5075225830078,7601022.0,High income
BGR,EUR,Europe,2007,72.92323217,721.339660645,0.0,200.0,26.6,Bulgaria,20440.3375318665,6.15651751,70.6844177246094,7545338.0,High income
BGR,EUR,Europe,2008,73.24591413,696.708557129,0.0,200.0,25.7,Bulgaria,21846.0454072872,6.28281593,70.902099609375,7492561.0,High income
BGR,EUR,Europe,2009,73.57651207,678.478637695,0.0,200.0,25.8,Bulgaria,21251.30543262,6.59577608,71.3017349243164,7444443.0,High income
BGR,EUR,Europe,2010,73.66597105,686.911987305,0.0,200.0,25.6,Bulgaria,21724.3762726863,7.09477949,71.5149307250977,7395599.0,High income
BGR,EUR,Europe,2011,74.07018001,665.990722656,0.0,200.0,25.1,Bulgaria,22321.1253679157,7.10250568,72.6101653885532,7348328.0,High income
BGR,EUR,Europe,2012,74.28202002,655.638061523,0.0,200.0,24.3,Bulgaria,22618.9040490702,7.53903675,72.7684860229492,7305888.0,High income
BGR,EUR,Europe,2013,74.79512219,626.391174316,0.0,200.0,23.9,Bulgaria,22954.4918743089,7.14167452,72.9632821572019,7160005.0,High income
BGR,EUR,Europe,2014,74.40807537,646.043762207,0.0,200.0,24.7,Bulgaria,23455.5804023134,7.68306208,73.0844879150391,7073572.0,High income
BGR,EUR,Europe,2015,74.56358707,645.873840332,0.0,200.0,24.3,Bulgaria,24562.750842738,7.39363575,73.1030578613281,6984225.0,High income
BGR,EUR,Europe,2016,74.77317639,629.614746094,0.0,500.0,24.4,Bulgaria,25636.8508634132,7.45975018,73.1750030517578,6894139.0,High income
BGR,EUR,Europe,2017,74.71989724,636.035095215,0.0,500.0,24.4,Bulgaria,26691.8686963123,7.49624491,73.3904571533203,6803468.0,High income
BGR,EUR,Europe,2018,74.85071858,629.264221191,0.0,500.0,24.3,Bulgaria,27691.0089237623,7.34086275,73.600212097168,6710798.0,High income
BGR,EUR,Europe,2019,75.0010583,619.956237793,0.0,500.0,24.0,Bulgaria,29150.0422926763,7.11813641,73.7162322998047,6616726.0,High income
BGR,EUR,Europe,2020,73.48961137,654.339477539,0.0,500.0,25.1,Bulgaria,28521.3251326769,8.44060898,73.3239898681641,6550696.0,High income
BGR,EUR,Europe,2021,71.30586,684.933654785,0.0,500.0,25.6,Bulgaria,30959.1118459807,8.58048916,73.346765618041,6507301.0,High income
BHR,EMR,Eastern Mediterranean,2000,69.68563925,1044.322021484,0.0,100.0,29.8,Bahrain,57968.9956082135,3.20020556,87.8356209595597,637582.0,High income
BHR,EMR,Eastern Mediterranean,2001,70.36971635,1022.193237305,0.0,100.0,28.9,Bahrain,57280.6986707494,3.3434751,87.8397146150894,661316.0,High income
BHR,EMR,Eastern Mediterranean,2002,70.59694491,1008.49005127,0.0,100.0,27.8,Bahrain,55096.6571550779,3.52897096,88.1427867595875,710553.0,High income
BHR,EMR,Eastern Mediterranean,2003,70.65076259,1040.230834961,0.0,100.0,27.5,Bahrain,54431.8763559658,3.72810912,88.8325339694118,764517.0,High income
BHR,EMR,Eastern Mediterranean,2004,70.9253368,1040.534179688,0.0,100.0,26.3,Bahrain,54045.092888858,3.35499287,89.8569005979296,823741.0,High income
BHR,EMR,Eastern Mediterranean,2005,71.32084892,1028.406982422,0.0,100.0,24.8,Bahrain,53478.2662415503,3.12594414,91.168165501421,888822.0,High income
BHR,EMR,Eastern Mediterranean,2006,71.69627417,969.095825195,0.0,100.0,23.2,Bahrain,52691.9323366851,2.98138189,92.7186075361661,960424.0,High income
BHR,EMR,Eastern Mediterranean,2007,72.38722676,927.011413574,0.0,100.0,22.0,Bahrain,52731.7921672618,3.16071057,94.460505558445,1039295.0,High income
BHR,EMR,Eastern Mediterranean,2008,72.89097198,885.215209961,0.0,100.0,20.9,Bahrain,52765.3899455546,3.07321215,96.3461384245376,1103496.0,High income
BHR,EMR,Eastern Mediterranean,2009,73.40666919,852.004089355,0.0,100.0,19.9,Bahrain,50665.7507489219,4.15054226,98.3277849907243,1178415.0,High income
BHR,EMR,Eastern Mediterranean,2010,73.86198294,855.582641602,0.0,100.0,19.5,Bahrain,50704.8479679819,3.92259479,100.0,1228543.0,High income
BHR,EMR,Eastern Mediterranean,2011,74.19533253,834.772949219,0.0,100.0,18.9,Bahrain,53132.3284162611,3.7181015,100.0,1195020.0,High income
BHR,EMR,Eastern Mediterranean,2012,74.57322126,792.706604004,0.0,100.0,18.0,Bahrain,54516.8406594787,3.95061135,100.0,1208964.0,High income
BHR,EMR,Eastern Mediterranean,2013,75.02710867,727.991271973,0.0,100.0,16.6,Bahrain,55376.4005147894,4.14491081,100.0,1253191.0,High income
BHR,EMR,Eastern Mediterranean,2014,75.64496177,640.621032715,0.0,100.0,14.9,Bahrain,55065.8189472129,4.2369051,100.0,1314562.0,High income
BHR,EMR,Eastern Mediterranean,2015,75.75082454,631.103088379,0.0,100.0,14.3,Bahrain,54149.9131524721,4.75126362,100.0,1370322.0,High income
BHR,EMR,Eastern Mediterranean,2016,75.65906707,647.576416016,0.0,100.0,14.5,Bahrain,54107.0752236423,4.62360859,100.0,1423726.0,High income
BHR,EMR,Eastern Mediterranean,2017,75.71095601,645.792785645,0.0,100.0,14.5,Bahrain,53859.7749589601,4.30236721,100.0,1501116.0,High income
BHR,EMR,Eastern Mediterranean,2018,75.93620907,636.127563477,0.0,100.0,14.4,Bahrain,54893.0724411368,3.94324946,100.0,1503091.0,High income
BHR,EMR,Eastern Mediterranean,2019,76.02945447,631.456054688,0.0,100.0,14.5,Bahrain,56749.9628370612,3.78430986,100.0,1483756.0,High income
BHR,EMR,Eastern Mediterranean,2020,74.85398109,644.272766113,0.0,100.0,15.1,Bahrain,53814.2452592358,4.55685711,100.0,1472204.0,High income
BHR,EMR,Eastern Mediterranean,2021,74.38371772,668.150268555,0.0,100.0,14.8,Bahrain,54954.6757895532,4.32771444,100.0,1504365.0,High income
BHS,AMR,Americas,2000,70.96744554,575.642883301,0.0,500.0,22.8,"Bahamas, The",34597.1621145274,3.80487037,81.0361161567684,323835.0,High income
BHS,AMR,Americas,2001,71.11367814,574.769897461,0.0,500.0,22.8,"Bahamas, The",35072.3658990461,3.92440891,81.152720524793,327836.0,High income
BHS,AMR,Americas,2002,71.58107452,563.129638672,0.0,500.0,22.1,"Bahamas, The",35610.6786425646,3.81251931,81.3054206830642,331614.0,High income
BHS,AMR,Americas,2003,72.01356703,578.530944824,0.0,500.0,22.2,"Bahamas, The",34740.7635535381,4.01998568,81.4819614595541,335618.0,High income
BHS,AMR,Americas,2004,72.14409998,585.110900879,0.0,500.0,22.5,"Bahamas, The",34617.8051137459,4.04628181,81.6708410883427,339782.0,High income
BHS,AMR,Americas,2005,72.65880067,552.254821777,0.0,500.0,21.3,"Bahamas, The",35365.4663980219,4.03196478,81.8605578035102,343894.0,High income
BHS,AMR,Americas,2006,72.66353382,565.169433594,0.0,500.0,21.6,"Bahamas, The",35789.1322131898,4.30935764,82.0396098391364,348375.0,High income
BHS,AMR,Americas,2007,73.08736276,550.540771484,0.0,500.0,21.2,"Bahamas, The",35797.118972073,4.49598694,82.1964954293015,353334.0,High income
BHS,AMR,Americas,2008,72.97662842,554.412902832,0.0,200.0,21.4,"Bahamas, The",34498.0351399173,4.86261654,82.3197128080855,358120.0,High income
BHS,AMR,Americas,2009,72.80785073,563.998718262,0.0,200.0,21.6,"Bahamas, The",32630.263065979,5.1500144,82.3977602095684,362810.0,High income
BHS,AMR,Americas,2010,72.74533372,572.099365234,0.0,200.0,21.9,"Bahamas, The",32711.4592459383,5.25594234,82.4198104431593,367478.0,High income
BHS,AMR,Americas,2011,72.74543627,557.28503418,0.0,200.0,21.3,"Bahamas, The",32535.6625139135,5.32398558,82.4130347470308,371729.0,High income
BHS,AMR,Americas,2012,72.84562635,552.442016602,0.0,200.0,20.8,"Bahamas, The",33667.5547098911,5.3190918,82.3947485339925,375469.0,High income
BHS,AMR,Americas,2013,73.00901267,541.376342773,0.0,200.0,20.3,"Bahamas, The",32402.9163503108,5.68411207,82.3635791100868,378953.0,High income
BHS,AMR,Americas,2014,72.64786335,571.127441406,0.0,200.0,21.0,"Bahamas, The",32712.6356664811,5.64133978,82.3180931037043,382298.0,High income
BHS,AMR,Americas,2015,72.92357543,553.873596191,0.0,200.0,20.2,"Bahamas, The",32777.5849410742,5.244627,82.2568571432361,385346.0,High income
BHS,AMR,Americas,2016,72.949178,562.578552246,0.0,100.0,20.5,"Bahamas, The",32172.3365152976,5.65515327,82.1784378570728,388055.0,High income
BHS,AMR,Americas,2017,73.21936648,552.885192871,0.0,100.0,20.4,"Bahamas, The",33050.0350128611,6.6036396,82.0814018736052,390485.0,High income
BHS,AMR,Americas,2018,73.38286364,546.342346191,0.0,100.0,20.3,"Bahamas, The",33650.2164350935,5.83890343,81.9643158212241,392717.0,High income
BHS,AMR,Americas,2019,70.73776422,547.912414551,0.0,100.0,20.3,"Bahamas, The",33202.4902105068,5.70484161,81.8257463283204,394675.0,High income
BHS,AMR,Americas,2020,72.61586296,527.322570801,0.0,100.0,20.0,"Bahamas, The",26452.695760929,7.3983264,81.6642600232849,395863.0,High income
BHS,AMR,Americas,2021,70.43274063,510.231201172,0.0,100.0,20.4,"Bahamas, The",31064.6822166194,6.78537178,81.4784235345083,396373.0,High income
BIH,EUR,Europe,2000,75.4599475,561.858154297,0.0,0.0,21.7,Bosnia and Herzegovina,7830.53433078343,7.96239424,42.5539898606589,4159771.0,Upper middle income
BIH,EUR,Europe,2001,75.85448253,542.940917969,0.0,0.0,21.4,Bosnia and Herzegovina,7982.55195738094,7.5734477,42.8761478375679,4179438.0,Upper middle income
BIH,EUR,Europe,2002,76.09726725,532.308837891,0.0,0.0,21.2,Bosnia and Herzegovina,8366.72625268201,7.39934349,43.1975585685863,4188002.0,Upper middle income
BIH,EUR,Europe,2003,76.3852253,520.493347168,0.0,0.0,20.9,Bosnia and Herzegovina,8709.99283593466,8.28056145,43.5181993184523,4178523.0,Upper middle income
BIH,EUR,Europe,2004,76.62934847,511.211700439,0.0,0.0,20.7,Bosnia and Herzegovina,9344.86891184204,9.06270218,43.8380473519042,4140987.0,Upper middle income
BIH,EUR,Europe,2005,76.54879498,515.163635254,0.0,0.0,21.2,Bosnia and Herzegovina,9814.51034158831,8.82041836,44.1570799336802,4096493.0,Upper middle income
BIH,EUR,Europe,2006,76.79616301,506.506958008,0.0,0.0,20.8,Bosnia and Herzegovina,10430.4552500579,8.88362694,44.4752743285185,4063272.0,Upper middle income
BIH,EUR,Europe,2007,76.26128187,532.178283691,0.0,0.0,21.8,Bosnia and Herzegovina,11178.7278411828,9.25501442,44.7926078011574,4013424.0,Upper middle income
BIH,EUR,Europe,2008,76.76846848,513.481506348,0.0,0.0,20.6,Bosnia and Herzegovina,11983.7696596485,9.48630238,45.1090576163352,3947544.0,Upper middle income
BIH,EUR,Europe,2009,76.7825838,516.024108887,0.0,0.0,20.4,Bosnia and Herzegovina,11826.6991802051,9.0152092,45.4246010387901,3879794.0,Upper middle income
BIH,EUR,Europe,2010,76.98324032,508.994262695,0.0,0.0,19.8,Bosnia and Herzegovina,12142.9120522116,9.01212692,45.7392153332604,3811472.0,Upper middle income
BIH,EUR,Europe,2011,77.05795229,510.426574707,0.0,0.0,19.6,Bosnia and Herzegovina,12487.7008428301,9.1712122,46.0528777644843,3741798.0,Upper middle income
BIH,EUR,Europe,2012,77.27133436,502.801879883,0.0,0.0,18.9,Bosnia and Herzegovina,12626.9786875839,9.4791584,46.3655655972,3670113.0,Upper middle income
BIH,EUR,Europe,2013,77.21186094,506.389953613,0.0,0.0,18.9,Bosnia and Herzegovina,13135.7719791089,9.43616295,46.6954224739896,3610859.0,Upper middle income
BIH,EUR,Europe,2014,77.17772515,508.638153076,0.0,0.0,18.7,Bosnia and Herzegovina,13458.9083902112,9.4710331,47.130783484831,3564829.0,Upper middle income
BIH,EUR,Europe,2015,76.9957646,519.024902344,0.0,0.0,19.0,Bosnia and Herzegovina,14220.1489744552,9.24086571,47.5711645087011,3518541.0,Upper middle income
BIH,EUR,Europe,2016,77.13183233,512.297424316,0.0,0.0,18.9,Bosnia and Herzegovina,14873.7027917131,9.13943481,48.0248845752382,3473003.0,Upper middle income
BIH,EUR,Europe,2017,77.24910311,510.213531494,0.0,0.0,18.8,Bosnia and Herzegovina,15554.7232481788,8.81797314,48.4918401819106,3428682.0,Upper middle income
BIH,EUR,Europe,2018,77.32123917,506.417572021,0.0,0.0,18.7,Bosnia and Herzegovina,16349.0675137661,8.76100445,48.971927825824,3387000.0,Upper middle income
BIH,EUR,Europe,2019,77.09808482,518.909240723,0.0,0.0,19.2,Bosnia and Herzegovina,17029.3678184559,8.92544365,49.4650440037758,3345533.0,Upper middle income
BIH,EUR,Europe,2020,75.70792926,521.749023438,0.0,0.0,17.9,Bosnia and Herzegovina,16747.1048417525,9.70311832,49.9710852122997,3299349.0,Upper middle income
BIH,EUR,Europe,2021,74.84944487,510.278381348,0.0,0.0,17.2,Bosnia and Herzegovina,18286.7373324233,9.55514336,50.4899479477034,3244907.0,Upper middle income
BLR,EUR,Europe,2000,68.79296699,848.523376465,0.0,0.0,33.7,Belarus,11182.4548339393,5.28088045,69.9172295434732,9979610.0,Upper middle income
BLR,EUR,Europe,2001,68.38068954,881.761108398,0.0,0.0,35.1,Belarus,11771.0872003861,5.7064805,70.3147201538086,9928549.0,Upper middle income
BLR,EUR,Europe,2002,67.90677805,920.980895996,0.0,0.0,36.1,Belarus,12443.9322575939,5.62404203,70.8804702758789,9865548.0,Upper middle income
BLR,EUR,Europe,2003,68.37573872,893.96307373,0.0,0.0,35.1,Belarus,13413.9265504854,5.77103186,71.3092422485352,9796749.0,Upper middle income
BLR,EUR,Europe,2004,68.80163482,869.793029785,0.0,0.0,34.2,Belarus,15052.1182160947,5.73650646,71.7658538818359,9730146.0,Upper middle income
BLR,EUR,Europe,2005,68.69743153,872.612121582,0.0,0.0,34.6,Belarus,16579.8731683834,6.07036304,72.0310134887695,9663915.0,Upper middle income
BLR,EUR,Europe,2006,69.30529977,841.127441406,0.0,0.0,33.2,Belarus,18349.8719060634,5.57366323,72.6113815307617,9604924.0,Upper middle income
BLR,EUR,Europe,2007,70.20054242,795.124145508,0.0,0.0,31.4,Belarus,20019.6111676728,5.6917243,73.0913467407227,9560953.0,Upper middle income
BLR,EUR,Europe,2008,70.33830973,785.128051758,0.0,0.0,31.5,Belarus,22137.9472928315,5.29448891,73.5531692504883,9527985.0,Upper middle income
BLR,EUR,Europe,2009,70.47736788,781.909240723,0.0,0.0,31.2,Belarus,22236.8387691136,5.3906498,74.1909646620571,9504583.0,Upper middle income
BLR,EUR,Europe,2010,70.35076033,792.51776123,0.0,0.0,31.2,Belarus,24012.6133040213,5.65694332,74.5501403808594,9483836.0,Upper middle income
BLR,EUR,Europe,2011,70.57181476,771.323425293,0.0,0.0,31.0,Belarus,25404.7566082412,4.87452745,75.0597534179688,9461643.0,Upper middle income
BLR,EUR,Europe,2012,72.11133932,712.098022461,0.0,0.0,27.9,Belarus,25879.1319400701,5.24538946,75.5281066894531,9446836.0,Upper middle income
BLR,EUR,Europe,2013,72.59208184,697.331604004,0.0,0.0,27.1,Belarus,26147.6253584645,5.69563103,75.94970703125,9443211.0,Upper middle income
BLR,EUR,Europe,2014,73.15346125,671.087097168,0.0,0.0,26.4,Belarus,26564.4347246547,5.38792181,76.3405227661133,9448515.0,Upper middle income
BLR,EUR,Europe,2015,73.73950531,652.51940918,0.0,0.0,25.3,Belarus,25513.2132958317,6.06528044,76.6263885498047,9461076.0,Upper middle income
BLR,EUR,Europe,2016,73.8924593,647.044555664,0.0,0.0,25.3,Belarus,24846.8301529359,5.91054153,76.8458709716797,9469379.0,Upper middle income
BLR,EUR,Europe,2017,74.22729868,634.937866211,0.0,0.0,24.9,Belarus,25503.9809845207,5.75974846,77.0208206176758,9458989.0,Upper middle income
BLR,EUR,Europe,2018,74.34647413,635.903747559,0.0,0.0,25.1,Belarus,26363.4629778536,5.52699471,77.2132720947266,9438785.0,Upper middle income
BLR,EUR,Europe,2019,74.8186819,613.738098145,0.0,0.0,24.4,Belarus,26798.8206398076,5.86133814,77.4550771852757,9419758.0,Upper middle income
BLR,EUR,Europe,2020,73.01027649,606.395874023,0.0,0.0,24.6,Belarus,26731.4953869922,6.40607214,77.7890385790408,9379952.0,Upper middle income
BLR,EUR,Europe,2021,73.12324771,580.665649414,0.0,0.0,23.8,Belarus,27611.1801135157,6.56549978,78.131086803694,9302585.0,Upper middle income
BLZ,AMR,Americas,2000,70.09513226,616.15838623,0.0,500.0,24.2,Belize,11363.6868781615,2.93866777,47.6836847507377,240799.0,Upper middle income
BLZ,AMR,Americas,2001,70.61498891,551.716186523,0.0,500.0,21.2,Belize,11567.0265720608,3.45384741,47.6257993221451,248379.0,Upper middle income
BLZ,AMR,Americas,2002,71.34369042,524.958435059,0.0,500.0,20.1,Belize,11828.1865744067,3.55506229,47.4865009861554,256009.0,Upper middle income
BLZ,AMR,Americas,2003,71.80038956,514.019958496,0.0,500.0,19.6,Belize,12589.2679378206,3.5292151,47.2806245981404,263780.0,Upper middle income
BLZ,AMR,Americas,2004,72.03089544,517.860290527,1.0,500.0,19.7,Belize,12807.1658774384,3.41825557,47.0226655922949,271688.0,Upper middle income
BLZ,AMR,Americas,2005,72.3988756,495.889312744,0.0,500.0,18.9,Belize,12714.9697390831,3.43729496,46.7271194028137,279731.0,Upper middle income
BLZ,AMR,Americas,2006,72.62147619,497.280517578,1.0,500.0,18.9,Belize,12912.5300233774,3.54883528,46.4084814638913,287878.0,Upper middle income
BLZ,AMR,Americas,2007,73.05180238,480.550354004,0.0,500.0,18.1,Belize,12973.2067214746,4.05345058,46.0812472097226,296100.0,Upper middle income
BLZ,AMR,Americas,2008,73.53821496,447.443206787,0.0,500.0,16.8,Belize,12415.6811300464,4.51286459,45.7599120745023,304361.0,Upper middle income
BLZ,AMR,Americas,2009,73.6700987,463.990203857,0.0,500.0,17.8,Belize,12033.9096816588,4.50473404,45.4589714924251,312614.0,Upper middle income
BLZ,AMR,Americas,2010,73.60567774,466.682373047,0.0,200.0,17.6,Belize,11913.6635959061,4.47716761,45.1914838193558,320245.0,Upper middle income
BLZ,AMR,Americas,2011,73.84911498,456.572784424,0.0,200.0,17.2,Belize,11641.7717375703,4.52904415,44.9417819131729,327298.0,Upper middle income
BLZ,AMR,Americas,2012,74.18063851,440.324249268,0.0,200.0,16.9,Belize,11843.4153404212,4.34283972,44.6903068035216,334414.0,Upper middle income
BLZ,AMR,Americas,2013,74.31081667,440.233154297,0.0,200.0,16.9,Belize,12064.797259406,4.42128754,44.4380542363795,341627.0,Upper middle income
BLZ,AMR,Americas,2014,74.2195742,445.307373047,0.0,200.0,16.9,Belize,12272.2957895446,4.87071466,44.1850161758379,348923.0,Upper middle income
BLZ,AMR,Americas,2015,74.30568158,442.504058838,0.0,200.0,16.9,Belize,12348.7944978311,4.65988731,43.931184585988,356333.0,Upper middle income
BLZ,AMR,Americas,2016,74.39638983,438.587127686,0.0,200.0,16.6,Belize,12063.0600374093,4.77207184,43.6765514309211,364705.0,Upper middle income
BLZ,AMR,Americas,2017,74.56128899,445.731628418,0.0,200.0,16.7,Belize,11572.3007931461,4.62228823,43.4211086747287,373202.0,Upper middle income
BLZ,AMR,Americas,2018,74.57665716,442.60723877,0.0,200.0,16.6,Belize,11451.8979413877,4.75529861,43.164848281502,380226.0,Upper middle income
BLZ,AMR,Americas,2019,74.86586064,431.224151611,0.0,200.0,16.1,Belize,11765.9748661176,4.81608105,42.9077622153323,385829.0,Upper middle income
BLZ,AMR,Americas,2020,74.69437572,437.435821533,0.0,200.0,16.4,Belize,10045.1404163746,5.33901167,42.649842440311,390812.0,Upper middle income
BLZ,AMR,Americas,2021,73.32055336,412.825164795,0.0,200.0,15.4,Belize,11716.3267818656,5.04598379,42.3910809205294,395346.0,Upper middle income
BOL,AMR,Americas,2000,66.09385895,620.381103516,24.0,1900.0,20.6,Bolivia,7492.43381815499,4.39554119,61.8587201575591,8606326.0,Lower middle income
BOL,AMR,Americas,2001,66.7449711,606.376220703,9.0,1900.0,20.0,Bolivia,7491.15257767136,4.82522202,62.3374810379005,8752736.0,Lower middle income
BOL,AMR,Americas,2002,67.18430642,600.087646484,9.0,1900.0,19.7,Bolivia,7550.01554439063,4.89645052,62.8187632085055,8900355.0,Lower middle income
BOL,AMR,Americas,2003,67.7351254,590.061279297,12.0,2000.0,19.3,Bolivia,7625.90515937027,5.19709635,63.2918711090474,9050700.0,Lower middle income
BOL,AMR,Americas,2004,68.28111683,579.258178711,9.0,2000.0,18.8,Bolivia,7811.59684101948,4.86315727,63.7564671612252,9204287.0,Lower middle income
BOL,AMR,Americas,2005,68.73158288,572.626281738,12.0,2100.0,18.6,Bolivia,8020.63568776794,5.07408142,64.2133062205259,9360754.0,Lower middle income
BOL,AMR,Americas,2006,69.1623043,562.71496582,14.0,2100.0,18.2,Bolivia,8263.31896895542,4.66087532,64.6631431424362,9521689.0,Lower middle income
BOL,AMR,Americas,2007,69.47053335,563.037902832,11.0,2100.0,18.2,Bolivia,8493.94848397403,4.6968894,65.1067327824433,9685960.0,Lower middle income
BOL,AMR,Americas,2008,69.78566323,560.145751953,6.0,2100.0,18.1,Bolivia,8865.27246783163,4.60677242,65.5448299960338,9850858.0,Lower middle income
BOL,AMR,Americas,2009,70.13714581,557.172729492,6.0,2100.0,18.0,Bolivia,9011.55629962953,5.17444515,65.9781896386949,10016275.0,Lower middle income
BOL,AMR,Americas,2010,70.42881387,554.02355957,10.0,2000.0,17.8,Bolivia,9230.39808115934,5.20230532,66.4075665659133,10182345.0,Lower middle income
BOL,AMR,Americas,2011,70.72011626,553.176025391,4.0,2100.0,17.7,Bolivia,9554.44502529396,5.17306805,66.833715633176,10348929.0,Lower middle income
BOL,AMR,Americas,2012,71.0361986,546.086914063,4.0,2100.0,17.5,Bolivia,9884.46163420335,5.2539444,67.2581444827699,10515807.0,Lower middle income
BOL,AMR,Americas,2013,71.33805685,541.250549316,6.0,2100.0,17.3,Bolivia,10391.38337536,5.57465124,67.6697055519889,10682608.0,Lower middle income
BOL,AMR,Americas,2014,71.64868401,539.777954102,4.0,2100.0,17.2,Bolivia,10790.8472899414,5.89613628,68.037425413,10848888.0,Lower middle income
BOL,AMR,Americas,2015,71.94895895,538.88458252,3.0,2100.0,17.1,Bolivia,11144.6415727207,6.55064964,68.3958051297665,11014705.0,Lower middle income
BOL,AMR,Americas,2016,72.22076039,535.218933105,2.0,2100.0,17.0,Bolivia,11448.0218032246,6.83333063,68.7446327876947,11180020.0,Lower middle income
BOL,AMR,Americas,2017,72.44784311,531.780700684,2.0,2000.0,16.9,Bolivia,11755.2556195885,6.4901948,69.0838016274736,11344587.0,Lower middle income
BOL,AMR,Americas,2018,72.69070111,527.874694824,2.0,2000.0,16.7,Bolivia,11920.3135079645,6.60399437,69.4133879813999,11508368.0,Lower middle income
BOL,AMR,Americas,2019,72.91976198,523.633666992,4.0,2000.0,16.6,Bolivia,11930.9159145918,6.88792992,69.7334986708387,11671386.0,Lower middle income
BOL,AMR,Americas,2020,67.11714577,537.064880371,6.0,2000.0,19.8,Bolivia,10285.6590750222,8.0225811,70.0442635528254,11816299.0,Lower middle income
BOL,AMR,Americas,2021,65.41062535,505.28918457,4.0,2000.0,19.9,Bolivia,11202.4409836707,8.16016769,70.3450412826165,11937360.0,Lower middle income
BRA,AMR,Americas,2000,71.4995438,585.407531738,245.0,26000.0,20.8,Brazil,14005.347187072,8.33457184,81.1484365423806,174018282.0,Upper middle income
BRA,AMR,Americas,2001,71.80355904,577.475280762,142.0,25000.0,20.4,Brazil,14016.1313773564,8.54963303,81.5960450621957,176301203.0,Upper middle income
BRA,AMR,Americas,2002,72.03662703,571.664794922,95.0,24000.0,19.9,Brazil,14265.9048768518,8.69686985,81.9943491502673,178503484.0,Upper middle income
BRA,AMR,Americas,2003,72.30491342,566.851257324,104.0,25000.0,19.7,Brazil,14259.3664088286,8.18899441,82.3540335841671,180622688.0,Upper middle income
BRA,AMR,Americas,2004,72.50201054,564.887878418,102.0,27000.0,19.6,Brazil,14911.260960772,8.12491989,82.6816824814559,182675143.0,Upper middle income
BRA,AMR,Americas,2005,73.14791265,538.539367676,123.0,29000.0,18.7,Brazil,15221.0138281917,8.03539562,82.9838799596945,184688101.0,Upper middle income
BRA,AMR,Americas,2006,73.33073271,534.398498535,110.0,34000.0,18.4,Brazil,15657.4795714009,8.24952507,83.2672101364439,186653106.0,Upper middle income
BRA,AMR,Americas,2007,73.5789865,526.018859863,93.0,38000.0,18.1,Brazil,16440.5837398046,8.20182991,83.5382571292649,188552320.0,Upper middle income
BRA,AMR,Americas,2008,73.71397618,521.03125,68.0,43000.0,18.0,Brazil,17113.3679822772,8.01128483,83.8036050557184,190367302.0,Upper middle income
BRA,AMR,Americas,2009,73.8424263,512.826782227,85.0,47000.0,17.6,Brazil,16939.4407809047,8.39480495,84.0698380333651,192079951.0,Upper middle income
BRA,AMR,Americas,2010,73.92337469,511.340362549,76.0,51000.0,17.4,Brazil,18062.158110224,7.94516611,84.343846036308,193701929.0,Upper middle income
BRA,AMR,Americas,2011,74.01518436,509.500030518,70.0,55000.0,17.3,Brazil,18627.8104527933,7.78819132,84.6225758599683,195284734.0,Upper middle income
BRA,AMR,Americas,2012,74.28196582,494.495391846,60.0,59000.0,16.8,Brazil,18832.2195524356,7.73637724,84.8973874181312,196876111.0,Upper middle income
BRA,AMR,Americas,2013,74.42169527,488.392456055,40.0,62000.0,16.6,Brazil,19241.5059814525,7.9766016,85.1676585442726,198478299.0,Upper middle income
BRA,AMR,Americas,2014,74.63621389,477.615509033,36.0,65000.0,16.1,Brazil,19183.1727445223,8.39644146,85.4331367898168,200085127.0,Upper middle income
BRA,AMR,Americas,2015,74.711289,478.124938965,35.0,67000.0,16.1,Brazil,18357.0690615421,8.90929985,85.6935697061881,201675532.0,Upper middle income
BRA,AMR,Americas,2016,74.56188231,480.598358154,35.0,68000.0,16.2,Brazil,17620.9272434403,9.16901684,85.9487048448108,203218114.0,Upper middle income
BRA,AMR,Americas,2017,74.98912241,466.944488525,34.0,69000.0,15.7,Brazil,17724.4799577815,9.47125053,86.1982897571091,204703445.0,Upper middle income
BRA,AMR,Americas,2018,75.31944699,455.590423584,56.0,69000.0,15.4,Brazil,17917.7492122925,9.46475029,86.4420719945072,206107261.0,Upper middle income
BRA,AMR,Americas,2019,75.47815778,451.698364258,37.0,68000.0,15.1,Brazil,18018.62091495,9.61449146,86.6797991084296,207455459.0,Upper middle income
BRA,AMR,Americas,2020,74.11393563,443.459564209,51.0,66000.0,14.7,Brazil,17327.5157248143,9.62326527,86.9112186503004,208660842.0,Upper middle income
BRA,AMR,Americas,2021,72.38840694,447.884124756,61.0,64000.0,14.5,Brazil,18075.7060048757,9.63646507,87.1360781715439,209550294.0,Upper middle income
BRB,AMR,Americas,2000,74.60503157,524.389343262,0.0,200.0,19.3,Barbados,21779.2203006868,4.92612553,62.5379397803044,262063.0,High income
BRB,AMR,Americas,2001,75.05768919,506.454925537,0.0,200.0,18.5,Barbados,21234.708034436,5.10418987,62.3048911059175,262425.0,High income
BRB,AMR,Americas,2002,74.85759375,519.819885254,0.0,200.0,18.8,Barbados,21262.3089250843,5.41338634,61.965577912278,264148.0,High income
BRB,AMR,Americas,2003,74.55086448,538.259338379,0.0,200.0,19.4,Barbados,21591.7915931807,6.17312717,61.5543861265895,265776.0,High income
BRB,AMR,Americas,2004,74.61548026,542.343444824,0.0,200.0,19.3,Barbados,21771.9014007178,6.7109499,61.101971231796,267298.0,High income
BRB,AMR,Americas,2005,74.96322109,530.989074707,0.0,200.0,19.0,Barbados,22514.483943994,6.14326382,60.6389887108416,268706.0,High income
BRB,AMR,Americas,2006,75.05596421,528.436401367,0.0,200.0,18.8,Barbados,23766.6070131111,5.90468073,60.1960940466703,270002.0,High income
BRB,AMR,Americas,2007,75.24398474,516.753051758,0.0,200.0,18.5,Barbados,24145.753990727,5.36863089,59.803942722226,271288.0,High income
BRB,AMR,Americas,2008,75.50932099,515.090026855,0.0,200.0,18.3,Barbados,24171.6517995745,5.73821974,59.4931902204528,272714.0,High income
BRB,AMR,Americas,2009,75.90513677,495.289459229,0.0,200.0,17.9,Barbados,22840.8841002763,6.30137348,59.2944920242948,274123.0,High income
BRB,AMR,Americas,2010,75.95734033,488.219421387,0.0,200.0,17.8,Barbados,22243.4579670705,5.97029495,59.2366008990356,275243.0,High income
BRB,AMR,Americas,2011,76.02367426,482.598999023,0.0,200.0,17.7,Barbados,22102.4817004397,6.05910301,59.236693205614,276139.0,High income
BRB,AMR,Americas,2012,76.23035481,473.485198975,0.0,200.0,17.3,Barbados,21286.3318932135,6.85218811,59.2372151062924,276938.0,High income
BRB,AMR,Americas,2013,76.24143589,479.896881104,0.0,200.0,17.4,Barbados,20854.5676341718,6.48274279,59.2385370835674,277665.0,High income
BRB,AMR,Americas,2014,76.24311034,480.807525635,0.0,200.0,17.5,Barbados,20959.9650372142,6.09732294,59.2410313429534,278348.0,High income
BRB,AMR,Americas,2015,76.29023437,475.052215576,0.0,200.0,17.3,Barbados,20666.9651609374,6.09170628,59.2450700899645,278990.0,High income
BRB,AMR,Americas,2016,76.32461251,480.195770264,0.0,100.0,17.5,Barbados,20930.633669268,6.19479513,59.2510255301153,279598.0,High income
BRB,AMR,Americas,2017,76.33626177,473.296325684,0.0,100.0,17.2,Barbados,21035.7933581451,6.0020504,59.25926986892,280171.0,High income
BRB,AMR,Americas,2018,76.28319327,480.981628418,0.0,100.0,17.4,Barbados,20727.4216338412,5.83037996,59.270175311893,280711.0,High income
BRB,AMR,Americas,2019,76.03984637,500.759887695,0.0,100.0,17.8,Barbados,20737.9776890352,5.67476797,59.2841140645486,281207.0,High income
BRB,AMR,Americas,2020,76.9491323,459.330810547,0.0,100.0,16.7,Barbados,17728.0729247569,6.7272892,59.3014583324011,281698.0,High income
BRB,AMR,Americas,2021,76.8418344,422.985290527,0.0,100.0,14.0,Barbados,17682.7314537483,7.4427762,59.3220365433819,282147.0,High income
BRN,WPR,Western Pacific,2000,75.50502993,563.487854004,0.0,0.0,18.9,Brunei Darussalam,100323.439918528,2.5479064,71.2246805488418,326424.0,High income
BRN,WPR,Western Pacific,2001,75.6811134,553.252929688,0.0,0.0,18.7,Brunei Darussalam,99680.7626777537,2.5465107,71.657883335906,333345.0,High income
BRN,WPR,Western Pacific,2002,75.90522385,547.716796875,0.0,0.0,18.5,Brunei Darussalam,101571.583784666,2.53447938,72.1021556496525,340099.0,High income
BRN,WPR,Western Pacific,2003,76.10651217,539.211669922,0.0,0.0,18.5,Brunei Darussalam,103226.914446986,2.60260582,72.577635652792,346637.0,High income
BRN,WPR,Western Pacific,2004,76.2980122,521.062133789,0.0,0.0,17.8,Brunei Darussalam,101497.754798655,2.55193377,73.0675067339261,352911.0,High income
BRN,WPR,Western Pacific,2005,76.47714892,512.188781738,0.0,0.0,17.9,Brunei Darussalam,99795.6850854526,2.23386168,73.552870858133,358916.0,High income
BRN,WPR,Western Pacific,2006,76.58480393,507.008850098,0.0,0.0,17.9,Brunei Darussalam,102248.510300567,1.9072516,74.0148299904911,364663.0,High income
BRN,WPR,Western Pacific,2007,76.66441769,496.64251709,0.0,0.0,17.6,Brunei Darussalam,96752.6204091885,1.94145441,74.4344860960786,370873.0,High income
BRN,WPR,Western Pacific,2008,76.7179356,493.562011719,0.0,0.0,17.4,Brunei Darussalam,91275.5000919182,1.87612021,74.7929411399737,377793.0,High income
BRN,WPR,Western Pacific,2009,76.87788068,481.555114746,0.0,0.0,16.4,Brunei Darussalam,87875.8283546044,2.39306617,75.0712970872547,384952.0,High income
BRN,WPR,Western Pacific,2010,76.97095289,482.931091309,0.0,0.0,16.1,Brunei Darussalam,88586.5133683924,2.27826095,75.2506559029998,392332.0,High income
BRN,WPR,Western Pacific,2011,76.98951902,475.270751953,0.0,0.0,15.4,Brunei Darussalam,90279.6634042123,1.86409724,75.312125504778,399389.0,High income
BRN,WPR,Western Pacific,2012,76.89700471,473.39151001,0.0,0.0,15.2,Brunei Darussalam,89718.4636049982,1.85097206,75.2714233503027,405557.0,High income
BRN,WPR,Western Pacific,2013,76.81966837,472.578552246,0.0,0.0,15.1,Brunei Darussalam,86606.6518910199,1.898314,75.1756915148608,411202.0,High income
BRN,WPR,Western Pacific,2014,76.65808603,474.46862793,0.0,0.0,15.1,Brunei Darussalam,83310.6151819533,1.91436803,75.0572639801502,416750.0,High income
BRN,WPR,Western Pacific,2015,76.55761257,475.298034668,0.0,0.0,15.1,Brunei Darussalam,81910.1882959493,2.38708901,74.9484620568562,422212.0,High income
BRN,WPR,Western Pacific,2016,76.41822612,489.074005127,0.0,0.0,15.1,Brunei Darussalam,78880.6228501768,2.54828691,74.8816070556641,427564.0,High income
BRN,WPR,Western Pacific,2017,76.40513341,501.911499023,0.0,0.0,15.3,Brunei Darussalam,78966.8643142346,2.27022862,74.8476440654983,432772.0,High income
BRN,WPR,Western Pacific,2018,76.40808264,522.106811523,0.0,0.0,15.4,Brunei Darussalam,78099.0507802561,2.41600895,74.8172471714305,437810.0,High income
BRN,WPR,Western Pacific,2019,76.67529662,500.237335205,0.0,0.0,15.2,Brunei Darussalam,80228.1598170527,2.23100758,74.7923311783673,442680.0,High income
BRN,WPR,Western Pacific,2020,76.76421584,486.911437988,0.0,0.0,15.2,Brunei Darussalam,80280.8980640677,2.45359564,74.7748108912151,447404.0,High income
BRN,WPR,Western Pacific,2021,76.92260844,460.567779541,0.0,0.0,14.9,Brunei Darussalam,78248.797127611,2.14748693,74.7667316936175,451721.0,High income
BTN,SEAR,South-East Asia,2000,65.98956136,571.59777832,15.0,100.0,22.1,Bhutan,5287.57434721684,4.13867903,27.5915239884015,596863.0,Lower middle income
BTN,SEAR,South-East Asia,2001,67.18030943,563.684997559,14.0,100.0,21.7,Bhutan,5545.6305511084,4.60037947,28.282501830034,610794.0,Lower middle income
BTN,SEAR,South-East Asia,2002,67.84566543,550.374511719,11.0,100.0,21.0,Bhutan,5991.25497571775,3.95161104,28.9630875013322,624409.0,Lower middle income
BTN,SEAR,South-East Asia,2003,68.38453582,549.976989746,14.0,100.0,20.8,Bhutan,6323.5411950973,3.83481455,29.6328608739429,637663.0,Lower middle income
BTN,SEAR,South-East Asia,2004,68.88514264,543.017822266,7.0,100.0,20.4,Bhutan,6517.99683290216,4.26397753,30.2914018195132,650544.0,Lower middle income
BTN,SEAR,South-East Asia,2005,69.36895355,536.81652832,5.0,100.0,20.0,Bhutan,6850.80441609334,3.83308983,30.9379917831613,661865.0,Lower middle income
BTN,SEAR,South-East Asia,2006,69.95563044,529.812683105,7.0,100.0,19.6,Bhutan,7140.85609148376,4.08523893,31.5664945864425,670799.0,Lower middle income
BTN,SEAR,South-East Asia,2007,70.47630807,520.984375,2.0,100.0,19.2,Bhutan,8195.07074477912,3.83774948,32.1738216649326,678641.0,Lower middle income
BTN,SEAR,South-East Asia,2008,70.90903814,515.621276855,2.0,100.0,18.8,Bhutan,8470.03471622855,3.14842224,32.76371954591,686351.0,Lower middle income
BTN,SEAR,South-East Asia,2009,71.27007127,506.781616211,4.0,100.0,18.4,Bhutan,9019.11861272397,3.29665017,33.3396804958817,693988.0,Lower middle income
BTN,SEAR,South-East Asia,2010,71.72710313,498.085449219,2.0,100.0,18.0,Bhutan,9985.28455483655,3.25758624,33.9051967813552,701632.0,Lower middle income
BTN,SEAR,South-East Asia,2011,72.1269544,494.627563477,1.0,100.0,17.8,Bhutan,10714.686566371,3.02062726,34.4637606688377,709377.0,Lower middle income
BTN,SEAR,South-East Asia,2012,72.45535288,496.500701904,1.0,100.0,17.8,Bhutan,11143.9445354588,3.25988412,35.0188644248365,717279.0,Lower middle income
BTN,SEAR,South-East Asia,2013,72.72164626,497.82434082,0.0,100.0,17.7,Bhutan,11212.479426698,3.34862685,35.5740003158589,725273.0,Lower middle income
BTN,SEAR,South-East Asia,2014,72.91360226,500.551086426,0.0,100.0,17.8,Bhutan,11744.5189124825,3.23226452,36.1326606084122,733139.0,Lower middle income
BTN,SEAR,South-East Asia,2015,73.07489389,500.670623779,0.0,100.0,17.7,Bhutan,12400.2983237391,3.43653083,36.6983375690037,740618.0,Lower middle income
BTN,SEAR,South-East Asia,2016,73.28424565,497.787536621,0.0,100.0,17.4,Bhutan,13320.9759036882,3.27756715,37.2745234641407,747866.0,Lower middle income
BTN,SEAR,South-East Asia,2017,73.54716542,502.325012207,0.0,100.0,17.5,Bhutan,13482.3425280358,3.11215067,37.8645544995016,754335.0,Lower middle income
BTN,SEAR,South-East Asia,2018,73.75301201,496.016082764,0.0,100.0,17.2,Bhutan,13854.8543977158,3.06896734,38.4661892776975,759759.0,Lower middle income
BTN,SEAR,South-East Asia,2019,73.93027807,484.607452393,0.0,100.0,16.7,Bhutan,14555.1884045845,3.37511158,39.0746823405146,764824.0,Lower middle income
BTN,SEAR,South-East Asia,2020,74.45119684,472.696960449,0.0,100.0,16.5,Bhutan,12979.9369485824,4.08451509,39.6888839873439,770006.0,Lower middle income
BTN,SEAR,South-East Asia,2021,74.87642848,454.494018555,0.0,100.0,15.9,Bhutan,13458.812666743,4.78581429,40.3075199874379,775442.0,Lower middle income
BWA,AFR,Africa,2000,47.16383585,606.738525391,36.0,27000.0,22.8,Botswana,13185.8171514278,6.10838556,53.2047727398794,1677382.0,Upper middle income
BWA,AFR,Africa,2001,46.70431922,616.367431641,29.0,25000.0,23.1,Botswana,12949.6403104655,6.3660779,54.0489894446035,1712254.0,Upper middle income
BWA,AFR,Africa,2002,46.95490275,590.944030762,23.0,23000.0,22.6,Botswana,13479.6960719923,6.66529799,55.0142988603802,1744763.0,Upper middle income
BWA,AFR,Africa,2003,48.30164814,581.006225586,18.0,21000.0,21.5,Botswana,13857.2588264737,6.40933847,56.0979233496432,1775736.0,Upper middle income
BWA,AFR,Africa,2004,50.64076648,575.447143555,19.0,19000.0,19.6,Botswana,13984.8415112641,6.09125996,57.2582489329358,1807146.0,Upper middle income
BWA,AFR,Africa,2005,53.16798551,584.002563477,11.0,17000.0,20.3,Botswana,14361.9576327759,5.26532936,58.4535554684584,1839877.0,Upper middle income
BWA,AFR,Africa,2006,54.88555112,543.033203125,40.0,15000.0,18.8,Botswana,15275.5828811117,4.87599421,59.6421228144112,1874516.0,Upper middle income
BWA,AFR,Africa,2007,55.77024629,590.850891113,6.0,15000.0,20.4,Botswana,15850.2343496231,5.52080727,60.7822308289942,1911201.0,Upper middle income
BWA,AFR,Africa,2008,56.1793813,674.697509766,12.0,14000.0,23.9,Botswana,16040.3153236098,5.89747286,61.8321593704079,1949970.0,Upper middle income
BWA,AFR,Africa,2009,56.8865344,713.434814453,6.0,13000.0,25.5,Botswana,13489.9509168296,6.62081194,62.7501882968523,1990673.0,Upper middle income
BWA,AFR,Africa,2010,57.62665956,711.875061035,8.0,13000.0,25.2,Botswana,14545.0198074427,6.26718187,63.4945974665277,2033111.0,Upper middle income
BWA,AFR,Africa,2011,58.41247242,717.191040039,8.0,14000.0,25.3,Botswana,15236.7188843522,5.86915016,64.0187810722889,2073535.0,Upper middle income
BWA,AFR,Africa,2012,59.74879487,717.740783691,3.0,13000.0,25.6,Botswana,14957.6189142932,6.35010576,64.3993247826904,2108617.0,Upper middle income
BWA,AFR,Africa,2013,60.61242628,719.431640625,7.0,12000.0,25.7,Botswana,16369.4252971454,6.49913645,64.7579735458393,2140682.0,Upper middle income
BWA,AFR,Africa,2014,61.38291822,693.63482666,22.0,12000.0,24.6,Botswana,17052.1924105361,5.8804059,65.0965122400825,2172044.0,Upper middle income
BWA,AFR,Africa,2015,62.04575871,652.872070313,5.0,11000.0,23.1,Botswana,15994.9643042101,6.10287762,65.4103584313295,2203273.0,Upper middle income
BWA,AFR,Africa,2016,62.99012308,636.60369873,3.0,10000.0,22.8,Botswana,16905.588740873,5.76837635,65.6949296854899,2234776.0,Upper middle income
BWA,AFR,Africa,2017,64.01180659,613.536437988,17.0,9200.0,22.1,Botswana,17352.8958451454,6.62986994,65.9456435684731,2266747.0,Upper middle income
BWA,AFR,Africa,2018,64.53046521,584.078369141,9.0,8200.0,20.9,Botswana,17825.018569213,6.04010344,66.1579176461888,2299141.0,Upper middle income
BWA,AFR,Africa,2019,64.91884565,552.838256836,7.0,7300.0,19.5,Botswana,18106.0105471124,6.12193203,66.3271694845464,2332083.0,Upper middle income
BWA,AFR,Africa,2020,65.16840503,590.807006836,11.0,6700.0,21.2,Botswana,16289.3913582645,6.1213398,66.4488166494554,2365894.0,Upper middle income
BWA,AFR,Africa,2021,61.23119159,489.108154297,5.0,5500.0,19.0,Botswana,17960.6254447437,6.30315065,66.5182767068255,2401441.0,Upper middle income
CAF,AFR,Africa,2000,44.23425766,951.056762695,4050.0,16000.0,36.2,Central African Republic,1245.81399563599,4.3808217,37.7014879765364,3833416.0,Low income
CAF,AFR,Africa,2001,44.47178561,927.198669434,4906.0,16000.0,35.3,Central African Republic,1272.85710758505,4.01043987,37.7560236207831,3919487.0,Low income
CAF,AFR,Africa,2002,44.77185837,948.779174805,5181.0,14000.0,36.1,Central African Republic,1290.38314917126,4.23633623,37.8169752995511,4006077.0,Low income
CAF,AFR,Africa,2003,45.20505974,905.663391113,6069.0,14000.0,34.4,Central African Republic,1191.8731520062,4.18572474,37.8863171931924,4103086.0,Low income
CAF,AFR,Africa,2004,45.61618547,898.658752441,6141.0,14000.0,34.0,Central African Republic,1236.28534712166,4.14367914,37.9626889392062,4192826.0,Low income
CAF,AFR,Africa,2005,46.14092523,858.627868652,7050.0,13000.0,32.5,Central African Republic,1219.5939445674,4.22857571,38.0448510426866,4288810.0,Low income
CAF,AFR,Africa,2006,46.69775624,896.90234375,7364.0,12000.0,33.8,Central African Republic,1251.87082171335,4.31108665,38.134433681123,4377579.0,Low income
CAF,AFR,Africa,2007,47.39415912,873.797485352,6496.0,12000.0,32.8,Central African Republic,1284.55283590666,4.6338892,38.2343339436079,4462770.0,Low income
CAF,AFR,Africa,2008,48.29879732,861.662841797,6334.0,11000.0,32.5,Central African Republic,1283.2728263106,4.02635765,38.3474489192338,4558984.0,Low income
CAF,AFR,Africa,2009,48.86668457,886.186950684,7346.0,11000.0,33.3,Central African Republic,1402.68164770801,4.68325615,38.476675697093,4529047.0,Low income
CAF,AFR,Africa,2010,49.20179696,856.873901367,5592.0,10000.0,32.1,Central African Republic,1479.41367757692,3.56699872,38.6244963104203,4492995.0,Low income
CAF,AFR,Africa,2011,49.46797321,935.525024414,5569.0,9800.0,34.9,Central African Republic,1517.14839091011,3.67561865,38.8030669465007,4565021.0,Low income
CAF,AFR,Africa,2012,49.82204247,854.893371582,6239.0,9200.0,32.0,Central African Republic,1577.98053252253,3.91814446,39.0301696038517,4610848.0,Low income
CAF,AFR,Africa,2013,49.31139043,865.192443848,4177.0,9200.0,32.4,Central African Republic,996.896355923912,4.76660204,39.3042963482777,4642419.0,Low income
CAF,AFR,Africa,2014,49.17728884,888.007019043,5838.0,8100.0,33.1,Central African Republic,1001.85598053496,4.56557369,39.6226521868738,4623182.0,Low income
CAF,AFR,Africa,2015,50.96983096,885.810241699,4335.0,7500.0,33.0,Central African Republic,1043.92171697157,5.03434181,39.9824421267351,4629320.0,Low income
CAF,AFR,Africa,2016,51.50031283,890.017333984,4839.0,6800.0,33.2,Central African Republic,1073.94477703739,5.44402313,40.3808711749566,4713663.0,Low income
CAF,AFR,Africa,2017,51.26742466,880.919616699,4978.0,6500.0,32.7,Central African Republic,1103.86609318724,6.66541576,40.8151443386334,4793511.0,Low income
CAF,AFR,Africa,2018,52.13733768,883.42956543,4035.0,5900.0,32.8,Central African Republic,1125.70091748228,10.99484062,41.2824666248606,4878657.0,Low income
CAF,AFR,Africa,2019,52.93260744,874.287475586,4001.0,5400.0,32.5,Central African Republic,1145.09563657752,7.76081514,41.7800430407332,4944703.0,Low income
CAF,AFR,Africa,2020,53.07817181,871.787780762,4053.0,5200.0,32.7,Central African Republic,1136.57052993758,8.98488045,42.3050785933463,5026628.0,Low income
CAF,AFR,Africa,2021,52.30772755,791.369873047,5107.0,5100.0,30.8,Central African Republic,1128.55237996459,9.15097523,42.8547782897949,5112100.0,Low income
CAN,AMR,Americas,2000,79.08864173,411.324127197,0.0,2500.0,14.4,Canada,48399.3055389359,8.24808502,78.6292995508947,30685730.0,High income
CAN,AMR,Americas,2001,79.3114365,402.883300781,0.0,2500.0,14.0,Canada,48774.1675534138,8.62476349,78.8414764949736,31020855.0,High income
CAN,AMR,Americas,2002,79.42214804,397.955383301,0.0,2500.0,13.8,Canada,49695.0066909867,8.85665226,79.0990234802234,31359199.0,High income
CAN,AMR,Americas,2003,79.5801332,390.372161865,0.0,2500.0,13.5,Canada,50139.7862347007,9.01086521,79.391380674239,31642461.0,High income
CAN,AMR,Americas,2004,79.85004413,379.289581299,0.0,2500.0,13.1,Canada,51210.6796118735,9.06623363,79.6923063348315,31938807.0,High income
CAN,AMR,Americas,2005,79.95094625,372.455169678,0.0,2400.0,12.7,Canada,52356.5578038534,9.03529835,79.9760615882965,32242732.0,High income
CAN,AMR,Americas,2006,80.37081942,359.447479248,0.0,2400.0,12.3,Canada,53195.781842155,9.33188725,80.219066099279,32571193.0,High income
CAN,AMR,Americas,2007,80.38195578,358.377075195,0.0,2400.0,12.2,Canada,53761.8620298113,9.4346962,80.4425615136782,32888886.0,High income
CAN,AMR,Americas,2008,80.56313756,352.237060547,0.0,2400.0,11.9,Canada,53711.6792064975,9.59427929,80.6628944916604,33247298.0,High income
CAN,AMR,Americas,2009,80.88259979,340.332824707,0.0,2300.0,11.5,Canada,51552.4223837895,10.70402527,80.8591838893921,33630069.0,High income
CAN,AMR,Americas,2010,81.14359407,331.654052734,0.0,2100.0,11.1,Canada,52558.4408142168,10.70066547,81.0120892252937,34005902.0,High income
CAN,AMR,Americas,2011,81.40188658,323.884643555,0.0,2000.0,10.9,Canada,53681.1296700569,10.40518665,81.1031425434213,34339221.0,High income
CAN,AMR,Americas,2012,81.49329928,319.913116455,0.0,1900.0,10.8,Canada,54034.8034751988,10.5407114,81.1513483248791,34713395.0,High income
CAN,AMR,Americas,2013,81.55829938,318.142028809,0.0,1800.0,10.6,Canada,54712.178423981,10.43559265,81.183439957458,35080992.0,High income
CAN,AMR,Americas,2014,81.59103957,317.815917969,0.0,1800.0,10.5,Canada,55723.4835404159,10.28115654,81.211183161556,35434066.0,High income
CAN,AMR,Americas,2015,81.64860674,315.573303223,0.0,1900.0,10.4,Canada,55660.8675272614,10.76397896,81.2465670276699,35704498.0,High income
CAN,AMR,Americas,2016,81.74452018,316.851165771,0.0,1900.0,10.4,Canada,55606.1549191947,11.05626965,81.3023011093703,36110803.0,High income
CAN,AMR,Americas,2017,81.70954318,316.900177002,0.0,1900.0,10.0,Canada,56612.3285367448,10.9242115,81.4018945832226,36545075.0,High income
CAN,AMR,Americas,2018,81.73382897,312.623840332,0.0,2000.0,9.8,Canada,57337.4909099991,10.92262077,81.5500341646653,37072620.0,High income
CAN,AMR,Americas,2019,82.0216251,305.909301758,0.0,1900.0,9.6,Canada,57583.845798092,11.04823494,81.7363672047941,37618495.0,High income
CAN,AMR,Americas,2020,81.29950989,315.338531494,0.0,1600.0,10.0,Canada,54092.8790317796,13.01732922,81.9509888710566,38028638.0,High income
CAN,AMR,Americas,2021,81.58276248,309.800170898,0.0,1700.0,9.7,Canada,56995.1176781351,12.38106632,82.1779279079275,38239864.0,High income
CHE,EUR,Europe,2000,79.71469969,381.133880615,0.0,500.0,12.6,Switzerland,67378.3901472877,9.13442421,73.302430524727,7184250.0,High income
CHE,EUR,Europe,2001,80.10038738,370.981140137,0.0,500.0,12.0,Switzerland,68008.3441852855,9.46040058,73.3762992611964,7229854.0,High income
CHE,EUR,Europe,2002,80.41025592,360.311157227,0.0,500.0,11.4,Switzerland,67446.4044310268,9.88000107,73.4195324136588,7284753.0,High income
CHE,EUR,Europe,2003,80.40439825,364.43560791,0.0,500.0,11.5,Switzerland,66926.167976443,10.13696766,73.4518762174754,7339001.0,High income
CHE,EUR,Europe,2004,80.94173199,344.049835205,0.0,500.0,11.0,Switzerland,68263.4411390817,10.22576523,73.4761317507392,7389625.0,High income
CHE,EUR,Europe,2005,81.11493442,340.19442749,0.0,500.0,10.8,Switzerland,69692.5954827493,10.05823421,73.4951000915434,7437115.0,High income
CHE,EUR,Europe,2006,81.41480541,329.687744141,0.0,500.0,10.4,Switzerland,72077.8598470308,9.5802002,73.5115823179813,7483934.0,High income
CHE,EUR,Europe,2007,81.59797301,324.559936523,0.0,500.0,10.4,Switzerland,74234.3010991931,9.41693783,73.5283795081459,7551117.0,High income
CHE,EUR,Europe,2008,81.86194325,317.279937744,0.0,500.0,10.1,Switzerland,75355.202488789,9.53167725,73.5482927401305,7647675.0,High income
CHE,EUR,Europe,2009,81.89043047,315.477905273,0.0,500.0,9.8,Switzerland,72709.8138293408,10.1415062,73.5741230920283,7743831.0,High income
CHE,EUR,Europe,2010,82.19541207,309.738067627,0.0,500.0,9.7,Switzerland,74290.2619629278,9.9907856,73.6086716419323,7824909.0,High income
CHE,EUR,Europe,2011,82.36855875,302.383026123,0.0,500.0,9.4,Switzerland,74800.8886353533,10.10393143,73.65058748615,7912398.0,High income
CHE,EUR,Europe,2012,82.39224777,302.812194824,0.0,500.0,9.4,Switzerland,74883.6158924249,10.33511066,73.7522629583622,7996861.0,High income
CHE,EUR,Europe,2013,82.47547076,299.715270996,0.0,500.0,9.1,Switzerland,75354.1550500884,10.59444523,74.1121384785551,8089346.0,High income
CHE,EUR,Europe,2014,82.84919576,288.942230225,0.0,500.0,8.9,Switzerland,76189.6018443969,10.6751194,74.7402679059582,8188649.0,High income
CHE,EUR,Europe,2015,82.58994495,294.653656006,0.0,500.0,8.8,Switzerland,76566.0772542148,10.97983074,75.6044960143169,8282396.0,High income
CHE,EUR,Europe,2016,83.17109413,279.265563965,0.0,500.0,8.5,Switzerland,77301.2124304857,11.20248795,76.6726675773771,8373338.0,High income
CHE,EUR,Europe,2017,83.13986197,278.992858887,0.0,500.0,8.2,Switzerland,77626.9027376941,11.37471581,77.9126273688843,8451840.0,High income
CHE,EUR,Europe,2018,83.28963498,273.121856689,0.0,500.0,8.2,Switzerland,79261.3563641288,11.19891071,79.2922201625844,8514329.0,High income
CHE,EUR,Europe,2019,83.47957563,269.607910156,0.0,500.0,7.9,Switzerland,79596.7029465098,11.42588997,80.7792907322229,8575280.0,High income
CHE,EUR,Europe,2020,82.73602492,259.820007324,0.0,500.0,7.6,Switzerland,77324.8870934007,11.98960876,82.3416838515457,8638167.0,High income
CHE,EUR,Europe,2021,83.32795777,250.960708618,0.0,500.0,7.5,Switzerland,81001.4111206118,11.95855618,84.2006477608879,8704546.0,High income
CHL,AMR,Americas,2000,76.79721978,458.023620605,0.0,1900.0,14.0,Chile,17525.2717273479,7.00020742,86.2710912457813,15503635.0,High income
CHL,AMR,Americas,2001,76.75737429,464.345428467,0.0,1900.0,14.4,Chile,17870.3008332711,7.09733105,86.4906345913002,15683849.0,High income
CHL,AMR,Americas,2002,77.34180988,444.013916016,0.0,2000.0,13.9,Chile,18240.2015602857,7.20833778,86.6114115090282,15857925.0,High income
CHL,AMR,Americas,2003,77.44592963,443.409576416,0.0,2100.0,14.1,Chile,18902.8708740806,7.25047779,86.6792973033246,16024752.0,High income
CHL,AMR,Americas,2004,77.54890712,436.79019165,0.0,2200.0,13.7,Chile,19961.9835794233,6.91028595,86.7336754490112,16187322.0,High income
CHL,AMR,Americas,2005,78.0049121,418.70880127,0.0,2300.0,13.5,Chile,20918.5275760681,6.62372065,86.7768244484887,16348778.0,High income
CHL,AMR,Americas,2006,78.48262712,397.670959473,0.0,2400.0,13.2,Chile,21968.5375355854,6.07235622,86.8125123390851,16509195.0,High income
CHL,AMR,Americas,2007,78.48498969,399.854492188,0.0,2600.0,13.3,Chile,22878.8834428789,6.21259642,86.8445071581285,16671581.0,High income
CHL,AMR,Americas,2008,79.19803048,371.681610107,0.0,2700.0,12.8,Chile,23509.7816931441,6.73954487,86.8765769429469,16838988.0,High income
CHL,AMR,Americas,2009,79.00490643,377.893676758,0.0,2800.0,13.0,Chile,23013.5817893814,7.25026846,86.9124897308683,17009731.0,High income
CHL,AMR,Americas,2010,78.83198498,386.182312012,0.0,3000.0,12.9,Chile,24116.7694715614,6.81958389,86.9560135592209,17181464.0,High income
CHL,AMR,Americas,2011,79.55204941,366.264465332,0.0,3100.0,12.6,Chile,25366.2690249825,6.79947519,87.0109164653326,17351816.0,High income
CHL,AMR,Americas,2012,79.58354937,366.085479736,0.0,3200.0,12.4,Chile,26670.4971338402,7.01951265,87.0824943735696,17519119.0,High income
CHL,AMR,Americas,2013,79.82550323,355.673034668,0.0,3200.0,12.1,Chile,27291.3576525957,7.47552681,87.1827777654221,17687006.0,High income
CHL,AMR,Americas,2014,79.93658439,351.015075684,0.0,3300.0,11.8,Chile,27505.0495524158,7.84150171,87.3133701497978,17864195.0,High income
CHL,AMR,Americas,2015,80.12508082,348.191101074,0.0,3400.0,11.5,Chile,27811.3745158617,8.3513937,87.4653320342387,18047625.0,High income
CHL,AMR,Americas,2016,80.46247256,340.543060303,0.0,3500.0,11.0,Chile,27958.7284996682,8.55767059,87.6306290578181,18267221.0,High income
CHL,AMR,Americas,2017,80.65876294,334.646850586,0.0,3600.0,10.6,Chile,27892.9946862827,9.090518,87.8000295757281,18558868.0,High income
CHL,AMR,Americas,2018,80.96185803,321.973968506,0.0,3700.0,10.4,Chile,28492.6611456515,9.15040398,87.9620493753008,18893191.0,High income
CHL,AMR,Americas,2019,81.02769155,314.766235352,0.0,3800.0,10.2,Chile,28218.5343879081,9.30968475,88.1273685623538,19197744.0,High income
CHL,AMR,Americas,2020,79.90385052,307.975952148,0.0,3800.0,9.9,Chile,26248.5616432825,9.69734573,88.2953490438375,19370624.0,High income
CHL,AMR,Americas,2021,79.02404788,330.151428223,0.0,3900.0,9.4,Chile,29089.850459728,9.72450161,88.4660511664452,19456334.0,High income
CHN,WPR,Western Pacific,2000,70.83886138,731.345703125,39.0,0.0,24.1,China,4066.03627019859,4.4535861,36.4320234662299,1262645000.0,Upper middle income
CHN,WPR,Western Pacific,2001,71.13400253,732.092224121,30.0,0.0,23.8,China,4372.15705579934,4.19752026,37.6597442626953,1271850000.0,Upper middle income
CHN,WPR,Western Pacific,2002,71.4546616,723.980651855,42.0,0.0,23.6,China,4744.39855079794,4.32156181,39.0897827148438,1280400000.0,Upper middle income
CHN,WPR,Western Pacific,2003,71.68827313,728.934082031,52.0,0.0,23.5,China,5192.00604608587,4.35460472,40.5302314758301,1288400000.0,Upper middle income
CHN,WPR,Western Pacific,2004,71.93150989,730.738952637,31.0,0.0,23.3,China,5684.16873050981,4.22949076,41.7600135803223,1296075000.0,Upper middle income
CHN,WPR,Western Pacific,2005,72.44256077,710.124511719,48.0,0.0,22.5,China,6298.32318474516,4.11230803,42.9899978637695,1303720000.0,Upper middle income
CHN,WPR,Western Pacific,2006,73.28900157,656.180358887,38.0,0.0,21.2,China,7057.09993331646,3.88655019,44.3430099487305,1311020000.0,Upper middle income
CHN,WPR,Western Pacific,2007,73.8389379,630.337036133,18.0,0.0,20.3,China,8013.71568302247,3.61737728,45.8892440795898,1317885000.0,Upper middle income
CHN,WPR,Western Pacific,2008,73.99659977,622.957885742,23.0,0.0,20.0,China,8743.74491232188,3.83627748,46.9895057678223,1324655000.0,Upper middle income
CHN,WPR,Western Pacific,2009,74.38654953,617.849975586,12.0,0.0,19.7,China,9518.43214737204,4.27631998,48.3417053222656,1331260000.0,Upper middle income
CHN,WPR,Western Pacific,2010,74.65168239,611.277404785,19.0,0.0,19.4,China,10476.3123630451,4.15821123,49.2340270628041,1337705000.0,Upper middle income
CHN,WPR,Western Pacific,2011,75.03511843,595.189147949,33.0,0.0,19.0,China,11405.0172845617,4.26719379,51.8300285339355,1345035000.0,Upper middle income
CHN,WPR,Western Pacific,2012,75.48068539,572.358032227,0.0,0.0,18.7,China,12217.8543175465,4.49046612,53.1003112792969,1354190000.0,Upper middle income
CHN,WPR,Western Pacific,2013,75.84030781,558.172058105,0.0,0.0,18.1,China,13080.8288162668,4.63882637,54.4900016784668,1363240000.0,Upper middle income
CHN,WPR,Western Pacific,2014,76.19910536,542.375305176,0.0,0.0,17.5,China,13968.581485524,4.69880247,55.7502555847168,1371860000.0,Upper middle income
CHN,WPR,Western Pacific,2015,76.5103545,528.647216797,0.0,0.0,17.1,China,14856.7807604461,4.85367584,57.3297843933105,1379860000.0,Upper middle income
CHN,WPR,Western Pacific,2016,76.71571735,521.716186523,0.0,0.0,16.8,China,15772.7647598696,4.88338089,58.8399238586426,1387790000.0,Upper middle income
CHN,WPR,Western Pacific,2017,76.94625698,512.544189453,0.0,0.0,16.5,China,16757.9736318662,4.9695034,60.2402687072754,1396215000.0,Upper middle income
CHN,WPR,Western Pacific,2018,77.14021145,505.25302124,0.0,0.0,16.2,China,17806.7902349725,5.06933308,61.5001983642578,1402760000.0,Upper middle income
CHN,WPR,Western Pacific,2019,77.31273653,499.541625977,0.0,0.0,16.0,China,18820.5131033646,5.26516867,62.7099151611328,1407745000.0,Upper middle income
CHN,WPR,Western Pacific,2020,77.48113543,490.775695801,0.0,0.0,15.8,China,19215.1541703465,5.50441837,63.5234230266258,1411100000.0,Upper middle income
CHN,WPR,Western Pacific,2021,77.61619672,491.388214111,0.0,0.0,15.9,China,20843.2978347377,5.25590324,64.721076965332,1412360000.0,Upper middle income
CIV,AFR,Africa,2000,51.16878476,564.847900391,30028.0,62000.0,21.8,Cote d'Ivoire,4838.34023729938,3.61476922,43.0840065011913,17699004.0,Lower middle income
CIV,AFR,Africa,2001,51.50148868,570.371643066,31639.0,57000.0,22.1,Cote d'Ivoire,4609.14469395303,3.59047151,43.4670149035012,18178913.0,Lower middle income
CIV,AFR,Africa,2002,51.80536737,570.686950684,32699.0,53000.0,21.8,Cote d'Ivoire,4368.92808837279,3.54146051,43.859032147728,18654771.0,Lower middle income
CIV,AFR,Africa,2003,52.20445217,578.81463623,34601.0,47000.0,22.1,Cote d'Ivoire,4060.00038038427,3.95147705,44.2593744150531,19125542.0,Lower middle income
CIV,AFR,Africa,2004,52.80209302,566.969848633,34158.0,45000.0,21.2,Cote d'Ivoire,4088.94517328472,4.02148724,44.667357886658,19595000.0,Lower middle income
CIV,AFR,Africa,2005,53.84685304,571.660888672,29484.0,41000.0,21.2,Cote d'Ivoire,4032.24588029846,3.96639085,45.082298743724,20068458.0,Lower middle income
CIV,AFR,Africa,2006,54.91662177,579.497253418,28477.0,38000.0,21.0,Cote d'Ivoire,4049.26032962496,3.92861462,45.5035131674326,20546802.0,Lower middle income
CIV,AFR,Africa,2007,55.73160801,594.862854004,29345.0,34000.0,21.5,Cote d'Ivoire,3999.69095682208,4.19379663,45.930317338965,21030558.0,Lower middle income
CIV,AFR,Africa,2008,56.57054792,615.49017334,30478.0,28000.0,22.3,Cote d'Ivoire,4096.72346918931,4.1387105,46.3620274395029,21514439.0,Lower middle income
CIV,AFR,Africa,2009,57.18053039,638.597045898,33352.0,27000.0,23.4,Cote d'Ivoire,4151.05360874982,4.63971424,46.7979596502274,21997940.0,Lower middle income
CIV,AFR,Africa,2010,57.33114203,672.151245117,32193.0,25000.0,24.6,Cote d'Ivoire,4338.65248394142,4.57494831,47.2374301523201,22488065.0,Lower middle income
CIV,AFR,Africa,2011,57.55420401,682.914672852,26496.0,23000.0,25.1,Cote d'Ivoire,4017.40782040208,4.39700699,47.6797551269623,22982000.0,Lower middle income
CIV,AFR,Africa,2012,58.54983117,687.911987305,15435.0,20000.0,25.3,Cote d'Ivoire,4234.18055593319,4.4273715,48.1242507553354,23467078.0,Lower middle income
CIV,AFR,Africa,2013,59.30998362,682.932373047,10708.0,19000.0,25.1,Cote d'Ivoire,4597.18635239866,3.71773791,48.5702332186208,23939775.0,Lower middle income
CIV,AFR,Africa,2014,60.06789432,667.029418945,9562.0,16000.0,24.5,Cote d'Ivoire,4907.57450294516,3.7310183,49.0173144557368,24527395.0,Lower middle income
CIV,AFR,Africa,2015,60.9342411,655.828430176,9667.0,16000.0,24.1,Cote d'Ivoire,5110.86240809881,3.2198832,49.4694894689553,25246342.0,Lower middle income
CIV,AFR,Africa,2016,61.62678525,646.779785156,9766.0,17000.0,23.8,Cote d'Ivoire,5320.84646239855,3.32101274,49.929991034032,25989405.0,Lower middle income
CIV,AFR,Africa,2017,62.27592918,639.46887207,10298.0,14000.0,23.6,Cote d'Ivoire,5556.11366322898,3.24693036,50.3977309654344,26733372.0,Lower middle income
CIV,AFR,Africa,2018,62.90790762,635.229736328,11026.0,13000.0,23.5,Cote d'Ivoire,5670.20005356688,3.0916779,50.8718477756395,27464173.0,Lower middle income
CIV,AFR,Africa,2019,63.48479652,630.730224609,11329.0,11000.0,23.3,Cote d'Ivoire,5894.87874674153,3.18916845,51.3514799771241,28193009.0,Lower middle income
CIV,AFR,Africa,2020,63.31088991,637.539978027,11551.0,11000.0,23.8,Cote d'Ivoire,5787.81533309018,3.62327886,51.8357660823651,28915449.0,Lower middle income
CIV,AFR,Africa,2021,63.5174083,600.219360352,11248.0,10000.0,22.7,Cote d'Ivoire,6045.20480490879,3.76207662,52.3183461956059,29639736.0,Lower middle income
CMR,AFR,Africa,2000,52.95852821,670.223205566,17946.0,66000.0,26.2,Cameroon,3822.94425358926,4.29573393,46.2449829402599,14912631.0,Lower middle income
CMR,AFR,Africa,2001,52.89875064,694.995849609,19003.0,62000.0,27.1,Cameroon,3884.87304812714,4.16830397,46.7627509050978,15309490.0,Lower middle income
CMR,AFR,Africa,2002,52.90318218,697.023681641,18854.0,59000.0,27.2,Cameroon,3951.41936232132,4.02669907,47.2589242513436,15725528.0,Lower middle income
CMR,AFR,Africa,2003,53.05889292,708.045166016,19955.0,56000.0,27.7,Cameroon,4054.78133246517,3.90227985,47.7325523560061,16160340.0,Lower middle income
CMR,AFR,Africa,2004,53.56554781,699.352600098,20746.0,52000.0,27.4,Cameroon,4222.96638689885,3.72798991,48.1826845960942,16610487.0,Lower middle income
CMR,AFR,Africa,2005,54.1270059,705.66809082,20550.0,49000.0,27.5,Cameroon,4199.72270969362,3.77274442,48.5837852394685,17074594.0,Lower middle income
CMR,AFR,Africa,2006,54.52792524,706.201904297,19397.0,47000.0,27.3,Cameroon,4241.51744722821,3.73662829,49.2044173412861,17550407.0,Lower middle income
CMR,AFR,Africa,2007,55.00397444,707.124389648,16876.0,45000.0,27.3,Cameroon,4302.6192630847,3.79498792,49.7027028593758,18049896.0,Lower middle income
CMR,AFR,Africa,2008,55.69426406,709.310241699,14277.0,43000.0,27.3,Cameroon,4300.26640352464,3.65843678,50.0858325268669,18574056.0,Lower middle income
CMR,AFR,Africa,2009,56.2682285,706.822143555,13280.0,40000.0,27.1,Cameroon,4286.57718166156,3.49997187,50.4714131335678,19113974.0,Lower middle income
CMR,AFR,Africa,2010,56.78466995,706.166992188,12439.0,36000.0,27.0,Cameroon,4286.58302947378,3.57742167,50.8505075371362,19668066.0,Lower middle income
CMR,AFR,Africa,2011,57.25716759,703.706420898,11870.0,34000.0,26.8,Cameroon,4307.85195558527,3.85282946,51.2229843034125,20232304.0,Lower middle income
CMR,AFR,Africa,2012,57.77355305,710.809265137,12071.0,29000.0,27.0,Cameroon,4382.11120797355,3.9310236,51.5887119982861,20809529.0,Lower middle income
CMR,AFR,Africa,2013,58.1602222,713.913452148,12222.0,26000.0,27.0,Cameroon,4473.57231896434,3.63136435,51.9475591877024,21402376.0,Lower middle income
CMR,AFR,Africa,2014,58.43615921,717.135742188,12229.0,24000.0,27.2,Cameroon,4588.4864949903,4.34148788,52.2993944376709,22059893.0,Lower middle income
CMR,AFR,Africa,2015,58.9843954,707.194946289,12214.0,23000.0,26.8,Cameroon,4698.66677843587,4.12600517,52.6440863142742,22763414.0,Lower middle income
CMR,AFR,Africa,2016,59.79056297,694.803344727,12120.0,23000.0,26.3,Cameroon,4767.13186148953,4.02253723,52.9815033836792,23454161.0,Lower middle income
CMR,AFR,Africa,2017,60.64260038,682.723144531,11922.0,21000.0,25.7,Cameroon,4797.97544185544,3.79293942,53.3115142121504,24128601.0,Lower middle income
CMR,AFR,Africa,2018,61.3869156,671.150512695,11779.0,20000.0,25.2,Cameroon,4851.48003949961,3.61970162,53.6339873660653,24806383.0,Lower middle income
CMR,AFR,Africa,2019,62.02612874,666.397521973,11458.0,20000.0,24.9,Cameroon,4882.35560028896,3.65157914,53.9487914119331,25506095.0,Lower middle income
CMR,AFR,Africa,2020,62.18085382,673.578674316,13523.0,19000.0,25.3,Cameroon,4763.48194388066,4.25051928,54.2557949164174,26210558.0,Lower middle income
CMR,AFR,Africa,2021,61.76934896,638.81036377,12961.0,17000.0,24.3,Cameroon,4793.55628200196,4.34109783,54.5548664463635,26915758.0,Lower middle income
COD,AFR,Africa,2000,52.64392739,717.447753906,93208.0,65000.0,26.8,"Congo, Dem. Rep.",981.422080026496,1.46594739,34.9008752617485,50507442.0,Low income
COD,AFR,Africa,2001,52.99713016,720.313232422,102551.0,61000.0,26.9,"Congo, Dem. Rep.",930.8578260745,2.62310982,35.4153526820763,52132646.0,Low income
COD,AFR,Africa,2002,53.2535703,714.351196289,89442.0,60000.0,26.6,"Congo, Dem. Rep.",929.452807092197,2.57012939,35.937064393184,53750524.0,Low income
COD,AFR,Africa,2003,53.6935484,726.154602051,103447.0,57000.0,27.0,"Congo, Dem. Rep.",953.044643237975,3.73353338,36.4654627231369,55343867.0,Low income
COD,AFR,Africa,2004,54.34409074,726.097229004,108750.0,56000.0,26.9,"Congo, Dem. Rep.",987.746920877671,4.33564186,37.0,56997741.0,Low income
COD,AFR,Africa,2005,54.94182979,717.182495117,112534.0,53000.0,26.5,"Congo, Dem. Rep.",1016.6338907666,3.98558235,37.4018738621901,58775724.0,Low income
COD,AFR,Africa,2006,55.48457469,710.535766602,115742.0,51000.0,26.2,"Congo, Dem. Rep.",1036.13329616563,4.06210661,37.8024827128113,60615908.0,Low income
COD,AFR,Africa,2007,55.97784827,716.799194336,114113.0,50000.0,26.4,"Congo, Dem. Rep.",1091.0040733455,3.89384961,38.201781337298,62477752.0,Low income
COD,AFR,Africa,2008,56.32188866,720.239746094,96965.0,47000.0,26.5,"Congo, Dem. Rep.",1136.9467210438,4.31254816,38.5997245210844,64390664.0,Low income
COD,AFR,Africa,2009,56.80885819,710.67779541,88664.0,47000.0,26.1,"Congo, Dem. Rep.",1108.57506967795,4.51133156,38.9962670496049,66412044.0,Low income
COD,AFR,Africa,2010,57.39937072,708.603271484,85123.0,44000.0,26.0,"Congo, Dem. Rep.",1158.01422439658,3.72224283,39.391363708294,68563038.0,Low income
COD,AFR,Africa,2011,57.88760041,704.853820801,78483.0,43000.0,25.7,"Congo, Dem. Rep.",1205.73984565432,3.19435549,39.7849692825859,70849311.0,Low income
COD,AFR,Africa,2012,58.3404554,698.898498535,64511.0,40000.0,25.5,"Congo, Dem. Rep.",1267.23827814087,3.2215035,40.1770385579151,73254618.0,Low income
COD,AFR,Africa,2013,58.89523659,696.614257813,57471.0,38000.0,25.3,"Congo, Dem. Rep.",1342.74156112016,3.34057522,40.5675263197158,75789395.0,Low income
COD,AFR,Africa,2014,59.46084106,695.574707031,60156.0,36000.0,25.2,"Congo, Dem. Rep.",1392.75841334673,3.72520614,40.9563873534225,78403242.0,Low income
COD,AFR,Africa,2015,59.96244072,692.752929688,60443.0,35000.0,25.2,"Congo, Dem. Rep.",1433.21579814709,3.74785447,41.3435764444694,81035531.0,Low income
COD,AFR,Africa,2016,60.43572174,692.776916504,66971.0,34000.0,25.1,"Congo, Dem. Rep.",1388.80163211633,4.20027828,41.7290483782911,83956415.0,Low income
COD,AFR,Africa,2017,60.84101636,696.97845459,68597.0,33000.0,25.2,"Congo, Dem. Rep.",1395.71961761712,4.00057793,42.1127579403217,87083398.0,Low income
COD,AFR,Africa,2018,61.4317933,695.867553711,77570.0,33000.0,25.1,"Congo, Dem. Rep.",1431.7285269693,3.24127173,42.4946599159958,90047644.0,Low income
COD,AFR,Africa,2019,61.83901232,687.602539063,75254.0,34000.0,24.7,"Congo, Dem. Rep.",1394.76461472893,3.508039,42.8747090907476,92947442.0,Low income
COD,AFR,Africa,2020,62.03594732,707.110046387,75025.0,32000.0,25.5,"Congo, Dem. Rep.",1361.02791099008,3.97694445,43.2528602500115,95989998.0,Low income
COD,AFR,Africa,2021,61.62552641,695.952941895,70300.0,30000.0,25.1,"Congo, Dem. Rep.",1402.38560295221,3.86727977,43.6290681792218,99148932.0,Low income
COG,AFR,Africa,2000,52.21826617,1009.670959473,2160.0,7500.0,36.5,"Congo, Rep.",7570.58279297342,1.50500846,58.8947380255871,3151345.0,Lower middle income
COG,AFR,Africa,2001,53.11126203,948.657226563,2648.0,7400.0,34.1,"Congo, Rep.",7567.43916817104,2.18529987,59.4417859130405,3272537.0,Lower middle income
COG,AFR,Africa,2002,53.80580675,897.755493164,2374.0,7600.0,32.1,"Congo, Rep.",7729.3889014189,1.70167828,59.9716066874511,3350771.0,Lower middle income
COG,AFR,Africa,2003,54.50087703,842.933105469,2370.0,7600.0,30.1,"Congo, Rep.",7577.45630456352,1.91852403,60.4694583791889,3445753.0,Lower middle income
COG,AFR,Africa,2004,55.40549068,850.591918945,2324.0,7300.0,30.3,"Congo, Rep.",7577.44597274153,1.92152369,60.9205990186239,3565554.0,Lower middle income
COG,AFR,Africa,2005,56.51057672,827.315979004,2204.0,7400.0,29.4,"Congo, Rep.",7876.11806658285,1.71774101,61.310286636126,3696393.0,Lower middle income
COG,AFR,Africa,2006,57.53120192,779.561096191,2035.0,7400.0,27.5,"Congo, Rep.",8192.57979719023,1.70861316,61.6237792620651,3837409.0,Lower middle income
COG,AFR,Africa,2007,58.25955292,774.385192871,1920.0,7300.0,27.2,"Congo, Rep.",7375.82454100145,1.90200174,61.8502563370293,3980430.0,Lower middle income
COG,AFR,Africa,2008,59.22236239,762.732666016,1801.0,7200.0,26.7,"Congo, Rep.",7587.28826163492,2.2392714,62.0354815675203,4113517.0,Lower middle income
COG,AFR,Africa,2009,60.08941536,765.302185059,1836.0,7300.0,26.7,"Congo, Rep.",8138.45033818822,2.1422224,62.2172294650265,4281219.0,Lower middle income
COG,AFR,Africa,2010,60.60462815,754.144775391,1854.0,7600.0,26.2,"Congo, Rep.",8583.66179834288,1.85172856,62.3922871058739,4462290.0,Lower middle income
COG,AFR,Africa,2011,61.13100658,747.634338379,1885.0,7800.0,25.9,"Congo, Rep.",8492.42098392103,1.75237322,62.5597508130231,4609724.0,Lower middle income
COG,AFR,Africa,2012,61.21875153,744.899536133,1914.0,8100.0,25.8,"Congo, Rep.",9079.68656400891,1.90971065,62.7187169094345,4740450.0,Lower middle income
COG,AFR,Africa,2013,61.42791356,729.196472168,2029.0,8200.0,25.2,"Congo, Rep.",8798.49382506314,1.94347155,62.8682817180686,4857099.0,Lower middle income
COG,AFR,Africa,2014,61.64003199,707.323608398,2030.0,8500.0,24.4,"Congo, Rep.",9159.25664414045,1.97311735,63.0075415618859,4975880.0,Lower middle income
COG,AFR,Africa,2015,62.05475682,681.628112793,2018.0,8700.0,23.4,"Congo, Rep.",8977.70681641417,2.45668483,63.135592763847,5097581.0,Lower middle income
COG,AFR,Africa,2016,62.56582962,658.793945313,2071.0,9200.0,22.4,"Congo, Rep.",8001.8255194505,2.59422994,63.2515316469123,5222536.0,Lower middle income
COG,AFR,Africa,2017,62.84312978,647.958312988,2107.0,9500.0,21.9,"Congo, Rep.",7372.77046737599,2.36476016,63.3544545340423,5351011.0,Lower middle income
COG,AFR,Africa,2018,63.05964242,658.379882813,2233.0,9800.0,22.4,"Congo, Rep.",7029.33651566257,1.75584984,63.4434577481975,5483118.0,Lower middle income
COG,AFR,Africa,2019,62.75844008,673.317749023,2230.0,11000.0,23.0,"Congo, Rep.",6939.36913397466,2.34771276,63.5176376123385,5616661.0,Lower middle income
COG,AFR,Africa,2020,63.35937843,645.697265625,2238.0,11000.0,21.9,"Congo, Rep.",6350.50913409722,4.01775074,63.5760904494257,5752791.0,Lower middle income
COG,AFR,Africa,2021,63.17262301,616.724853516,2219.0,11000.0,21.2,"Congo, Rep.",6263.21161292636,3.46133351,63.6179125824196,5892183.0,Lower middle income
COL,AMR,Americas,2000,72.53854433,497.588256836,124.0,13000.0,16.6,Colombia,10813.4942250011,5.63529348,74.3493570179247,39089934.0,Upper middle income
COL,AMR,Americas,2001,72.62895792,493.076660156,168.0,12000.0,15.9,Colombia,10823.4504878807,5.94238281,74.7938371677676,39709262.0,Upper middle income
COL,AMR,Americas,2002,72.8310481,483.904052734,162.0,12000.0,15.3,Colombia,10925.1485602082,5.73296595,75.192444355543,40324680.0,Upper middle income
COL,AMR,Americas,2003,73.54484514,496.224853516,118.0,12000.0,15.3,Colombia,11183.2911819793,5.77505445,75.5341828570154,40937429.0,Upper middle income
COL,AMR,Americas,2004,73.98320442,482.041229248,126.0,12000.0,14.9,Colombia,11607.9384935105,5.79892111,75.8080569479496,41543171.0,Upper middle income
COL,AMR,Americas,2005,74.43998835,480.210296631,87.0,11000.0,14.4,Colombia,11999.2549591305,6.06710577,76.004938901378,42128977.0,Upper middle income
COL,AMR,Americas,2006,74.69666325,475.655609131,77.0,11000.0,14.1,Colombia,12636.6246577724,6.33546638,76.1619191918164,42691084.0,Upper middle income
COL,AMR,Americas,2007,75.19865773,459.637451172,68.0,11000.0,13.3,Colombia,13318.3033138168,6.49102163,76.3144038775849,43235374.0,Upper middle income
COL,AMR,Americas,2008,75.40888643,454.918365479,54.0,12000.0,12.7,Colombia,13591.0609028567,6.84192181,76.4596761810047,43758808.0,Upper middle income
COL,AMR,Americas,2009,75.75932913,423.915161133,28.0,12000.0,11.8,Colombia,13586.7518430982,7.31134558,76.5964145836792,44271541.0,Upper middle income
COL,AMR,Americas,2010,75.96054748,426.093536377,42.0,12000.0,11.5,Colombia,14037.0642668639,7.07130194,76.7232975672119,44777319.0,Upper middle income
COL,AMR,Americas,2011,76.68552906,403.552154541,23.0,11000.0,10.9,Colombia,14852.3699513061,6.78076792,76.839003613206,45259614.0,Upper middle income
COL,AMR,Americas,2012,76.94484313,395.598052979,24.0,11000.0,10.6,Colombia,15279.4790008058,6.74601603,76.942211203265,45715810.0,Upper middle income
COL,AMR,Americas,2013,77.2278702,388.878753662,10.0,11000.0,10.5,Colombia,15912.2471293239,7.01724052,77.0315988189922,46151584.0,Upper middle income
COL,AMR,Americas,2014,77.36559952,393.932037354,17.0,11000.0,10.4,Colombia,16480.3631474161,7.18553209,77.1058449419909,46565429.0,Upper middle income
COL,AMR,Americas,2015,77.34484367,397.90322876,18.0,11000.0,10.5,Colombia,16821.3801400631,7.52338505,77.1636280538646,46969940.0,Upper middle income
COL,AMR,Americas,2016,77.57662615,389.124298096,36.0,11000.0,10.5,Colombia,17003.244366485,7.53117037,77.2036266362166,47437512.0,Upper middle income
COL,AMR,Americas,2017,77.7944403,386.324768066,19.0,12000.0,10.3,Colombia,16986.0334182842,7.67864323,77.2245191706503,48131078.0,Upper middle income
COL,AMR,Americas,2018,77.82372796,387.262969971,9.0,12000.0,10.5,Colombia,17104.1313545678,7.71777487,77.2804816598084,49024465.0,Upper middle income
COL,AMR,Americas,2019,77.9535847,384.846557617,3.0,12000.0,10.3,Colombia,17336.7716030551,7.83404827,77.4595528518377,49907985.0,Upper middle income
COL,AMR,Americas,2020,76.17457612,385.694671631,5.0,12000.0,10.4,Colombia,15861.4999291295,8.69751263,77.6382533537045,50629997.0,Upper middle income
COL,AMR,Americas,2021,74.53297363,412.352935791,11.0,12000.0,10.3,Colombia,17383.0901728295,9.14150524,77.8339570326128,51188173.0,Upper middle income
COM,AFR,Africa,2000,62.03733666,735.717834473,89.0,100.0,26.3,Comoros,2858.85692121457,7.51525021,28.0360512192055,536080.0,Lower middle income
COM,AFR,Africa,2001,62.70292188,715.84979248,89.0,100.0,25.5,Comoros,2952.44235205824,6.6571784,27.9902886596605,547220.0,Lower middle income
COM,AFR,Africa,2002,63.12089097,695.360046387,89.0,100.0,24.7,Comoros,3023.52434389434,6.68594599,27.9586267103537,558923.0,Lower middle income
COM,AFR,Africa,2003,63.63164331,672.309875488,89.0,100.0,23.8,Comoros,3023.18985379149,6.66024828,27.9448864609618,569798.0,Lower middle income
COM,AFR,Africa,2004,63.97536549,656.346130371,89.0,100.0,23.0,Comoros,3058.38338421434,6.58576155,27.9596300229124,580704.0,Lower middle income
COM,AFR,Africa,2005,64.27700657,645.725830078,92.0,100.0,22.7,Comoros,3166.36268239583,6.13142872,28.016895208368,592677.0,Lower middle income
COM,AFR,Africa,2006,64.55149646,635.280578613,89.0,100.0,22.2,Comoros,3048.69236655028,5.77341843,28.1143215973031,604753.0,Lower middle income
COM,AFR,Africa,2007,64.77430676,631.530578613,89.0,100.0,22.1,Comoros,3012.54746686894,5.41753864,28.2493321448949,616927.0,Lower middle income
COM,AFR,Africa,2008,65.33611843,632.618408203,89.0,100.0,22.1,Comoros,3070.36952892496,5.06897497,28.4193498063202,629307.0,Lower middle income
COM,AFR,Africa,2009,65.01480079,618.070251465,89.0,100.0,21.4,Comoros,3107.45297029798,4.92694378,28.6217975367563,641947.0,Lower middle income
COM,AFR,Africa,2010,65.96560133,617.689453125,92.0,100.0,21.3,Comoros,3161.37481152565,4.99181557,28.8540982913801,654836.0,Lower middle income
COM,AFR,Africa,2011,65.80471815,613.221679688,62.0,100.0,21.3,Comoros,3227.21653582919,5.3021183,29.1136750253686,668056.0,Lower middle income
COM,AFR,Africa,2012,66.39715563,611.339416504,125.0,100.0,21.1,Comoros,3263.16316392712,5.17354631,29.397950693899,681630.0,Lower middle income
COM,AFR,Africa,2013,66.72653391,604.881774902,135.0,100.0,20.9,Comoros,3337.59859719238,5.10299301,29.7043482521482,696192.0,Lower middle income
COM,AFR,Africa,2014,67.0710997,616.062927246,5.0,100.0,21.3,Comoros,3334.57512780965,5.23849726,30.0302906552932,711503.0,Lower middle income
COM,AFR,Africa,2015,67.42647275,612.046569824,4.0,100.0,21.2,Comoros,3302.38635129322,4.60089922,30.3732008585112,726682.0,Lower middle income
COM,AFR,Africa,2016,67.70212624,607.925476074,3.0,100.0,21.1,Comoros,3342.76677092883,4.65263557,30.7305018169792,741741.0,Lower middle income
COM,AFR,Africa,2017,67.83204139,600.499511719,9.0,100.0,20.8,Comoros,3401.85239322573,5.26807451,31.0996559689293,756669.0,Lower middle income
COM,AFR,Africa,2018,68.19621524,593.509033203,38.0,100.0,20.5,Comoros,3457.58685798732,4.90318584,31.4073645195839,771590.0,Lower middle income
COM,AFR,Africa,2019,68.10062174,591.602355957,45.0,100.0,20.3,Comoros,3451.42139338772,5.18044472,31.7287584068243,786578.0,Lower middle income
COM,AFR,Africa,2020,68.30703432,606.763427734,11.0,100.0,21.0,Comoros,3377.74564051638,5.902421,32.0638072194881,802163.0,Lower middle income
COM,AFR,Africa,2021,67.4970386,582.731506348,26.0,100.0,20.2,Comoros,3377.88518482587,6.46315002,32.4124444313246,818174.0,Lower middle income
CPV,AFR,Africa,2000,71.69763358,453.853424072,0.0,500.0,16.6,Cabo Verde,4510.13573659758,3.86025023,53.9332149202283,453317.0,Upper middle income
CPV,AFR,Africa,2001,71.98653007,451.055267334,0.0,500.0,16.4,Cabo Verde,4540.90731780518,3.69652915,54.7762172320995,460293.0,Upper middle income
CPV,AFR,Africa,2002,72.18506527,448.593719482,2.0,500.0,16.3,Cabo Verde,4710.2410491228,3.72489762,55.5703407979481,467046.0,Upper middle income
CPV,AFR,Africa,2003,72.33302782,446.099365234,4.0,500.0,16.2,Cabo Verde,4841.265398715,3.6274426,56.3297071979641,473383.0,Upper middle income
CPV,AFR,Africa,2004,72.44024713,445.282409668,4.0,500.0,16.1,Cabo Verde,5268.30312485708,3.54616308,57.0677167011018,479370.0,Upper middle income
CPV,AFR,Africa,2005,72.6194338,450.330413818,2.0,500.0,16.2,Cabo Verde,5565.76951208069,3.34086585,57.7977695763157,485115.0,Upper middle income
CPV,AFR,Africa,2006,73.4096215,426.570953369,8.0,200.0,15.1,Cabo Verde,5941.38218091511,3.82406759,58.5332660925599,490728.0,Upper middle income
CPV,AFR,Africa,2007,73.46976452,419.144622803,2.0,200.0,14.7,Cabo Verde,6767.40677380347,3.84218621,59.287606518789,496190.0,Upper middle income
CPV,AFR,Africa,2008,73.93039416,418.662902832,2.0,200.0,14.7,Cabo Verde,7169.13944155367,3.26951575,60.0741911239572,501355.0,Upper middle income
CPV,AFR,Africa,2009,73.98241137,418.036193848,2.0,200.0,14.6,Cabo Verde,6994.5740991365,3.55867004,60.906420177019,506141.0,Upper middle income
CPV,AFR,Africa,2010,74.23169531,414.901763916,1.0,200.0,14.3,Cabo Verde,7072.12150207342,4.08085394,61.7974262732302,509784.0,Upper middle income
CPV,AFR,Africa,2011,74.33323277,421.384460449,1.0,200.0,14.4,Cabo Verde,7325.78441834692,3.92527819,62.7419929036884,511447.0,Upper middle income
CPV,AFR,Africa,2012,74.4642814,425.231445313,0.0,200.0,14.7,Cabo Verde,7397.82220702474,4.6740551,63.7260454520996,511955.0,Upper middle income
CPV,AFR,Africa,2013,74.70386595,424.094787598,0.0,200.0,14.7,Cabo Verde,7440.66242650114,4.82468271,64.7486207521826,512225.0,Upper middle income
CPV,AFR,Africa,2014,74.86891105,425.250610352,1.0,500.0,14.5,Cabo Verde,7491.02198228243,4.85231543,65.8085112712742,512326.0,Upper middle income
CPV,AFR,Africa,2015,74.82831017,432.362487793,0.0,500.0,14.6,Cabo Verde,7560.13649202469,4.40073681,66.9045094767116,512394.0,Upper middle income
CPV,AFR,Africa,2016,74.86326568,444.416381836,1.0,500.0,14.7,Cabo Verde,7881.30336227784,4.36134005,68.0354078358316,512554.0,Upper middle income
CPV,AFR,Africa,2017,74.91155361,449.776580811,2.0,500.0,14.9,Cabo Verde,8234.56000312459,4.48070955,69.1999988159713,512893.0,Upper middle income
CPV,AFR,Africa,2018,73.8583216,520.335205078,0.0,500.0,17.3,Cabo Verde,8531.12961646549,4.78548193,70.3970748844677,513415.0,Upper middle income
CPV,AFR,Africa,2019,74.05989707,516.454040527,0.0,500.0,17.3,Cabo Verde,9111.62993173269,4.82431316,71.6254285086577,514104.0,Upper middle income
CPV,AFR,Africa,2020,73.66739044,512.502258301,0.0,500.0,17.4,Cabo Verde,7207.86853962048,7.03399324,72.8838521558784,514679.0,Upper middle income
CPV,AFR,Africa,2021,73.16097765,507.528198242,0.0,500.0,17.2,Cabo Verde,7685.41921393669,6.60773611,74.1607930892827,516649.0,Upper middle income
CRI,AMR,Americas,2000,78.16621895,400.977752686,0.0,500.0,12.5,Costa Rica,14018.7425010386,6.56498718,59.0462378975394,3937739.0,High income
CRI,AMR,Americas,2001,78.07165726,408.005157471,0.0,540.0,12.5,Costa Rica,14250.4627491739,6.47409868,60.1427600448608,4008947.0,High income
CRI,AMR,Americas,2002,78.85732142,372.366027832,0.0,600.0,11.6,Costa Rica,14495.9925105457,6.8690877,61.2787633575946,4075705.0,High income
CRI,AMR,Americas,2003,78.7075014,380.815704346,0.0,650.0,11.6,Costa Rica,14891.3398216888,6.9691925,62.4518059303802,4138784.0,High income
CRI,AMR,Americas,2004,78.67775018,384.578308105,0.0,700.0,11.8,Costa Rica,15323.2892201469,6.63006067,63.6596013546005,4200078.0,High income
CRI,AMR,Americas,2005,79.72199388,346.573028564,0.0,760.0,10.8,Costa Rica,15703.9624720506,6.66429663,64.8998632216384,4261240.0,High income
CRI,AMR,Americas,2006,79.36411318,356.464355469,0.0,800.0,11.0,Costa Rica,16620.1356432064,6.93530846,66.1703051228767,4321340.0,High income
CRI,AMR,Americas,2007,80.2305467,330.211883545,0.0,840.0,9.9,Costa Rica,17743.6227382356,6.99642611,67.4686406496983,4380248.0,High income
CRI,AMR,Americas,2008,80.2939043,328.743835449,0.0,890.0,9.8,Costa Rica,18334.0135988616,7.4685483,68.7925833934861,4440056.0,High income
CRI,AMR,Americas,2009,80.60955741,321.838989258,1.0,920.0,9.6,Costa Rica,17932.6147807275,7.86019182,70.1398469456228,4499791.0,High income
CRI,AMR,Americas,2010,79.51380421,353.359954834,0.0,950.0,10.9,Costa Rica,18660.9198222783,8.02937698,71.5081448974915,4555962.0,High income
CRI,AMR,Americas,2011,80.26271645,332.184539795,0.0,980.0,10.1,Costa Rica,19254.9142153099,8.12197781,72.8426586679914,4609833.0,High income
CRI,AMR,Americas,2012,80.42316166,328.047363281,0.0,1000.0,10.1,Costa Rica,19960.7933253035,7.78642273,73.3895020668217,4663934.0,High income
CRI,AMR,Americas,2013,80.59788537,323.934173584,0.0,1000.0,9.9,Costa Rica,20232.2670799446,7.68229342,73.9431776192863,4716147.0,High income
CRI,AMR,Americas,2014,80.47995762,326.480194092,0.0,1000.0,9.6,Costa Rica,20724.9217693423,7.66376209,74.4866963181212,4767119.0,High income
CRI,AMR,Americas,2015,80.57423676,316.209259033,0.0,1100.0,9.6,Costa Rica,21254.7840932049,7.59196186,75.0198195767549,4818038.0,High income
CRI,AMR,Americas,2016,80.11048492,325.13949585,0.0,1100.0,9.8,Costa Rica,21925.6000803999,7.31724358,75.5423088085047,4866998.0,High income
CRI,AMR,Americas,2017,80.19506162,326.794708252,0.0,1100.0,10.0,Costa Rica,22622.5534502517,7.04522991,76.0539254265608,4913177.0,High income
CRI,AMR,Americas,2018,80.28882351,321.388885498,0.0,1100.0,9.9,Costa Rica,23005.3121471794,7.28587723,76.5544308439668,4957818.0,High income
CRI,AMR,Americas,2019,80.30073211,323.009094238,0.0,1100.0,9.9,Costa Rica,23364.783127574,7.2212491,77.0435864735963,4999553.0,High income
CRI,AMR,Americas,2020,79.99304212,315.344512939,0.0,1100.0,10.1,Costa Rica,22211.8613921698,7.82545757,77.5211537281257,5034320.0,High income
CRI,AMR,Americas,2021,78.63053412,305.915924072,0.0,1100.0,9.9,Costa Rica,23852.9253020002,7.61130476,77.9868940200009,5059988.0,High income
CYP,EUR,Europe,2000,78.83247264,437.041809082,0.0,0.0,12.8,Cyprus,36121.81640625,5.30800056,68.7726966799379,947667.0,High income
CYP,EUR,Europe,2001,78.86668678,432.881439209,0.0,0.0,13.1,Cyprus,37146.99609375,5.33940458,68.8024068077544,964127.0,High income
CYP,EUR,Europe,2002,78.99615853,425.308746338,0.0,0.0,13.3,Cyprus,38090.93359375,5.61565971,68.7863589370716,981440.0,High income
CYP,EUR,Europe,2003,79.11243929,420.369262695,0.0,0.0,13.1,Cyprus,38617.97265625,5.63568783,68.7120973207373,999590.0,High income
CYP,EUR,Europe,2004,79.27834154,417.316833496,0.0,0.0,13.2,Cyprus,40020.08984375,5.40558147,68.5908141437316,1017875.0,High income
CYP,EUR,Europe,2005,79.53715992,396.005249023,0.0,0.0,12.5,Cyprus,41362.265625,5.43580961,68.4340674211981,1036151.0,High income
CYP,EUR,Europe,2006,79.83910882,396.444854736,0.0,0.0,12.3,Cyprus,42595.37890625,5.46357489,68.2534151682801,1054418.0,High income
CYP,EUR,Europe,2007,80.21271187,379.780700684,0.0,0.0,11.6,Cyprus,43823.94140625,5.35744858,68.0604154001212,1072714.0,High income
CYP,EUR,Europe,2008,80.589293,366.132995605,0.0,0.0,11.0,Cyprus,44295.8125,6.01430845,67.8666261318649,1091026.0,High income
CYP,EUR,Europe,2009,80.92281877,353.955596924,0.0,0.0,10.6,Cyprus,42253.5625,6.46531534,67.6836053786548,1109371.0,High income
CYP,EUR,Europe,2010,81.17822871,350.550354004,0.0,0.0,10.4,Cyprus,42102.45703125,6.50055742,67.5229111556342,1127816.0,High income
CYP,EUR,Europe,2011,81.38772648,346.656555176,0.0,0.0,9.9,Cyprus,41212.859375,6.43139076,67.3979892758544,1146493.0,High income
CYP,EUR,Europe,2012,81.61972744,336.628753662,0.0,0.0,10.0,Cyprus,39190.3828125,6.53638792,67.3010289148738,1165397.0,High income
CYP,EUR,Europe,2013,81.84969587,326.926849365,0.0,0.0,9.6,Cyprus,36650.72265625,6.92774534,67.2102333625375,1183895.0,High income
CYP,EUR,Europe,2014,81.84705653,327.8800354,0.0,0.0,9.9,Cyprus,36105.05078125,6.93137264,67.1230558819804,1201801.0,High income
CYP,EUR,Europe,2015,81.80149333,332.414916992,0.0,0.0,9.9,Cyprus,37258.65234375,6.79382181,67.0402477918073,1219502.0,High income
CYP,EUR,Europe,2016,81.7149767,333.625213623,0.0,0.0,9.7,Cyprus,39501.015625,6.65254688,66.9625604106231,1237112.0,High income
CYP,EUR,Europe,2017,81.86957092,326.722564697,0.0,0.0,9.6,Cyprus,41418.16015625,6.62192535,66.8907450570326,1254275.0,High income
CYP,EUR,Europe,2018,82.05668584,315.574462891,0.0,0.0,9.2,Cyprus,43510.2109375,6.78446245,66.8255530496405,1270737.0,High income
CYP,EUR,Europe,2019,82.17744701,310.596130371,0.0,0.0,9.0,Cyprus,45454.36328125,6.99843168,66.7677357070518,1286671.0,High income
CYP,EUR,Europe,2020,82.06263041,313.871246338,0.0,0.0,9.2,Cyprus,43402.5390625,8.64796448,66.7180443478713,1302247.0,High income
CYP,EUR,Europe,2021,81.912741,297.191497803,0.0,0.0,8.5,Cyprus,47632.76953125,8.87445068,66.6718365394971,1317309.0,High income
CZE,EUR,Europe,2000,75.0301441,602.675964355,0.0,0.0,22.5,Czechia,29427.4070011514,5.66916943,74.0038256456769,10255063.0,High income
CZE,EUR,Europe,2001,75.30051991,595.010070801,0.0,0.0,21.7,Czechia,30399.8730764283,5.83479309,73.9131752504002,10216605.0,High income
CZE,EUR,Europe,2002,75.36384265,595.496826172,0.0,0.0,21.4,Czechia,30919.5496618702,6.14656258,73.8360067578753,10196916.0,High income
CZE,EUR,Europe,2003,75.26103133,603.018920898,0.0,0.0,21.2,Czechia,31949.2963145034,6.50168419,73.7649150201353,10193998.0,High income
CZE,EUR,Europe,2004,75.78544673,573.722839355,0.0,0.0,20.5,Czechia,33452.3408000614,6.33308411,73.6991647167017,10197101.0,High income
CZE,EUR,Europe,2005,75.99869845,563.454467773,0.0,0.0,19.7,Czechia,35535.7479961511,6.33529043,73.6375545423198,10211216.0,High income
CZE,EUR,Europe,2006,76.60775206,532.124938965,0.0,0.0,19.1,Czechia,37786.8781740905,6.16489983,73.578883191735,10238905.0,High income
CZE,EUR,Europe,2007,76.86519129,515.359313965,0.0,0.0,18.7,Czechia,39629.0061324728,5.99029112,73.5219493596925,10298828.0,High income
CZE,EUR,Europe,2008,77.1537423,500.555450439,0.0,0.0,18.3,Czechia,40328.3426630095,6.33855247,73.4655517409377,10384603.0,High income
CZE,EUR,Europe,2009,77.27519564,496.909606934,0.0,0.0,18.1,Czechia,38175.1422773334,7.2650013,73.4084890302159,10443936.0,High income
CZE,EUR,Europe,2010,77.55051822,483.246887207,0.0,0.0,17.8,Czechia,39097.3886218756,7.47836781,73.3495599222723,10474410.0,High income
CZE,EUR,Europe,2011,77.78639074,475.918426514,0.0,0.0,17.4,Czechia,39708.1626280195,7.47281456,73.2878338394746,10496088.0,High income
CZE,EUR,Europe,2012,77.96926876,469.556610107,0.0,0.0,16.9,Czechia,39347.0492956846,7.53974962,73.2249239592898,10510785.0,High income
CZE,EUR,Europe,2013,78.1114359,465.234802246,0.0,0.0,16.8,Czechia,39317.5535692377,7.44831276,73.1622186934979,10514272.0,High income
CZE,EUR,Europe,2014,78.68016445,438.942657471,0.0,0.0,15.7,Czechia,40158.0164275735,7.53919601,73.0995921041469,10525347.0,High income
CZE,EUR,Europe,2015,78.48257933,448.016845703,0.0,0.0,15.6,Czechia,42066.5759800801,7.29346752,73.0370442874355,10546059.0,High income
CZE,EUR,Europe,2016,78.93030378,425.765899658,0.0,0.0,15.0,Czechia,43069.4659744727,7.32258606,72.9745753395623,10566332.0,High income
CZE,EUR,Europe,2017,78.85473024,428.628875732,0.0,0.0,14.9,Czechia,45177.5226053634,7.24190664,72.9121853567256,10594438.0,High income
CZE,EUR,Europe,2018,78.89195159,424.937164307,0.0,0.0,14.8,Czechia,46301.082036029,7.37173605,72.8498744351241,10629928.0,High income
CZE,EUR,Europe,2019,79.13720815,416.126800537,0.0,0.0,14.3,Czechia,47763.6165520254,7.48754358,72.7876426709563,10671870.0,High income
CZE,EUR,Europe,2020,78.12978194,431.00201416,0.0,0.0,14.4,Czechia,45119.9387309139,8.96995831,72.7254901604208,10697858.0,High income
CZE,EUR,Europe,2021,77.07730392,418.972991943,0.0,0.0,14.2,Czechia,47796.0337408466,9.15420723,72.6810594374316,10505772.0,High income
DEU,EUR,Europe,2000,78.10603024,462.222991943,0.0,0.0,16.1,Germany,49875.8764172059,9.75930405,80.0942160905637,82211508.0,High income
DEU,EUR,Europe,2001,78.44285248,449.447113037,0.0,0.0,15.5,Germany,50606.7114616457,9.78105545,80.1070808273695,82349925.0,High income
DEU,EUR,Europe,2002,78.46153264,450.139984131,0.0,0.0,15.3,Germany,50406.3800683443,10.028965,80.1213973750556,82488495.0,High income
DEU,EUR,Europe,2003,78.45648391,451.210571289,0.0,0.0,15.0,Germany,50111.5752591319,10.22255325,80.1373116303862,82534176.0,High income
DEU,EUR,Europe,2004,79.02932323,427.46585083,0.0,0.0,14.4,Germany,50704.9219887398,9.97466278,80.1549694901257,82516260.0,High income
DEU,EUR,Europe,2005,79.20819712,420.120330811,0.0,0.0,14.0,Germany,51182.9591615718,10.1068058,80.1745168510383,82469422.0,High income
DEU,EUR,Europe,2006,79.60448013,405.093719482,0.0,0.0,13.6,Germany,53222.0409282226,9.96236897,80.1960996098884,82376451.0,High income
DEU,EUR,Europe,2007,79.79113261,396.898040771,0.0,0.0,13.5,Germany,54832.9610328446,9.83482933,80.2198636634402,82266372.0,High income
DEU,EUR,Europe,2008,79.87792037,394.90524292,0.0,0.0,13.3,Germany,55425.1109251245,10.03185749,80.2459549084581,82110097.0,High income
DEU,EUR,Europe,2009,79.99437865,390.018463135,0.0,0.0,13.2,Germany,52484.8550055388,10.97003078,80.2745192417062,81902307.0,High income
DEU,EUR,Europe,2010,80.18047005,383.398406982,0.0,2600.0,13.0,Germany,54738.7083006711,10.8311739,80.305702559949,81776930.0,High income
DEU,EUR,Europe,2011,80.46331457,371.602233887,0.0,2300.0,12.8,Germany,57858.4222602355,10.52106953,80.3405762928198,80274983.0,High income
DEU,EUR,Europe,2012,80.59346041,369.000335693,0.0,2400.0,12.5,Germany,58017.5855783147,10.59356213,80.393447520218,80425823.0,High income
DEU,EUR,Europe,2013,80.28874618,381.06817627,0.0,2400.0,12.8,Germany,58089.1708538296,10.7432127,80.4732318400362,80645605.0,High income
DEU,EUR,Europe,2014,80.7599266,363.454711914,0.0,2400.0,12.3,Germany,59108.6977289315,10.76819706,80.57574023743,80982500.0,High income
DEU,EUR,Europe,2015,80.4259243,374.815704346,0.0,2300.0,12.5,Germany,59573.7089539686,10.92317677,80.6974371632814,81686611.0,High income
DEU,EUR,Europe,2016,80.68537775,364.982818604,0.0,2300.0,12.4,Germany,60407.9713703755,10.97133732,80.8347870684725,82348669.0,High income
DEU,EUR,Europe,2017,80.75116875,363.606262207,0.0,2100.0,12.1,Germany,61866.4872205276,11.05091095,80.9842544038853,82657002.0,High income
DEU,EUR,Europe,2018,80.64820055,366.22845459,0.0,2000.0,12.1,Germany,62381.3478772241,11.18380833,81.1423036204018,82905782.0,High income
DEU,EUR,Europe,2019,80.97360663,355.477386475,0.0,2100.0,11.8,Germany,62849.3741865912,11.42805386,81.3053991689039,83092962.0,High income
DEU,EUR,Europe,2020,80.79637728,351.808135986,0.0,1700.0,11.7,Germany,60203.289760263,12.46780777,81.4700055002738,83160871.0,High income
DEU,EUR,Europe,2021,80.49140555,349.823822021,0.0,1700.0,11.6,Germany,62530.7653199239,12.72403336,81.6325870653934,83196078.0,High income
DJI,EMR,Eastern Mediterranean,2013,63.13924805,596.88293457,17.0,550.0,21.0,Djibouti,4469.07409933135,2.91782117,70.7969331287484,984824.0,Lower middle income
DJI,EMR,Eastern Mediterranean,2014,63.51525954,615.900695801,28.0,500.0,21.5,Djibouti,4705.04926772184,2.95930099,70.8899032189478,1002717.0,Lower middle income
DJI,EMR,Eastern Mediterranean,2015,63.87735947,612.692321777,24.0,500.0,21.5,Djibouti,4961.8681860592,3.3475771,71.0068853915837,1020313.0,Lower middle income
DJI,EMR,Eastern Mediterranean,2016,64.3388502,618.026489258,30.0,500.0,21.7,Djibouti,5226.50026106607,2.74166131,71.1492236341041,1037653.0,Lower middle income
DJI,EMR,Eastern Mediterranean,2017,64.73030842,626.579956055,26.0,500.0,21.9,Djibouti,5421.95649149613,2.47976375,71.318261933957,1054841.0,Lower middle income
DJI,EMR,Eastern Mediterranean,2018,65.12011598,624.81237793,43.0,500.0,21.8,Djibouti,5590.50426604853,2.530864,71.5153442785902,1071882.0,Lower middle income
DJI,EMR,Eastern Mediterranean,2019,65.43875202,618.139282227,97.0,500.0,21.5,Djibouti,5809.30455041341,2.41347837,71.7418146554518,1088709.0,Lower middle income
DJI,EMR,Eastern Mediterranean,2020,65.26548162,624.479492188,129.0,500.0,21.5,Djibouti,5791.47767679877,2.33861232,71.9990170519895,1105188.0,Lower middle income
DJI,EMR,Eastern Mediterranean,2021,64.87227149,595.942443848,118.0,500.0,20.6,Djibouti,5960.10807396825,2.87128091,72.2882954556515,1121248.0,Lower middle income
DNK,EUR,Europe,2000,76.93482299,512.434875488,0.0,500.0,18.4,Denmark,57907.5020603903,8.11006165,85.0999984741211,5339616.0,High income
DNK,EUR,Europe,2001,77.04219494,512.707763672,0.0,500.0,17.9,Denmark,58248.553927359,8.44370651,85.188307882087,5358783.0,High income
DNK,EUR,Europe,2002,77.0288458,509.378845215,0.0,500.0,17.3,Denmark,58327.8281608342,8.69506168,85.3000030517578,5375931.0,High income
DNK,EUR,Europe,2003,77.31785032,494.373779297,0.0,500.0,16.5,Denmark,58425.9658939096,8.89037418,85.4199981689453,5390574.0,High income
DNK,EUR,Europe,2004,77.68985024,476.681091309,0.0,500.0,15.8,Denmark,59893.0929898784,8.98551464,85.7130276911593,5404523.0,High income
DNK,EUR,Europe,2005,78.13130379,461.184112549,0.0,500.0,15.1,Denmark,61137.6803582961,9.06716251,86.0059706832865,5419432.0,High income
DNK,EUR,Europe,2006,78.19096238,460.348236084,0.0,200.0,15.1,Denmark,63262.7404572232,9.15257931,86.2501288149818,5437272.0,High income
DNK,EUR,Europe,2007,78.29892667,450.106842041,0.0,200.0,14.7,Denmark,63604.5626658193,9.30215549,86.4251464366349,5461438.0,High income
DNK,EUR,Europe,2008,78.63896492,437.887969971,0.0,200.0,14.2,Denmark,62968.1612290596,9.46797943,86.583137512207,5493621.0,High income
DNK,EUR,Europe,2009,78.87762743,432.948852539,0.0,200.0,13.9,Denmark,59516.5093273659,10.62873173,86.7617653139929,5523095.0,High income
DNK,EUR,Europe,2010,79.16903741,423.113464355,0.0,200.0,13.5,Denmark,60190.6346060499,10.59621811,86.8652420043945,5547683.0,High income
DNK,EUR,Europe,2011,79.68812406,401.476715088,0.0,200.0,12.9,Denmark,60729.0557255127,10.39758492,87.1567653955846,5570572.0,High income
DNK,EUR,Europe,2012,79.96581949,391.82232666,0.0,200.0,12.7,Denmark,60497.6919146995,10.53344631,87.2336196899414,5591572.0,High income
DNK,EUR,Europe,2013,80.1645831,383.703857422,0.0,200.0,12.3,Denmark,61085.0312821103,10.29778957,87.5436524760432,5614932.0,High income
DNK,EUR,Europe,2014,80.51401409,370.627655029,0.0,200.0,12.3,Denmark,61552.7997775157,10.31388664,87.6823985731907,5643475.0,High income
DNK,EUR,Europe,2015,80.59412958,368.971343994,0.0,200.0,11.9,Denmark,62405.7161942122,10.3754549,87.7254056577329,5683483.0,High income
DNK,EUR,Europe,2016,80.71406105,364.621917725,0.0,200.0,11.8,Denmark,63823.4502019665,10.28229332,87.6999969482422,5728010.0,High income
DNK,EUR,Europe,2017,80.94104357,355.538848877,0.0,200.0,11.2,Denmark,65352.3988081353,10.1137991,88.0161943799509,5764980.0,High income
DNK,EUR,Europe,2018,80.82345271,358.956481934,0.0,200.0,11.3,Denmark,66238.705427981,10.14163208,88.1059762310689,5793636.0,High income
DNK,EUR,Europe,2019,81.27895276,342.388671875,0.0,100.0,11.1,Denmark,67131.4657009734,10.18468761,88.2096490810669,5814422.0,High income
DNK,EUR,Europe,2020,81.36821984,332.837860107,0.0,100.0,10.6,Denmark,65744.4367251959,10.69237614,88.2394485473632,5831404.0,High income
DNK,EUR,Europe,2021,81.18400442,340.457305908,0.0,100.0,10.7,Denmark,69715.1809680929,10.65575886,88.2616449318149,5856733.0,High income
DOM,AMR,Americas,2000,73.39790354,407.810241699,6.0,7900.0,15.8,Dominican Republic,10896.3184155964,4.88427496,61.3128549215919,8584190.0,Upper middle income
DOM,AMR,Americas,2001,73.59849431,400.300598145,17.0,7400.0,15.3,Dominican Republic,10991.1363420488,4.88183308,62.2979450293469,8720283.0,Upper middle income
DOM,AMR,Americas,2002,73.59133884,402.004455566,11.0,7200.0,15.3,Dominican Republic,11313.0690271273,4.98649025,63.2914022524877,8852235.0,Upper middle income
DOM,AMR,Americas,2003,73.229535,412.393890381,12.0,6900.0,15.2,Dominican Republic,11000.8684059352,4.38888264,64.426197134766,8980620.0,Upper middle income
DOM,AMR,Americas,2004,72.74531085,433.634246826,16.0,6400.0,15.7,Dominican Republic,11131.2709216332,4.2877388,65.8914085229291,9104892.0,Upper middle income
DOM,AMR,Americas,2005,72.80023496,450.634887695,16.0,6100.0,16.6,Dominican Republic,12022.5080544053,4.35391188,67.5759180469321,9225034.0,Upper middle income
DOM,AMR,Americas,2006,72.80245873,457.057281494,10.0,5800.0,17.0,Dominican Republic,12961.9183632133,3.99365425,69.333853706035,9341183.0,Upper middle income
DOM,AMR,Americas,2007,72.98138698,452.555969238,17.0,5400.0,16.9,Dominican Republic,13754.9212674095,4.08935308,71.0193434994977,9455658.0,Upper middle income
DOM,AMR,Americas,2008,73.27970118,449.266784668,11.0,5000.0,16.8,Dominican Republic,14030.1411084465,4.56442022,72.4865154265802,9573130.0,Upper middle income
DOM,AMR,Americas,2009,73.54510674,445.816497803,14.0,4900.0,16.8,Dominican Republic,13992.4103270189,4.76706171,73.5894974865426,9695265.0,Upper middle income
DOM,AMR,Americas,2010,73.80111624,433.20703125,15.0,4700.0,16.3,Dominican Republic,14975.0010126958,4.92896748,74.1642773174177,9820175.0,Upper middle income
DOM,AMR,Americas,2011,74.02906414,429.825317383,10.0,4400.0,16.4,Dominican Republic,15258.0858148503,5.04506636,74.2440389501301,9945621.0,Upper middle income
DOM,AMR,Americas,2012,73.71953299,446.334991455,8.0,4300.0,17.4,Dominican Republic,15487.2776356321,5.05897284,74.2398679969568,10070411.0,Upper middle income
DOM,AMR,Americas,2013,73.27936819,462.140350342,5.0,4100.0,18.4,Dominican Republic,16054.7677297656,4.92594242,74.2251359951216,10193833.0,Upper middle income
DOM,AMR,Americas,2014,73.26353439,459.871643066,4.0,4000.0,19.0,Dominican Republic,16993.587444403,4.80942917,74.1931533822153,10315528.0,Upper middle income
DOM,AMR,Americas,2015,73.29460988,462.076293945,3.0,3900.0,19.2,Dominican Republic,17973.1870256815,4.73534584,74.1372305958285,10434829.0,Upper middle income
DOM,AMR,Americas,2016,73.33430363,460.168823242,1.0,4000.0,19.3,Dominican Republic,18968.9752386179,4.58582401,74.0506780735522,10551430.0,Upper middle income
DOM,AMR,Americas,2017,73.41062894,462.535247803,1.0,4300.0,19.4,Dominican Republic,19501.8743054078,4.44562674,73.926806252977,10666843.0,Upper middle income
DOM,AMR,Americas,2018,73.52093617,458.819213867,1.0,4500.0,19.2,Dominican Republic,20662.848586153,4.21765518,73.7589255716938,10782053.0,Upper middle income
DOM,AMR,Americas,2019,73.91314074,447.038909912,4.0,4600.0,18.6,Dominican Republic,21451.286441995,4.36808872,73.5403464672933,10894043.0,Upper middle income
DOM,AMR,Americas,2020,73.56757121,464.518096924,2.0,4700.0,19.1,Dominican Republic,19545.4099552943,4.96490288,73.2643793773663,11008300.0,Upper middle income
DOM,AMR,Americas,2021,73.32102758,429.376861572,1.0,4600.0,17.4,Dominican Republic,22053.4589869955,5.08839989,72.9243347395035,11123476.0,Upper middle income
DZA,AFR,Africa,2000,72.46839135,595.789550781,2.0,500.0,18.0,Algeria,11558.220469383,3.21485448,59.8521239445692,30903893.0,Upper middle income
DZA,AFR,Africa,2001,72.77159448,588.658569336,1.0,570.0,17.7,Algeria,11742.5946761225,3.53628588,60.6177172788536,31331221.0,Upper middle income
DZA,AFR,Africa,2002,73.0881827,579.918823242,0.0,650.0,17.4,Algeria,12213.1263531246,3.44169641,61.3812658601162,31750835.0,Upper middle income
DZA,AFR,Africa,2003,73.27414327,578.15234375,0.0,750.0,17.4,Algeria,12835.1814413331,3.32569361,62.1427907986812,32175818.0,Upper middle income
DZA,AFR,Africa,2004,73.76320427,572.376159668,0.0,870.0,17.1,Algeria,13226.7650481165,3.29030514,62.9023132048725,32628286.0,Upper middle income
DZA,AFR,Africa,2005,74.07853584,567.460205078,0.0,1000.0,16.8,Algeria,13738.495644436,3.1188612,63.6598541890144,33109249.0,Upper middle income
DZA,AFR,Africa,2006,74.34609406,564.901000977,0.0,1100.0,16.5,Algeria,13920.6940553701,3.18999887,64.4154348614309,33623506.0,Upper middle income
DZA,AFR,Africa,2007,74.59216684,562.466796875,0.0,1300.0,16.2,Algeria,14114.6745192683,3.62011433,65.1690763324461,34189416.0,Upper middle income
DZA,AFR,Africa,2008,74.83898594,562.304626465,0.0,1300.0,15.9,Algeria,14206.7767147039,3.98331022,65.901485871159,34816961.0,Upper middle income
DZA,AFR,Africa,2009,75.06025654,558.811340332,0.0,1300.0,15.6,Algeria,14104.42817214,4.89210796,66.5097384559521,35490445.0,Upper middle income
DZA,AFR,Africa,2010,75.28662824,562.666320801,1.0,1300.0,15.2,Algeria,14496.4211312996,4.64001417,67.1235057867459,36188236.0,Upper middle income
DZA,AFR,Africa,2011,75.4488721,562.621582031,0.0,1200.0,15.1,Algeria,14641.9640935685,4.82567501,67.7344007507578,36903376.0,Upper middle income
DZA,AFR,Africa,2012,75.63920415,553.155700684,0.0,1200.0,14.8,Algeria,14697.5396133853,5.63658524,68.3421258553675,37646166.0,Upper middle income
DZA,AFR,Africa,2013,75.79056138,550.443237305,0.0,1200.0,14.5,Algeria,14778.1914257233,5.64541769,68.9463836079277,38414171.0,Upper middle income
DZA,AFR,Africa,2014,75.93393131,545.219665527,0.0,1300.0,14.3,Algeria,15073.7629403565,6.01484108,69.5468765157615,39205031.0,Upper middle income
DZA,AFR,Africa,2015,76.06909233,541.179016113,0.0,1300.0,14.2,Algeria,15239.5171456469,6.33435678,70.1433070861612,40019529.0,Upper middle income
DZA,AFR,Africa,2016,76.27818922,530.721679688,0.0,1400.0,14.1,Algeria,15511.6858768094,6.00080872,70.7353778263851,40850721.0,Upper middle income
DZA,AFR,Africa,2017,76.40431934,526.690856934,0.0,1500.0,14.1,Algeria,15427.6641894713,5.9484539,71.3227912436551,41689299.0,Upper middle income
DZA,AFR,Africa,2018,76.4358357,530.631164551,0.0,1600.0,14.0,Algeria,15343.4261222434,5.9323926,71.905249845153,42505035.0,Upper middle income
DZA,AFR,Africa,2019,76.54768313,530.906677246,0.0,1800.0,14.0,Algeria,15199.1989965639,5.41732121,72.4824561380175,43294546.0,Upper middle income
DZA,AFR,Africa,2020,74.02004217,538.80065918,0.0,1900.0,12.7,Algeria,14194.1557479619,5.63830757,73.0541126293395,44042091.0,Upper middle income
DZA,AFR,Africa,2021,75.97765182,517.451904297,0.0,2100.0,13.3,Algeria,14496.8654697299,5.02188873,73.6199218261573,44761099.0,Upper middle income
ECU,AMR,Americas,2000,72.58843233,510.667327881,66.0,3000.0,15.4,Ecuador,9183.05155276919,3.57367969,60.6865005107058,12689206.0,Upper middle income
ECU,AMR,Americas,2001,73.06545756,492.271148682,84.0,2900.0,15.3,Ecuador,9405.11680690106,4.06365538,61.0123544006659,12910740.0,Upper middle income
ECU,AMR,Americas,2002,73.16724011,489.935791016,64.0,2900.0,15.3,Ecuador,9697.55517665978,4.81404829,61.2871268050958,13138472.0,Upper middle income
ECU,AMR,Americas,2003,73.9172371,469.755401611,46.0,2800.0,14.5,Ecuador,9802.81408202125,5.79232407,61.5418469886978,13372306.0,Upper middle income
ECU,AMR,Americas,2004,73.96568777,469.278808594,37.0,2800.0,14.1,Ecuador,10290.6634264766,5.88152218,61.7829573274038,13608701.0,Upper middle income
ECU,AMR,Americas,2005,73.75770165,477.568969727,22.0,2700.0,14.5,Ecuador,10660.2046228939,5.85904884,62.0068704145716,13846163.0,Upper middle income
ECU,AMR,Americas,2006,73.97387898,471.756652832,9.0,2700.0,14.4,Ecuador,10933.4897470283,5.93617773,62.2099988435587,14086131.0,Upper middle income
ECU,AMR,Americas,2007,74.34691701,459.184844971,8.0,2700.0,14.2,Ecuador,10952.8226853948,5.55722475,62.3887552077227,14328773.0,Upper middle income
ECU,AMR,Americas,2008,74.40727021,457.11328125,5.0,2800.0,14.0,Ecuador,11474.5257023541,5.52174902,62.5395521004212,14575202.0,Upper middle income
ECU,AMR,Americas,2009,74.93359345,438.788024902,6.0,2700.0,13.9,Ecuador,11403.5277978831,6.03388453,62.6588021150118,14825954.0,Upper middle income
ECU,AMR,Americas,2010,75.14738891,434.355560303,0.0,2700.0,13.1,Ecuador,11665.6978598204,6.34925699,62.7405258611644,15076695.0,Upper middle income
ECU,AMR,Americas,2011,75.58177801,429.923156738,0.0,2700.0,12.9,Ecuador,12449.0785549218,6.60509682,62.7949053547691,15326227.0,Upper middle income
ECU,AMR,Americas,2012,75.807667,428.382446289,0.0,2600.0,12.9,Ecuador,12961.0267423765,6.87859821,62.8408732819135,15572194.0,Upper middle income
ECU,AMR,Americas,2013,76.40415478,413.677124023,0.0,2500.0,12.4,Ecuador,13689.1520460125,6.77866411,62.8837286624122,15807128.0,Upper middle income
ECU,AMR,Americas,2014,76.8969622,401.165100098,0.0,2500.0,12.0,Ecuador,14064.7992246727,6.76601839,62.9232432195799,16035124.0,Upper middle income
ECU,AMR,Americas,2015,77.15293465,400.235961914,0.0,2300.0,11.9,Ecuador,13881.5700738105,7.76786041,62.959188676731,16266225.0,Upper middle income
ECU,AMR,Americas,2016,77.17996695,400.858734131,0.0,2100.0,12.1,Ecuador,13586.5160772568,7.58817482,62.9913367571804,16505139.0,Upper middle income
ECU,AMR,Americas,2017,77.31252311,403.594299316,0.0,2000.0,11.9,Ecuador,14179.1537503305,7.52484131,63.0194591842425,16759519.0,Upper middle income
ECU,AMR,Americas,2018,77.46907136,393.091156006,0.0,2000.0,11.7,Ecuador,14083.5069982304,7.83364677,63.0433276812321,17049547.0,Upper middle income
ECU,AMR,Americas,2019,77.75172721,385.353118896,0.0,1900.0,11.5,Ecuador,13870.4895118068,7.80878448,63.0627139714638,17340021.0,Upper middle income
ECU,AMR,Americas,2020,72.71138213,445.05078125,3.0,1800.0,14.0,Ecuador,12440.3263747814,8.60608387,63.0773897782521,17546065.0,Upper middle income
ECU,AMR,Americas,2021,73.95801182,437.713134766,0.0,1900.0,13.2,Ecuador,13507.4445638375,8.37526226,63.0871268249117,17682454.0,Upper middle income
EGY,EMR,Eastern Mediterranean,2000,69.14860157,757.365539551,0.0,1600.0,28.2,"Egypt, Arab Rep.",9981.62775083138,4.92244291,42.7339398932519,73083284.0,Lower middle income
EGY,EMR,Eastern Mediterranean,2001,68.84530776,797.178955078,0.0,1700.0,29.5,"Egypt, Arab Rep.",10117.3331821699,5.40030336,42.7835506765333,74652029.0,Lower middle income
EGY,EMR,Eastern Mediterranean,2002,68.85252001,813.111206055,0.0,1700.0,29.8,"Egypt, Arab Rep.",10143.5063455702,5.5107379,42.8347629483917,76239137.0,Lower middle income
EGY,EMR,Eastern Mediterranean,2003,68.78353005,838.924438477,0.0,1800.0,30.3,"Egypt, Arab Rep.",10250.3765500459,5.2242527,42.8834685533792,77853548.0,Lower middle income
EGY,EMR,Eastern Mediterranean,2004,69.18228637,818.508972168,0.0,1900.0,30.0,"Egypt, Arab Rep.",10451.8217511537,4.85732365,42.9255593360476,79477443.0,Lower middle income
EGY,EMR,Eastern Mediterranean,2005,69.52274009,803.628723145,0.0,2000.0,29.7,"Egypt, Arab Rep.",10700.6090373232,4.92229176,42.9569271409488,81101004.0,Lower middle income
EGY,EMR,Eastern Mediterranean,2006,69.56785371,807.938964844,0.0,2000.0,29.9,"Egypt, Arab Rep.",11211.8320229508,4.84190083,42.9729991680104,82700403.0,Lower middle income
EGY,EMR,Eastern Mediterranean,2007,69.74814425,808.034057617,0.0,2100.0,29.5,"Egypt, Arab Rep.",11782.0060717966,4.44493246,42.9729666344509,84276225.0,Lower middle income
EGY,EMR,Eastern Mediterranean,2008,69.77109335,816.744384766,0.0,2300.0,29.6,"Egypt, Arab Rep.",12391.5847624705,4.46634817,42.9608989120873,85864789.0,Lower middle income
EGY,EMR,Eastern Mediterranean,2009,69.78931749,819.980773926,0.0,2300.0,29.9,"Egypt, Arab Rep.",12728.0814586737,4.37870932,42.9383470624904,87501636.0,Lower middle income
EGY,EMR,Eastern Mediterranean,2010,69.83444177,823.186462402,0.0,2400.0,29.9,"Egypt, Arab Rep.",13128.9878334085,4.15319157,42.9057175520154,89196072.0,Lower middle income
EGY,EMR,Eastern Mediterranean,2011,70.08390953,809.171020508,0.0,2600.0,29.1,"Egypt, Arab Rep.",13082.4263680701,4.35707569,42.8634168470177,91093059.0,Lower middle income
EGY,EMR,Eastern Mediterranean,2012,69.82990211,851.325927734,0.0,2800.0,29.7,"Egypt, Arab Rep.",13076.8052395914,4.45891809,42.8118514138525,93161001.0,Lower middle income
EGY,EMR,Eastern Mediterranean,2013,70.47150621,798.965454102,0.0,3000.0,28.4,"Egypt, Arab Rep.",13058.0748239258,4.6710043,42.7514277188751,95333553.0,Lower middle income
EGY,EMR,Eastern Mediterranean,2014,70.46262161,818.312316895,0.0,3200.0,28.8,"Egypt, Arab Rep.",13136.365629827,4.77415323,42.6825522284408,97528654.0,Lower middle income
EGY,EMR,Eastern Mediterranean,2015,70.05641038,873.528442383,0.0,3400.0,30.1,"Egypt, Arab Rep.",13425.9119599775,5.06153202,42.6056314089048,99597342.0,Lower middle income
EGY,EMR,Eastern Mediterranean,2016,70.7024138,827.088195801,0.0,3700.0,28.9,"Egypt, Arab Rep.",13727.3201600494,5.07462406,42.5210717266225,101644589.0,Lower middle income
EGY,EMR,Eastern Mediterranean,2017,71.25138812,797.135681152,0.0,3900.0,27.5,"Egypt, Arab Rep.",14018.360593453,5.34661913,42.4486008687179,103696057.0,Lower middle income
EGY,EMR,Eastern Mediterranean,2018,71.35791195,798.320739746,0.0,4100.0,27.8,"Egypt, Arab Rep.",14488.2094340483,4.74892998,42.4577177449969,105682094.0,Lower middle income
EGY,EMR,Eastern Mediterranean,2019,71.58973358,794.754699707,0.0,4400.0,27.4,"Egypt, Arab Rep.",15026.5682438097,4.5994668,42.4812027332648,107553158.0,Lower middle income
EGY,EMR,Eastern Mediterranean,2020,70.12068297,763.658081055,0.0,4700.0,26.0,"Egypt, Arab Rep.",15309.2359881702,4.15384626,42.5181534630674,109315124.0,Lower middle income
EGY,EMR,Eastern Mediterranean,2021,69.10821615,766.790466309,0.0,5100.0,26.0,"Egypt, Arab Rep.",15579.0160861551,4.60955143,42.5686062621468,110957008.0,Lower middle income
ESP,EUR,Europe,2000,79.09037288,410.163818359,0.0,3600.0,13.7,Spain,39945.8971298178,6.80217838,76.1650552349602,40567864.0,High income
ESP,EUR,Europe,2001,79.39483865,402.013214111,0.0,3400.0,13.4,Spain,41224.2924057393,6.76929569,76.3156889510385,40850412.0,High income
ESP,EUR,Europe,2002,79.48845207,398.48034668,0.0,3300.0,13.1,Spain,41766.0378188791,6.79878616,76.4934217249538,41431558.0,High income
ESP,EUR,Europe,2003,79.41351479,402.06652832,0.0,3300.0,13.0,Spain,42223.130174522,7.59223175,76.709335590859,42187645.0,High income
ESP,EUR,Europe,2004,79.99552369,379.277313232,0.0,3300.0,12.5,Spain,42793.3902326006,7.68447876,76.9549627547133,42921895.0,High income
ESP,EUR,Europe,2005,80.00981734,379.953582764,0.0,3400.0,12.4,Spain,43570.7652574033,7.77807474,77.2206801920294,43653155.0,High income
ESP,EUR,Europe,2006,80.67223061,357.967041016,0.0,3400.0,12.0,Spain,44572.6815459931,7.87072468,77.4968648783202,44397319.0,High income
ESP,EUR,Europe,2007,80.67591348,358.769744873,0.0,3500.0,11.8,Spain,45301.2843416374,7.96241188,77.7738937890987,45226803.0,High income
ESP,EUR,Europe,2008,80.97341639,349.482879639,0.0,3500.0,11.4,Spain,44926.348951812,8.4290638,78.0421438998777,45954106.0,High income
ESP,EUR,Europe,2009,81.32919045,340.701568604,0.0,3500.0,11.3,Spain,42852.220888454,9.1530304,78.2919921861701,46362946.0,High income
ESP,EUR,Europe,2010,81.693057,331.723754883,0.0,3500.0,11.1,Spain,42695.5274189933,9.16992569,78.5138156234888,46576897.0,High income
ESP,EUR,Europe,2011,81.81256597,327.485717773,0.0,3500.0,10.9,Spain,42271.8346788238,9.21749687,78.695397956495,46742697.0,High income
ESP,EUR,Europe,2012,81.9595375,323.602630615,0.0,3500.0,10.7,Spain,41034.0481566356,9.2189045,78.8455680301618,46773055.0,High income
ESP,EUR,Europe,2013,82.47881258,307.012207031,0.0,3400.0,10.4,Spain,40594.914008768,9.13714981,78.9858086902112,46604197.0,High income
ESP,EUR,Europe,2014,82.58446278,302.364959717,0.0,3400.0,10.2,Spain,41339.4111169417,9.1512289,79.1196713833488,46460733.0,High income
ESP,EUR,Europe,2015,82.32940416,311.068695068,0.0,3300.0,10.3,Spain,43053.761430314,9.17553329,79.2454892743023,46422303.0,High income
ESP,EUR,Europe,2016,82.73070599,297.809661865,0.0,3300.0,10.1,Spain,44274.6676149922,8.88084984,79.3615955277997,46458139.0,High income
ESP,EUR,Europe,2017,82.67579627,298.714477539,0.0,3300.0,10.0,Spain,45446.2508575695,9.0217495,79.4663233085683,46571232.0,High income
ESP,EUR,Europe,2018,82.76765981,295.641693115,0.0,3300.0,9.9,Spain,46325.2099441141,9.07122517,79.5580057813361,46782011.0,High income
ESP,EUR,Europe,2019,83.13561895,284.539337158,0.0,3300.0,9.6,Spain,46896.4171141424,9.21539497,79.6349761108307,47118501.0,High income
ESP,EUR,Europe,2020,81.92498871,280.56552124,0.0,3300.0,9.4,Spain,41553.4477945675,10.79479218,79.6955674617799,47359424.0,High income
ESP,EUR,Europe,2021,82.66267258,274.198669434,0.0,3300.0,9.3,Spain,44251.6658222621,10.34419918,79.7846242983598,47443821.0,High income
EST,EUR,Europe,2000,70.96926531,707.434753418,0.0,200.0,27.1,Estonia,20528.5708195573,5.17029095,67.385529072627,1396985.0,High income
EST,EUR,Europe,2001,70.85470275,703.102722168,0.0,1000.0,26.9,Estonia,21874.6948334875,4.78399181,67.3926456349791,1388115.0,High income
EST,EUR,Europe,2002,71.18420468,701.330505371,0.0,910.0,26.2,Estonia,23539.9060675759,4.70192671,67.4090870965661,1379350.0,High income
EST,EUR,Europe,2003,71.87885357,684.343505859,0.0,790.0,25.5,Estonia,25487.5329152987,5.13748884,67.4341760348669,1370720.0,High income
EST,EUR,Europe,2004,72.26375853,667.969360352,0.0,680.0,24.9,Estonia,27384.0831488798,5.33641052,67.467351453949,1362550.0,High income
EST,EUR,Europe,2005,72.88570642,650.926513672,0.0,580.0,23.7,Estonia,30164.0063711861,5.29434633,67.5080523578799,1354775.0,High income
EST,EUR,Europe,2006,73.02632317,639.66204834,0.0,500.0,24.1,Estonia,33304.5935377333,4.97308683,67.5557177507269,1346810.0,High income
EST,EUR,Europe,2007,73.12739174,632.100708008,0.0,500.0,23.4,Estonia,35989.864986622,5.18429422,67.6097866365576,1340680.0,High income
EST,EUR,Europe,2008,74.24703915,596.709411621,0.0,500.0,22.1,Estonia,34236.950125417,5.95694113,67.6696980194394,1337090.0,High income
EST,EUR,Europe,2009,75.04425699,562.670349121,0.0,500.0,20.7,Estonia,29284.4047394108,6.84443808,67.7348909034398,1334515.0,High income
EST,EUR,Europe,2010,75.84300326,540.604370117,0.0,500.0,19.9,Estonia,30070.2990791103,6.59404182,67.8048042926262,1331475.0,High income
EST,EUR,Europe,2011,76.28720152,514.097290039,0.0,500.0,19.2,Estonia,32456.1208864878,6.05471659,67.8775556334506,1327439.0,High income
EST,EUR,Europe,2012,76.40758544,512.476989746,0.0,200.0,18.9,Estonia,33768.572369804,6.03782082,67.9629593320316,1322696.0,High income
EST,EUR,Europe,2013,77.02989191,490.911346436,0.0,200.0,18.2,Estonia,34484.2236457273,6.19788504,68.0923458296768,1317997.0,High income
EST,EUR,Europe,2014,77.0967995,487.44342041,0.0,200.0,18.0,Estonia,35723.6266134228,6.26286125,68.2668382808032,1314545.0,High income
EST,EUR,Europe,2015,77.63428878,472.442626953,0.0,200.0,17.1,Estonia,36356.4410152614,6.52138662,68.4796609690553,1315407.0,High income
EST,EUR,Europe,2016,77.71059498,467.775817871,0.0,200.0,17.2,Estonia,37470.0427676805,6.56918621,68.724038178078,1315790.0,High income
EST,EUR,Europe,2017,78.2161445,454.401123047,0.0,100.0,16.5,Estonia,39533.4645582199,6.46636105,68.9931941915158,1317384.0,High income
EST,EUR,Europe,2018,78.3489275,446.31439209,0.0,100.0,16.5,Estonia,40853.6487755073,6.56314421,69.2803532930133,1321977.0,High income
EST,EUR,Europe,2019,78.89055582,426.390533447,0.0,100.0,15.1,Estonia,42218.962853871,6.64763546,69.5787397662154,1326898.0,High income
EST,EUR,Europe,2020,78.62190265,429.141967773,0.0,100.0,15.4,Estonia,40920.5270623015,7.47179365,69.8815778947665,1329522.0,High income
EST,EUR,Europe,2021,77.13131363,454.85836792,0.0,100.0,15.5,Estonia,44251.5374983455,7.47591066,70.1777274135822,1330932.0,High income
FIN,EUR,Europe,2000,77.59494705,450.750823975,0.0,0.0,14.7,Finland,46968.841714507,7.09544373,67.1227685349539,5176209.0,High income
FIN,EUR,Europe,2001,78.01784738,436.352722168,0.0,0.0,13.8,Finland,48099.3014282794,7.25165653,67.4982392821958,5188008.0,High income
FIN,EUR,Europe,2002,78.12614307,434.761108398,0.0,0.0,13.6,Finland,48792.4864789775,7.63005877,67.7951641569199,5200598.0,High income
FIN,EUR,Europe,2003,78.41020069,425.262115479,0.0,0.0,13.4,Finland,49655.5451564067,7.93988276,68.0425549126858,5213014.0,High income
FIN,EUR,Europe,2004,78.7283427,413.105407715,0.0,0.0,13.4,Finland,51494.705860401,8.05999184,68.2766596767133,5228172.0,High income
FIN,EUR,Europe,2005,78.98273143,410.358612061,0.0,0.0,13.0,Finland,52744.048034135,8.28901291,68.5140529517604,5246096.0,High income
FIN,EUR,Europe,2006,79.23326293,403.333068848,0.0,0.0,12.5,Finland,54653.981203281,8.2858429,68.7588279849327,5266268.0,High income
FIN,EUR,Europe,2007,79.26874907,402.174835205,0.0,0.0,12.5,Finland,57313.2916474478,8.08415604,69.0200377316963,5288720.0,High income
FIN,EUR,Europe,2008,79.5834765,392.138671875,0.0,0.0,12.2,Finland,57494.585352886,8.34362221,69.2943672196361,5313399.0,High income
FIN,EUR,Europe,2009,79.70604252,388.779022217,0.0,0.0,12.2,Finland,52599.1487066911,9.16182804,69.546259966947,5338871.0,High income
FIN,EUR,Europe,2010,79.86591036,385.814025879,0.0,0.0,12.0,Finland,54017.9458623339,9.14183331,69.7855798796947,5363352.0,High income
FIN,EUR,Europe,2011,80.2843093,373.530029297,0.0,0.0,11.7,Finland,55053.3906850323,9.23903561,70.0583261874252,5388272.0,High income
FIN,EUR,Europe,2012,80.37588921,374.990753174,0.0,0.0,11.4,Finland,53957.6680986279,9.61732101,70.3661363168712,5413971.0,High income
FIN,EUR,Europe,2013,80.67798392,364.612426758,0.0,0.0,11.1,Finland,53183.4286685126,9.84504986,70.6742118159277,5438972.0,High income
FIN,EUR,Europe,2014,80.86537331,359.748077393,0.0,0.0,10.7,Finland,52710.7334867778,9.83066177,70.9879168940753,5461512.0,High income
FIN,EUR,Europe,2015,81.19884704,350.233917236,0.0,0.0,10.7,Finland,52782.4873926277,9.69998264,71.3054930040604,5479531.0,High income
FIN,EUR,Europe,2016,81.11659919,351.48425293,0.0,0.0,10.4,Finland,53984.6316254715,9.45625591,71.6158383428171,5495303.0,High income
FIN,EUR,Europe,2017,81.32143707,342.873474121,0.0,0.0,10.3,Finland,55637.2262781223,9.19148445,71.9563038312956,5508214.0,High income
FIN,EUR,Europe,2018,81.40768747,339.970947266,0.0,0.0,10.0,Finland,56226.337241343,9.10587025,72.3423467740343,5515525.0,High income
FIN,EUR,Europe,2019,81.64702187,334.097167969,0.0,0.0,9.6,Finland,56922.4873163103,9.22295189,72.7431214358314,5521606.0,High income
FIN,EUR,Europe,2020,81.54461744,335.963500977,0.0,0.0,9.7,Finland,55424.8574989208,9.69977188,73.0849439791673,5529543.0,High income
FIN,EUR,Europe,2021,81.53419484,335.240570068,0.0,0.0,9.6,Finland,56790.3766177692,9.90969753,73.3710215780329,5541017.0,High income
FJI,WPR,Western Pacific,2000,65.82507716,1137.906616211,0.0,100.0,44.0,Fiji,9070.99316578265,3.42441177,48.0649880871211,840909.0,Upper middle income
FJI,WPR,Western Pacific,2001,66.34541639,1103.862548828,0.0,100.0,42.6,Fiji,9157.80841609435,2.90547299,48.4287914591462,849596.0,Upper middle income
FJI,WPR,Western Pacific,2002,66.70441423,1081.859985352,0.0,100.0,41.4,Fiji,9357.75384260711,2.98349524,48.7795139144731,858049.0,Upper middle income
FJI,WPR,Western Pacific,2003,66.62544107,1090.818847656,0.0,100.0,41.5,Fiji,9361.46421337988,2.97298193,49.1260494882891,866286.0,Upper middle income
FJI,WPR,Western Pacific,2004,67.12182465,1037.924682617,0.0,100.0,40.2,Fiji,9766.52768879045,3.25768542,49.4772922157817,874366.0,Upper middle income
FJI,WPR,Western Pacific,2005,67.08454719,1023.935302734,0.0,100.0,40.8,Fiji,9745.58145847385,3.25656676,49.8421361321385,882379.0,Upper middle income
FJI,WPR,Western Pacific,2006,67.08069927,1017.047241211,0.0,100.0,41.2,Fiji,9837.08591539941,3.34798193,50.2294752725468,890365.0,Upper middle income
FJI,WPR,Western Pacific,2007,67.10363711,1015.43157959,0.0,100.0,41.4,Fiji,9672.29015915616,3.41514993,50.6494569776975,897832.0,Upper middle income
FJI,WPR,Western Pacific,2008,67.02758771,1016.448181152,0.0,100.0,41.9,Fiji,9711.96604655315,3.18467116,51.0979752573339,903399.0,Upper middle income
FJI,WPR,Western Pacific,2009,67.25290005,1002.938171387,0.0,100.0,41.6,Fiji,9536.81721085631,3.53587627,51.5628013169579,907239.0,Upper middle income
FJI,WPR,Western Pacific,2010,67.3135839,1006.95526123,0.0,100.0,41.3,Fiji,9784.30356200221,3.41664124,52.0415147785104,910419.0,Upper middle income
FJI,WPR,Western Pacific,2011,67.39745191,1008.269470215,0.0,100.0,40.8,Fiji,10020.6957855059,3.14293504,52.5335449475105,912989.0,Upper middle income
FJI,WPR,Western Pacific,2012,67.51183712,996.542907715,0.0,100.0,40.4,Fiji,10140.6936395636,3.2655499,53.0383211294771,914918.0,Upper middle income
FJI,WPR,Western Pacific,2013,67.62910016,989.77935791,0.0,200.0,40.2,Fiji,10604.1558725865,3.20040679,53.5552726299291,916352.0,Upper middle income
FJI,WPR,Western Pacific,2014,67.72103011,984.322753906,0.0,200.0,40.0,Fiji,11183.3135357123,3.36860466,54.0838287543856,917585.0,Upper middle income
FJI,WPR,Western Pacific,2015,67.8018416,975.02130127,0.0,200.0,39.7,Fiji,11674.0633525272,3.32468939,54.6234188083653,918578.0,Upper middle income
FJI,WPR,Western Pacific,2016,67.7499939,967.396484375,0.0,500.0,39.4,Fiji,11951.9196317982,3.27979708,55.1734720973874,919166.0,Upper middle income
FJI,WPR,Western Pacific,2017,67.87169424,964.89050293,0.0,500.0,39.3,Fiji,12597.3274662764,3.18689561,55.7408343449609,918759.0,Upper middle income
FJI,WPR,Western Pacific,2018,67.86709271,958.260314941,0.0,500.0,39.0,Fiji,13100.0959551236,4.10572624,56.2328347385698,917180.0,Upper middle income
FJI,WPR,Western Pacific,2019,67.86595098,952.068725586,0.0,500.0,38.8,Fiji,13056.3310937089,4.28229284,56.70989552257,914899.0,Upper middle income
FJI,WPR,Western Pacific,2020,67.71119355,942.625488281,0.0,590.0,38.6,Fiji,10812.0355014178,5.28987408,57.186684691874,914963.0,Upper middle income
FJI,WPR,Western Pacific,2021,65.50058445,893.65045166,0.0,740.0,37.9,Fiji,10322.4279638854,7.06084681,57.6618364761928,916711.0,Upper middle income
FRA,EUR,Europe,2000,78.91105529,392.389129639,0.0,5700.0,14.1,France,45922.4789363701,9.61744022,76.5143983146093,60918661.0,High income
FRA,EUR,Europe,2001,79.01103311,390.475830078,0.0,5700.0,13.8,France,46454.8706927365,9.75719261,76.9074413607811,61364377.0,High income
FRA,EUR,Europe,2002,79.14448316,387.241943359,0.0,5700.0,13.6,France,46610.7820717214,10.08250141,77.2543866607525,61812142.0,High income
FRA,EUR,Europe,2003,79.09102734,392.250091553,0.0,5500.0,13.4,France,46730.975806379,10.13474941,77.4691216035138,62249855.0,High income
FRA,EUR,Europe,2004,80.00018858,361.821502686,0.0,5600.0,12.8,France,47720.4413351103,10.2117033,77.4900500011961,62707588.0,High income
FRA,EUR,Europe,2005,80.00456559,361.679748535,0.0,5500.0,12.7,France,48257.4650937971,10.23720551,77.4363315105438,63180854.0,High income
FRA,EUR,Europe,2006,80.52598237,345.544372559,0.0,5400.0,12.4,France,49223.247197008,10.39764977,77.3467240068648,63622342.0,High income
FRA,EUR,Europe,2007,80.79627532,337.194671631,0.0,5100.0,12.2,France,50157.7837477634,10.33418846,77.2457976606157,64016890.0,High income
FRA,EUR,Europe,2008,80.87497757,334.656219482,0.0,5100.0,12.0,France,50068.2969141379,10.51340675,77.1561901569367,64375116.0,High income
FRA,EUR,Europe,2009,81.04063075,328.45425415,0.0,5000.0,11.9,France,48404.9657826363,11.29095459,77.1005391809676,64706436.0,High income
FRA,EUR,Europe,2010,81.2215994,324.631103516,0.0,5100.0,11.8,France,49130.422942344,11.22430801,77.0962844808803,65026211.0,High income
FRA,EUR,Europe,2011,81.57719696,313.431274414,0.0,4900.0,11.5,France,50085.6829779109,11.17601013,77.1182717387509,65340830.0,High income
FRA,EUR,Europe,2012,81.57752501,314.525238037,0.0,4500.0,11.4,France,49935.6269081617,11.33749485,77.1669464919916,65657659.0,High income
FRA,EUR,Europe,2013,81.81996075,308.424346924,0.0,4300.0,11.2,France,50066.5304324783,11.37891197,77.2440721470918,65997932.0,High income
FRA,EUR,Europe,2014,82.2489409,297.320281982,0.0,4200.0,11.0,France,50326.567863089,11.57935429,77.3524296788613,66312067.0,High income
FRA,EUR,Europe,2015,81.90513823,297.402099609,0.0,4200.0,10.8,France,50682.8953586333,11.50032997,77.7610919150066,66548272.0,High income
FRA,EUR,Europe,2016,82.13202442,292.041900635,0.0,4100.0,10.8,France,50984.075297832,11.57036018,78.5999114705779,66724104.0,High income
FRA,EUR,Europe,2017,82.17093951,296.009613037,0.0,4000.0,10.7,France,51895.5662985838,11.44944572,78.6467804026368,66918020.0,High income
FRA,EUR,Europe,2018,82.37708106,282.730102539,0.0,3800.0,10.3,France,52560.9536243841,11.30847645,78.6714432536599,67158348.0,High income
FRA,EUR,Europe,2019,82.52902201,277.828216553,0.0,3700.0,10.1,France,53448.5548849943,11.17058277,78.6890784549356,67382061.0,High income
FRA,EUR,Europe,2020,81.87409035,276.1534729,0.0,3400.0,10.0,France,49311.333409639,12.12949371,78.7119131765249,67601110.0,High income
FRA,EUR,Europe,2021,81.92274175,281.514190674,0.0,3300.0,10.2,France,52517.3354905855,12.24894238,78.7364603392338,67842811.0,High income
FSM,WPR,Western Pacific,2000,63.55831516,1055.513671875,0.0,0.0,41.6,"Micronesia, Fed. Sts.",3555.49951989363,7.76511145,22.3299999237061,112044.0,Lower middle income
FSM,WPR,Western Pacific,2001,63.81961029,1047.405273438,0.0,0.0,41.4,"Micronesia, Fed. Sts.",3609.87256369558,8.48781967,22.3299999237061,112365.0,Lower middle income
FSM,WPR,Western Pacific,2002,62.91664429,1036.684448242,0.0,0.0,41.1,"Micronesia, Fed. Sts.",3623.19636273235,7.96301365,22.3299999237061,112448.0,Lower middle income
FSM,WPR,Western Pacific,2003,64.10175678,1031.536987305,0.0,0.0,41.0,"Micronesia, Fed. Sts.",3692.41720136136,9.65028286,22.3299999237061,112285.0,Lower middle income
FSM,WPR,Western Pacific,2004,64.15853132,1034.200439453,0.0,0.0,41.1,"Micronesia, Fed. Sts.",3586.11247849917,12.23538685,22.3299999237061,111925.0,Lower middle income
FSM,WPR,Western Pacific,2005,64.2139938,1039.784423828,0.0,0.0,41.2,"Micronesia, Fed. Sts.",3685.99439466343,17.94844818,22.3299999237061,111412.0,Lower middle income
FSM,WPR,Western Pacific,2006,64.28893329,1030.102783203,0.0,0.0,40.9,"Micronesia, Fed. Sts.",3701.35082122551,10.87018681,22.3275140420008,110729.0,Lower middle income
FSM,WPR,Western Pacific,2007,64.36936061,1018.807983398,0.0,0.0,40.5,"Micronesia, Fed. Sts.",3665.65753455567,11.23334217,22.3208324539882,109880.0,Lower middle income
FSM,WPR,Western Pacific,2008,64.49273801,1010.936279297,0.0,0.0,40.3,"Micronesia, Fed. Sts.",3601.90031821178,12.08326721,22.3111192453232,108936.0,Lower middle income
FSM,WPR,Western Pacific,2009,64.68062183,1007.460021973,0.0,0.0,40.2,"Micronesia, Fed. Sts.",3674.48835418326,12.68854141,22.2995385016606,107957.0,Lower middle income
FSM,WPR,Western Pacific,2010,64.77779493,1003.100402832,0.0,0.0,40.1,"Micronesia, Fed. Sts.",3764.95289087757,13.3306675,22.2903529875138,107540.0,Lower middle income
FSM,WPR,Western Pacific,2011,64.90882285,1002.129211426,0.0,0.0,40.0,"Micronesia, Fed. Sts.",3901.67577698307,13.222826,22.2914664135472,107698.0,Lower middle income
FSM,WPR,Western Pacific,2012,65.02895443,997.055541992,0.0,0.0,39.9,"Micronesia, Fed. Sts.",3828.74704775533,12.39077377,22.2942568788425,107890.0,Lower middle income
FSM,WPR,Western Pacific,2013,65.16296685,989.398498535,0.0,0.0,39.7,"Micronesia, Fed. Sts.",3680.10650035034,12.21770954,22.2986323961146,108121.0,Lower middle income
FSM,WPR,Western Pacific,2014,65.26774587,967.16809082,0.0,0.0,39.0,"Micronesia, Fed. Sts.",3575.85071357893,11.83491802,22.3046193122479,108396.0,Lower middle income
FSM,WPR,Western Pacific,2015,65.32541233,977.121765137,0.0,0.0,39.7,"Micronesia, Fed. Sts.",3723.39901795888,12.62341213,22.3122336099411,108716.0,Lower middle income
FSM,WPR,Western Pacific,2016,65.5242044,965.610534668,0.0,0.0,39.2,"Micronesia, Fed. Sts.",3746.13008308173,13.33481121,22.3214896137555,109075.0,Lower middle income
FSM,WPR,Western Pacific,2017,65.6570782,963.394348145,0.0,0.0,39.1,"Micronesia, Fed. Sts.",3813.44207942995,12.40742493,22.332401189542,109481.0,Lower middle income
FSM,WPR,Western Pacific,2018,65.82693994,964.523681641,0.0,0.0,39.2,"Micronesia, Fed. Sts.",3798.59203794112,11.93961334,22.3449820355433,109909.0,Lower middle income
FSM,WPR,Western Pacific,2019,65.9434567,962.84942627,0.0,0.0,39.1,"Micronesia, Fed. Sts.",3940.26446989917,11.87363148,22.359245777081,110282.0,Lower middle income
FSM,WPR,Western Pacific,2020,65.67162273,987.472351074,0.0,0.0,40.7,"Micronesia, Fed. Sts.",3852.20025570019,11.98479271,22.3752060036598,110916.0,Lower middle income
FSM,WPR,Western Pacific,2021,65.70956674,982.35333252,0.0,0.0,40.5,"Micronesia, Fed. Sts.",3946.41608109166,11.37430477,22.3928762855411,111624.0,Lower middle income
GAB,AFR,Africa,2000,57.68875146,707.409973145,362.0,4300.0,24.7,Gabon,21717.2240797447,2.90471101,79.5660404650438,1275572.0,Upper middle income
GAB,AFR,Africa,2001,57.70877986,692.903076172,347.0,4200.0,24.4,Gabon,21604.7804442423,3.15198207,80.4090993437448,1309589.0,Upper middle income
GAB,AFR,Africa,2002,58.05614161,643.065429688,329.0,4100.0,22.8,Gabon,20981.4798585102,3.32970691,81.2205241874174,1345135.0,Upper middle income
GAB,AFR,Africa,2003,58.21558345,634.29888916,300.0,3900.0,23.1,Gabon,20875.4549326477,3.53648472,81.9970830091574,1382350.0,Upper middle income
GAB,AFR,Africa,2004,58.70865642,631.994750977,253.0,3700.0,22.6,Gabon,20438.9307067212,3.36498594,82.7355438220611,1421609.0,Upper middle income
GAB,AFR,Africa,2005,59.68914077,690.114685059,256.0,3600.0,24.1,Gabon,20385.2899909742,2.92175174,83.4326746392243,1463495.0,Upper middle income
GAB,AFR,Africa,2006,60.2987489,696.319335938,260.0,3500.0,24.1,Gabon,19224.1268658969,3.14623928,84.0852434737431,1508337.0,Upper middle income
GAB,AFR,Africa,2007,60.67060002,654.333618164,263.0,3500.0,22.7,Gabon,19751.8762216408,3.0834198,84.6900183387136,1556237.0,Upper middle income
GAB,AFR,Africa,2008,60.80435396,659.720214844,282.0,3300.0,22.5,Gabon,18493.0921103343,2.84760666,85.2437672472316,1607175.0,Upper middle income
GAB,AFR,Africa,2009,61.22876669,676.74407959,313.0,3300.0,23.2,Gabon,17911.1458491661,3.78076673,85.7432582123932,1661556.0,Upper middle income
GAB,AFR,Africa,2010,61.73354089,669.042724609,363.0,3200.0,22.9,Gabon,18530.5760936058,2.47556901,86.1852592472945,1719879.0,Upper middle income
GAB,AFR,Africa,2011,62.08769123,668.649597168,392.0,3100.0,22.7,Gabon,19153.0878201525,2.55771565,86.5665383650315,1781985.0,Upper middle income
GAB,AFR,Africa,2012,62.66758728,647.357116699,400.0,2900.0,21.9,Gabon,19450.4027067379,2.42097569,86.8838635787001,1846889.0,Upper middle income
GAB,AFR,Africa,2013,63.25439162,649.809814453,398.0,2800.0,22.0,Gabon,19836.4554852011,2.84087205,87.1482480671637,1913059.0,Upper middle income
GAB,AFR,Africa,2014,63.76784225,686.49230957,392.0,2700.0,23.5,Gabon,20008.9899779322,2.53282261,87.6236017962969,1978399.0,Upper middle income
GAB,AFR,Africa,2015,64.00078432,685.968933105,392.0,2600.0,23.5,Gabon,20147.7116202405,2.65743947,88.085308383892,2040989.0,Upper middle income
GAB,AFR,Africa,2016,64.25526743,673.02734375,397.0,2400.0,22.8,Gabon,19988.1755963792,3.1076982,88.5445883406178,2100306.0,Upper middle income
GAB,AFR,Africa,2017,64.52552888,660.472717285,406.0,2600.0,22.2,Gabon,19555.7078829752,2.78068876,89.0009733256896,2156900.0,Upper middle income
GAB,AFR,Africa,2018,64.70364722,657.588806152,417.0,2500.0,21.9,Gabon,19225.5982575261,2.75235105,89.4539949981866,2212318.0,Upper middle income
GAB,AFR,Africa,2019,64.97251699,645.273193359,420.0,2400.0,21.5,Gabon,19491.4067631986,2.76837039,89.9031850170394,2267706.0,Upper middle income
GAB,AFR,Africa,2020,65.12601321,563.022216797,427.0,2200.0,19.2,Gabon,18681.4840738985,3.4401269,90.3480750410147,2322539.0,Upper middle income
GAB,AFR,Africa,2021,65.09380891,532.737243652,428.0,2300.0,18.1,Gabon,18523.5798032193,2.79254127,90.7881967286967,2376722.0,Upper middle income
GBR,EUR,Europe,2000,77.85839464,447.422851563,0.0,0.0,16.5,United Kingdom,43115.5630082237,7.14559078,79.8241408315172,58892514.0,High income
GBR,EUR,Europe,2001,77.95184342,460.630432129,0.0,0.0,16.1,United Kingdom,43976.8391685783,7.43276882,79.9838301298823,59119673.0,High income
GBR,EUR,Europe,2002,78.07797235,456.107513428,0.0,0.0,15.7,United Kingdom,44539.4636492853,7.85946798,80.1146062677742,59370479.0,High income
GBR,EUR,Europe,2003,78.14795765,451.713165283,0.0,0.0,15.3,United Kingdom,45759.4020280715,8.05214596,80.2331593332802,59647577.0,High income
GBR,EUR,Europe,2004,78.67634871,429.121368408,0.0,0.0,14.6,United Kingdom,46558.1299600699,8.32219028,80.3423284929998,59987905.0,High income
GBR,EUR,Europe,2005,78.91215,418.327362061,0.0,0.0,14.2,United Kingdom,47529.9377511933,8.38108349,80.4455938127627,60401206.0,High income
GBR,EUR,Europe,2006,79.22561092,404.677307129,0.0,0.0,13.8,United Kingdom,48215.0486668938,8.53970814,80.5464353583991,60846820.0,High income
GBR,EUR,Europe,2007,79.41525763,398.587738037,0.0,0.0,13.5,United Kingdom,49243.2517368789,8.76035309,80.6483331957387,61322463.0,High income
GBR,EUR,Europe,2008,79.53700634,394.204742432,0.0,0.0,13.2,United Kingdom,48833.0712359377,9.03295708,80.7547673906116,61806995.0,High income
GBR,EUR,Europe,2009,80.03183927,375.928436279,0.0,0.0,12.6,United Kingdom,46241.8039957358,9.83944035,80.8692180088478,62276270.0,High income
GBR,EUR,Europe,2010,80.25257339,371.953979492,0.0,0.0,12.4,United Kingdom,46917.8912974837,9.78799534,80.995165116277,62766365.0,High income
GBR,EUR,Europe,2011,80.64139781,358.224945068,0.0,0.0,11.9,United Kingdom,46949.0207981339,9.79682636,81.1359685592627,63258810.0,High income
GBR,EUR,Europe,2012,80.64107832,362.003570557,0.0,0.0,11.7,United Kingdom,47328.2100308702,9.89332199,81.2905667759508,63711000.0,High income
GBR,EUR,Europe,2013,80.68571114,359.862243652,0.0,0.0,11.5,United Kingdom,47820.2821627006,9.99087143,81.4573768694887,64139000.0,High income
GBR,EUR,Europe,2014,80.93676029,348.740997314,0.0,0.0,11.3,United Kingdom,48964.2863514962,9.97686195,81.6355750750722,64620000.0,High income
GBR,EUR,Europe,2015,80.65863594,357.710571289,0.0,0.0,11.3,United Kingdom,49652.7188154397,9.94044876,81.8243772295647,65088000.0,High income
GBR,EUR,Europe,2016,80.81034292,352.030700684,0.0,2800.0,11.3,United Kingdom,50346.8592925717,9.87085724,82.0229991698295,65607000.0,High income
GBR,EUR,Europe,2017,80.92411386,349.173034668,0.0,2600.0,11.0,United Kingdom,51586.6756125445,9.70468903,82.23065673273,65966000.0,High income
GBR,EUR,Europe,2018,80.6238199,356.820831299,0.0,2500.0,11.3,United Kingdom,52131.6948248133,9.79496574,82.4465657551295,66289000.0,High income
GBR,EUR,Europe,2019,81.22319266,336.90020752,0.0,2300.0,10.7,United Kingdom,52515.684446109,9.97954082,82.6699420738913,66631000.0,High income
GBR,EUR,Europe,2020,80.14044898,341.850189209,0.0,2100.0,10.8,United Kingdom,47158.985486323,12.10388088,82.9000015258789,66744000.0,High income
GBR,EUR,Europe,2021,80.10062783,342.34576416,0.0,1900.0,11.0,United Kingdom,51004.4271714238,12.08347321,82.9886431523641,66984000.0,High income
GEO,EUR,Europe,2000,71.06803049,739.083496094,0.0,100.0,26.0,Georgia,5706.27236527837,7.194592,52.4935999592259,4077131.0,Upper middle income
GEO,EUR,Europe,2001,71.59125705,703.520751953,0.0,100.0,25.4,Georgia,6074.08643017282,7.16950893,52.4098165040349,4014373.0,Upper middle income
GEO,EUR,Europe,2002,69.8928645,825.573303223,0.0,200.0,29.0,Georgia,6464.32539672648,7.81474257,52.4127676027039,3978515.0,Upper middle income
GEO,EUR,Europe,2003,70.79663901,824.086730957,0.0,200.0,27.7,Georgia,7227.73705960701,8.02952862,52.5144705663341,3951736.0,Upper middle income
GEO,EUR,Europe,2004,70.54094248,828.012207031,0.0,500.0,27.0,Georgia,7693.91525392067,8.08910847,52.7173199317225,3927340.0,Upper middle income
GEO,EUR,Europe,2005,72.04358005,711.686462402,0.0,500.0,25.8,Georgia,8485.58670534953,8.07734203,53.0036280624359,3902469.0,Upper middle income
GEO,EUR,Europe,2006,72.02382849,726.073364258,0.0,500.0,26.5,Georgia,9337.98906420101,7.63208008,53.3593916521584,3880347.0,Upper middle income
GEO,EUR,Europe,2007,72.55257679,692.771118164,0.0,500.0,26.3,Georgia,10567.2747164758,7.43517828,53.7706073945741,3860158.0,Upper middle income
GEO,EUR,Europe,2008,71.71817156,699.128173828,0.0,500.0,27.0,Georgia,10856.1031328003,8.44424057,54.2232719833673,3848449.0,Upper middle income
GEO,EUR,Europe,2009,71.32156688,773.383117676,0.0,500.0,31.4,Georgia,10553.0896395853,9.56681633,54.7033821122222,3814419.0,Upper middle income
GEO,EUR,Europe,2010,71.81805259,774.621948242,0.0,500.0,28.2,Georgia,11294.3685917112,9.02123737,55.1969344748228,3786695.0,Upper middle income
GEO,EUR,Europe,2011,71.94043757,772.828979492,0.0,500.0,25.9,Georgia,12288.6828861156,7.88224316,55.6899257648533,3756441.0,Upper middle income
GEO,EUR,Europe,2012,72.18519482,740.366271973,0.0,540.0,25.3,Georgia,13193.9596974054,7.95168972,56.1683526759979,3728874.0,Upper middle income
GEO,EUR,Europe,2013,72.60327856,717.151062012,0.0,560.0,24.3,Georgia,13913.0018245661,8.00574589,56.6182119019407,3717668.0,Upper middle income
GEO,EUR,Europe,2014,72.72305539,715.170654297,0.0,590.0,24.2,Georgia,14475.3135356035,8.2940836,57.0237612994258,3719414.0,Upper middle income
GEO,EUR,Europe,2015,72.85013916,705.375976563,0.0,600.0,24.4,Georgia,14936.8434116647,8.6599493,57.3803800455672,3725276.0,Upper middle income
GEO,EUR,Europe,2016,72.63239027,703.598754883,0.0,620.0,24.5,Georgia,15442.9564358054,9.07258892,57.6984032005062,3727505.0,Upper middle income
GEO,EUR,Europe,2017,73.50475808,659.306274414,0.0,620.0,22.9,Georgia,16237.6242230275,8.70140266,57.9996827205757,3728004.0,Upper middle income
GEO,EUR,Europe,2018,73.81278834,634.306518555,0.0,630.0,22.8,Georgia,17228.6790847503,7.75524616,58.3038181862576,3726549.0,Upper middle income
GEO,EUR,Europe,2019,73.85275108,622.251464844,0.0,630.0,22.4,Georgia,18186.8816465807,7.31291389,58.6304091780343,3720161.0,Upper middle income
GEO,EUR,Europe,2020,73.10852232,622.173095703,0.0,630.0,22.6,Georgia,17031.1440283426,9.22991848,58.9990552763878,3722716.0,Upper middle income
GEO,EUR,Europe,2021,71.24038597,628.517578125,0.0,610.0,22.1,Georgia,18915.6534005263,10.53835487,59.4293560618005,3708610.0,Upper middle income
GHA,AFR,Africa,2000,59.08500401,622.339294434,19744.0,30000.0,24.5,Ghana,3327.35199291767,1.66343236,43.9373786640616,19637087.0,Lower middle income
GHA,AFR,Africa,2001,59.15248936,638.068237305,18932.0,29000.0,25.1,Ghana,3369.50702508212,1.86866331,44.6410507317701,20167069.0,Lower middle income
GHA,AFR,Africa,2002,59.31647181,645.273193359,17932.0,28000.0,25.2,Ghana,3425.61820934278,1.94694591,45.3484692124806,20729388.0,Lower middle income
GHA,AFR,Africa,2003,59.53762932,651.620727539,16738.0,27000.0,25.3,Ghana,3507.75105744843,2.14935279,46.0547973581418,21296705.0,Lower middle income
GHA,AFR,Africa,2004,59.79633543,651.787963867,15615.0,26000.0,25.2,Ghana,3607.36522285021,2.36955285,46.7572004525685,21868298.0,Lower middle income
GHA,AFR,Africa,2005,60.06629663,652.095275879,14843.0,26000.0,25.2,Ghana,3721.30785741996,3.27344108,47.4528437795757,22449438.0,Lower middle income
GHA,AFR,Africa,2006,60.34619824,655.749694824,14959.0,25000.0,25.2,Ghana,3857.86154847605,3.67208791,48.1388926229785,23040702.0,Lower middle income
GHA,AFR,Africa,2007,60.66755486,658.7421875,14904.0,24000.0,25.4,Ghana,3923.12567803728,3.70900321,48.8125122665918,23642279.0,Lower middle income
GHA,AFR,Africa,2008,61.08557755,665.635375977,15464.0,23000.0,25.5,Ghana,4174.78124103364,3.72533512,49.4708679942306,24249946.0,Lower middle income
GHA,AFR,Africa,2009,61.52802106,670.61315918,16485.0,23000.0,25.7,Ghana,4269.16005861557,4.17717743,50.1111250897099,24862664.0,Lower middle income
GHA,AFR,Africa,2010,61.9748058,664.526000977,16891.0,22000.0,25.4,Ghana,4495.68916584106,4.52302933,50.7296926788704,25474995.0,Lower middle income
GHA,AFR,Africa,2011,62.58287212,665.615539551,17163.0,21000.0,25.4,Ghana,5005.36732498187,4.46374655,51.3304086646488,26095088.0,Lower middle income
GHA,AFR,Africa,2012,63.16293767,657.205078125,16573.0,21000.0,25.0,Ghana,5339.71321903045,3.93023658,51.9197918381031,26734268.0,Lower middle income
GHA,AFR,Africa,2013,63.58672686,652.74395752,15618.0,21000.0,24.7,Ghana,5593.77481886917,4.59225416,52.4985794475913,27386193.0,Lower middle income
GHA,AFR,Africa,2014,63.96496972,646.120300293,14384.0,21000.0,24.4,Ghana,5619.07233511591,4.01644135,53.0663398797148,28041592.0,Lower middle income
GHA,AFR,Africa,2015,64.33720534,643.397827148,13260.0,21000.0,24.2,Ghana,5607.36635657413,4.54299259,53.6226415210752,28696068.0,Lower middle income
GHA,AFR,Africa,2016,64.70727537,637.259643555,12293.0,20000.0,23.9,Ghana,5666.07795334591,3.39035821,54.167052758274,29356742.0,Lower middle income
GHA,AFR,Africa,2017,65.08594377,632.306335449,11522.0,20000.0,23.6,Ghana,5993.63085211077,2.68786979,54.6991419779128,30008354.0,Lower middle income
GHA,AFR,Africa,2018,65.51554359,625.506225586,11103.0,19000.0,23.2,Ghana,6234.51208201488,2.43001175,55.218477566593,30637585.0,Lower middle income
GHA,AFR,Africa,2019,65.97133363,619.266662598,11116.0,19000.0,22.8,Ghana,6508.24652305901,3.25450468,55.7246279109161,31258945.0,Lower middle income
GHA,AFR,Africa,2020,66.18136667,619.864501953,11311.0,19000.0,22.8,Ghana,6412.68541762469,4.4331708,56.2171613974837,31887809.0,Lower middle income
GHA,AFR,Africa,2021,66.10178519,606.380615234,11373.0,18000.0,22.2,Ghana,6607.50297378321,3.86030865,56.6952556826536,32518665.0,Lower middle income
GIN,AFR,Africa,2000,54.19541328,606.860229492,14603.0,11000.0,24.1,Guinea,2358.28765608495,4.74101353,30.9231105645224,8428832.0,Lower middle income
GIN,AFR,Africa,2001,54.67176541,616.397094727,12271.0,11000.0,24.5,Guinea,2412.75161959628,4.88433027,31.2176948406254,8539960.0,Lower middle income
GIN,AFR,Africa,2002,55.1808226,631.70715332,12932.0,11000.0,24.9,Guinea,2498.13177495102,5.35653734,31.5131362085814,8674066.0,Lower middle income
GIN,AFR,Africa,2003,55.63757789,637.353393555,12188.0,11000.0,25.0,Guinea,2473.23418295471,4.77216482,31.8086015036327,8870781.0,Lower middle income
GIN,AFR,Africa,2004,56.03427492,642.69152832,10657.0,11000.0,25.2,Guinea,2477.50282602363,4.77632809,32.1032575610216,9062726.0,Lower middle income
GIN,AFR,Africa,2005,56.45301837,636.703857422,9803.0,11000.0,24.9,Guinea,2501.22160456279,4.03452682,32.3962712159907,9245844.0,Lower middle income
GIN,AFR,Africa,2006,56.85533921,653.993774414,9691.0,10000.0,25.5,Guinea,2478.61319510726,3.61526895,32.6868093037822,9441171.0,Lower middle income
GIN,AFR,Africa,2007,57.16190125,661.365661621,9937.0,10000.0,25.8,Guinea,2587.0048887648,3.48262477,32.9740386596386,9662281.0,Lower middle income
GIN,AFR,Africa,2008,57.53628959,666.65234375,10553.0,10000.0,25.9,Guinea,2629.5397474637,3.26561713,33.2571261188022,9898870.0,Lower middle income
GIN,AFR,Africa,2009,57.8555884,663.92791748,12609.0,10000.0,25.9,Guinea,2537.30645758746,3.58146644,33.5352385165154,10143534.0,Lower middle income
GIN,AFR,Africa,2010,58.26432378,682.447631836,13854.0,9800.0,26.4,Guinea,2594.83050344245,3.42781734,33.8075426880206,10396086.0,Lower middle income
GIN,AFR,Africa,2011,58.59208329,679.846374512,14505.0,9200.0,26.3,Guinea,2673.40873029955,3.78955102,34.0732054685603,10656810.0,Lower middle income
GIN,AFR,Africa,2012,58.88851718,676.368713379,14478.0,8900.0,26.2,Guinea,2762.90350938513,3.50398517,34.3313936933767,10921581.0,Lower middle income
GIN,AFR,Africa,2013,59.12749175,671.223754883,13268.0,8100.0,25.9,Guinea,2802.56007024474,3.46108651,34.5812741977122,11191873.0,Lower middle income
GIN,AFR,Africa,2014,58.60749611,669.503295898,12703.0,9500.0,25.9,Guinea,2834.96634347846,4.787992,34.8177920826682,11472924.0,Lower middle income
GIN,AFR,Africa,2015,59.19807943,669.006408691,12092.0,9200.0,25.8,Guinea,2869.85157178732,5.80919266,35.0373191833496,11767070.0,Lower middle income
GIN,AFR,Africa,2016,59.83918056,661.951538086,11417.0,8900.0,25.5,Guinea,3099.78874189372,5.39694929,35.3100280761719,12073030.0,Lower middle income
GIN,AFR,Africa,2017,60.25359445,656.487304688,11460.0,8800.0,25.3,Guinea,3332.76576150531,3.91512728,35.5827331542969,12385659.0,Lower middle income
GIN,AFR,Africa,2018,60.65900972,647.789306641,11592.0,8700.0,24.9,Guinea,3455.64512638662,3.73843002,35.8554382324219,12704774.0,Lower middle income
GIN,AFR,Africa,2019,61.12869188,643.281066895,10898.0,7500.0,24.5,Guinea,3557.46233883145,4.08876228,36.1281547546387,13034346.0,Lower middle income
GIN,AFR,Africa,2020,61.15586466,643.188476563,11118.0,7000.0,24.4,Guinea,3630.99330577677,3.90094519,36.4802208060551,13371183.0,Lower middle income
GIN,AFR,Africa,2021,61.26251027,617.583496094,10381.0,6600.0,23.6,Guinea,3738.8051255133,3.7175858,36.8502178436256,13710513.0,Lower middle income
GMB,AFR,Africa,2000,59.15410966,656.497619629,456.0,2400.0,24.0,"Gambia, The",2658.61770579464,10.78532791,46.9722332873784,1455084.0,Low income
GMB,AFR,Africa,2001,59.40248243,659.414123535,469.0,2400.0,24.2,"Gambia, The",2737.69610805906,8.29925728,48.3491979765917,1495011.0,Low income
GMB,AFR,Africa,2002,59.58972076,664.579956055,485.0,2500.0,24.3,"Gambia, The",2578.557145742,6.2326026,49.5731153377033,1535691.0,Low income
GMB,AFR,Africa,2003,59.85443013,665.435668945,481.0,2500.0,24.4,"Gambia, The",2682.47993310133,5.29709053,50.6010077995371,1577611.0,Low income
GMB,AFR,Africa,2004,60.16114704,671.659057617,471.0,2500.0,24.6,"Gambia, The",2794.19352609118,5.42000151,51.5062022597801,1621312.0,Low income
GMB,AFR,Africa,2005,60.52311247,661.477600098,470.0,2500.0,24.2,"Gambia, The",2653.64239155191,5.386024,52.3582132660613,1667037.0,Low income
GMB,AFR,Africa,2006,60.88522742,645.481445313,483.0,2500.0,23.6,"Gambia, The",2564.68653970519,5.43720818,53.1603285370566,1715275.0,Low income
GMB,AFR,Africa,2007,61.11617054,643.282165527,491.0,2500.0,23.5,"Gambia, The",2567.15728802982,4.95501947,53.9196109423854,1765774.0,Low income
GMB,AFR,Africa,2008,61.50169712,646.821777344,513.0,2500.0,23.6,"Gambia, The",2649.61119865306,4.65938759,54.6431233516671,1817852.0,Low income
GMB,AFR,Africa,2009,61.85818495,645.505065918,522.0,2400.0,23.4,"Gambia, The",2745.32540574768,4.46430635,55.3379286345209,1871422.0,Low income
GMB,AFR,Africa,2010,62.35679034,629.097290039,563.0,2300.0,22.8,"Gambia, The",2824.21259222517,4.11944056,56.0110896605662,1926630.0,Low income
GMB,AFR,Africa,2011,62.84614338,635.292480469,665.0,2200.0,23.0,"Gambia, The",2519.83983255672,4.36967373,56.6696692994225,1983784.0,Low income
GMB,AFR,Africa,2012,63.20846898,640.466918945,692.0,2200.0,23.1,"Gambia, The",2574.93509664061,4.26872253,57.3207304207091,2043094.0,Low income
GMB,AFR,Africa,2013,63.42180565,638.081848145,676.0,2100.0,22.9,"Gambia, The",2572.44728941685,3.91374874,57.970305611505,2103820.0,Low income
GMB,AFR,Africa,2014,63.57797414,646.050354004,619.0,2100.0,23.1,"Gambia, The",2465.10971144823,3.05234575,58.6141799655551,2164528.0,Low income
GMB,AFR,Africa,2015,63.79523685,645.174560547,664.0,1900.0,23.0,"Gambia, The",2495.95741601525,3.1761291,59.2458499408388,2224529.0,Low income
GMB,AFR,Africa,2016,64.05468717,644.263244629,615.0,1900.0,23.0,"Gambia, The",2478.46055756999,3.19523716,59.8652472486563,2283769.0,Low income
GMB,AFR,Africa,2017,64.31746247,646.274658203,594.0,1700.0,23.1,"Gambia, The",2533.18683710276,3.35449266,60.471712657237,2342189.0,Low income
GMB,AFR,Africa,2018,64.60661374,640.493103027,600.0,1600.0,22.9,"Gambia, The",2651.43281455826,3.18501234,61.0645869348107,2399632.0,Low income
GMB,AFR,Africa,2019,64.91162984,644.629577637,598.0,1600.0,23.0,"Gambia, The",2750.82132179634,3.14534926,61.643210849607,2456844.0,Low income
GMB,AFR,Africa,2020,64.7871582,648.080749512,610.0,1500.0,22.9,"Gambia, The",2702.31919474482,4.01436949,62.2069251698555,2515733.0,Low income
GMB,AFR,Africa,2021,64.21396887,610.442260742,619.0,1400.0,21.8,"Gambia, The",2777.79620978324,3.74321485,62.7550706637859,2576010.0,Low income
GNB,AFR,Africa,2000,50.19859342,855.557312012,2045.0,5600.0,33.0,Guinea-Bissau,1974.62172274651,4.18953228,36.8412054388232,1234741.0,Low income
GNB,AFR,Africa,2001,50.63672662,837.580322266,1568.0,5100.0,32.1,Guinea-Bissau,2025.60064005453,4.12891531,37.1627839410066,1261273.0,Low income
GNB,AFR,Africa,2002,51.04081513,812.271789551,1216.0,4600.0,31.0,Guinea-Bissau,2053.96189370909,3.87280011,37.4734924367695,1289307.0,Low income
GNB,AFR,Africa,2003,51.43513822,791.849731445,964.0,4200.0,30.8,Guinea-Bissau,2002.27740627342,3.50201416,37.7773055741583,1318806.0,Low income
GNB,AFR,Africa,2004,51.76786398,797.788574219,867.0,3800.0,30.7,Guinea-Bissau,1979.57457765814,4.27070189,38.0781980012196,1349563.0,Low income
GNB,AFR,Africa,2005,52.21818539,765.554016113,827.0,3500.0,29.4,Guinea-Bissau,2060.53834311757,4.53462505,38.3801443659997,1381585.0,Low income
GNB,AFR,Africa,2006,52.75265393,767.063842773,807.0,3400.0,29.2,Guinea-Bissau,2065.08370690452,5.07826185,38.6871193165452,1415303.0,Low income
GNB,AFR,Africa,2007,53.47365795,757.454467773,798.0,3400.0,28.9,Guinea-Bissau,2065.86121747677,4.92573404,39.0030975009025,1450986.0,Low income
GNB,AFR,Africa,2008,54.20231863,747.647705078,806.0,3200.0,28.4,Guinea-Bissau,2105.54284991215,5.35239792,39.3320535671181,1488054.0,Low income
GNB,AFR,Africa,2009,54.71780339,748.841430664,858.0,3100.0,28.4,Guinea-Bissau,2102.92720552345,4.61063194,39.6716434222135,1526377.0,Low income
GNB,AFR,Africa,2010,55.34491742,738.692016602,874.0,2900.0,28.1,Guinea-Bissau,2164.13349780236,4.87133694,40.0095596313477,1566347.0,Low income
GNB,AFR,Africa,2011,55.96327117,720.159301758,868.0,2600.0,27.4,Guinea-Bissau,2278.40566106623,6.21634817,40.4391136169434,1608076.0,Low income
GNB,AFR,Africa,2012,56.47290302,704.111877441,861.0,2400.0,26.9,Guinea-Bissau,2180.60762289148,5.94134808,40.8686027526855,1651417.0,Low income
GNB,AFR,Africa,2013,56.92169618,698.698486328,859.0,2100.0,26.6,Guinea-Bissau,2192.45628322206,7.03943443,41.2976379394531,1695973.0,Low income
GNB,AFR,Africa,2014,57.18296664,704.254760742,851.0,1800.0,26.7,Guinea-Bissau,2156.2021908175,9.96897411,41.7271995544434,1741122.0,Low income
GNB,AFR,Africa,2015,57.5801364,710.747436523,838.0,1800.0,26.9,Guinea-Bissau,2230.39106612596,8.13228226,42.1568145751953,1786457.0,Low income
GNB,AFR,Africa,2016,58.02773484,700.606994629,855.0,1700.0,26.6,Guinea-Bissau,2293.23583589196,8.32881451,42.586109161377,1831893.0,Low income
GNB,AFR,Africa,2017,58.3521892,694.670654297,855.0,1600.0,26.4,Guinea-Bissau,2342.41526571427,7.00049543,43.0155792236328,1877072.0,Low income
GNB,AFR,Africa,2018,58.6003654,672.665283203,842.0,1600.0,25.7,Guinea-Bissau,2373.50158144916,7.28164959,43.4449081420898,1922168.0,Low income
GNB,AFR,Africa,2019,58.97631495,689.938476563,846.0,1400.0,26.1,Guinea-Bissau,2442.10663731324,7.14602089,43.8745574951172,1967696.0,Low income
GNB,AFR,Africa,2020,58.37604595,709.871276855,954.0,1300.0,26.8,Guinea-Bissau,2455.85606168546,8.98898792,44.3038330078125,2013255.0,Low income
GNB,AFR,Africa,2021,58.62801846,649.418151855,1027.0,1300.0,25.3,Guinea-Bissau,2522.76764302521,8.39794922,44.7334136962891,2058841.0,Low income
GNQ,AFR,Africa,2000,54.03083545,750.483215332,485.0,0.0,27.9,Equatorial Guinea,11767.4708814313,1.22260201,38.8154587133988,703279.0,Upper middle income
GNQ,AFR,Africa,2001,54.84349385,703.855834961,490.0,0.0,26.1,Equatorial Guinea,18031.964975074,1.32559299,38.8638365386531,749836.0,Upper middle income
GNQ,AFR,Africa,2002,55.47366319,665.557250977,495.0,0.0,24.4,Equatorial Guinea,20242.4309684399,2.88730073,39.1969150391705,797957.0,Upper middle income
GNQ,AFR,Africa,2003,55.73628907,654.778991699,523.0,0.0,24.0,Equatorial Guinea,21709.5751241959,1.97185338,39.895902485648,847862.0,Upper middle income
GNQ,AFR,Africa,2004,56.18357801,632.600036621,550.0,0.0,23.2,Equatorial Guinea,28225.985816122,1.58463597,40.9304009672368,899917.0,Upper middle income
GNQ,AFR,Africa,2005,56.77339509,608.846313477,614.0,0.0,22.1,Equatorial Guinea,31302.957953874,1.42048728,42.2814597171299,947367.0,Upper middle income
GNQ,AFR,Africa,2006,57.74387549,588.613830566,596.0,0.0,21.1,Equatorial Guinea,32251.7680082519,1.41217864,43.9301279685204,990343.0,Upper middle income
GNQ,AFR,Africa,2007,58.62674902,567.712280273,588.0,0.0,20.2,Equatorial Guinea,35540.4477563657,1.42080677,45.8574549546013,1036044.0,Upper middle income
GNQ,AFR,Africa,2008,59.26655739,567.43157959,568.0,0.0,20.4,Equatorial Guinea,39994.6159790647,1.23333216,48.0444899085658,1084530.0,Upper middle income
GNQ,AFR,Africa,2009,59.83637977,564.38885498,558.0,0.0,20.2,Equatorial Guinea,38706.6052512135,1.87389886,50.4722820636069,1135673.0,Upper middle income
GNQ,AFR,Africa,2010,60.00998447,566.338134766,602.0,0.0,20.2,Equatorial Guinea,33668.8740654852,1.73363662,53.1218806529176,1189085.0,Upper middle income
GNQ,AFR,Africa,2011,59.83129965,563.948791504,614.0,0.0,20.2,Equatorial Guinea,34341.9342607505,1.54309607,55.9743349096911,1241835.0,Upper middle income
GNQ,AFR,Africa,2012,60.11028327,555.963317871,653.0,0.0,19.9,Equatorial Guinea,35711.4919273537,1.62290311,59.0106940671203,1293483.0,Upper middle income
GNQ,AFR,Africa,2013,60.96850359,530.451538086,720.0,0.0,18.8,Equatorial Guinea,32894.3693189101,1.75622749,62.2120073583984,1346218.0,Upper middle income
GNQ,AFR,Africa,2014,61.53172347,521.379455566,778.0,0.0,18.5,Equatorial Guinea,31765.8997056851,1.868559,65.5593240167184,1399828.0,Upper middle income
GNQ,AFR,Africa,2015,61.12739135,535.961303711,781.0,0.0,19.1,Equatorial Guinea,27797.7942803179,2.45693421,68.951270615355,1453923.0,Upper middle income
GNQ,AFR,Africa,2016,60.85942801,548.275878906,785.0,0.0,19.8,Equatorial Guinea,24435.0645564801,2.97177482,69.253269853051,1508186.0,Upper middle income
GNQ,AFR,Africa,2017,61.20572328,569.512878418,778.0,0.0,20.2,Equatorial Guinea,22250.4389230263,2.86121631,69.5516019132985,1562396.0,Upper middle income
GNQ,AFR,Africa,2018,61.42093734,592.176147461,752.0,0.0,21.0,Equatorial Guinea,20165.4795550607,2.92214823,69.8396623666175,1616422.0,Upper middle income
GNQ,AFR,Africa,2019,61.38714512,592.095703125,739.0,0.0,21.1,Equatorial Guinea,18446.5916579681,3.27948833,70.1175419547293,1670177.0,Upper middle income
GNQ,AFR,Africa,2020,61.15866176,598.224182129,790.0,0.0,21.1,Equatorial Guinea,17089.153726379,3.70560718,70.3853314193247,1716468.0,Upper middle income
GNQ,AFR,Africa,2021,61.60542301,570.388916016,795.0,0.0,20.3,Equatorial Guinea,16821.4486470413,3.5103004,70.6431215020592,1758786.0,Upper middle income
GRC,EUR,Europe,2000,78.42147917,452.358032227,0.0,500.0,15.0,Greece,31386.639783624,7.51388931,72.665642910984,10805808.0,High income
GRC,EUR,Europe,2001,78.82217341,436.921600342,0.0,500.0,14.6,Greece,32675.9292327768,8.24545956,72.8460703788502,10862132.0,High income
GRC,EUR,Europe,2002,78.97253017,433.051483154,0.0,500.0,14.3,Greece,34081.0289759343,8.46998692,73.0977109642516,10902022.0,High income
GRC,EUR,Europe,2003,79.0919372,429.25769043,0.0,500.0,14.3,Greece,35970.7016808475,8.68253994,73.432268024093,10928070.0,High income
GRC,EUR,Europe,2004,79.2117166,420.221893311,0.0,520.0,14.2,Greece,37811.4913664483,8.30002213,73.8267602923728,10955141.0,High income
GRC,EUR,Europe,2005,79.40149641,409.025604248,0.0,590.0,13.6,Greece,38146.962971083,8.76117897,74.2617376694311,10987314.0,High income
GRC,EUR,Europe,2006,79.74258324,401.082061768,0.0,640.0,13.4,Greece,40483.1569225337,8.39596939,74.717750055608,11020362.0,High income
GRC,EUR,Europe,2007,79.45113677,407.535949707,0.0,670.0,13.7,Greece,41796.2336918303,8.52304935,75.1753473512439,11048473.0,High income
GRC,EUR,Europe,2008,79.9292479,390.31137085,0.0,680.0,13.3,Greece,41709.3877420312,8.948102,75.615079456679,11077841.0,High income
GRC,EUR,Europe,2009,80.02249419,382.509796143,0.0,680.0,13.1,Greece,39886.2135496664,9.53581333,76.0174962722535,11107017.0,High income
GRC,EUR,Europe,2010,80.23861699,377.687225342,0.0,680.0,12.9,Greece,37566.7483686263,9.61952496,76.3631476983077,11121341.0,High income
GRC,EUR,Europe,2011,80.35771121,374.281555176,0.0,680.0,13.0,Greece,33906.4917435676,9.18577003,76.6352609929407,11104899.0,High income
GRC,EUR,Europe,2012,80.23315335,380.890197754,0.0,670.0,13.2,Greece,31250.2268565956,9.04327774,76.8679797449322,11045011.0,High income
GRC,EUR,Europe,2013,80.77961776,358.627227783,0.0,660.0,12.9,Greece,30762.4432227813,8.52183914,77.0951999650171,10965211.0,High income
GRC,EUR,Europe,2014,80.83818972,347.273223877,0.0,640.0,12.5,Greece,31213.3765120298,7.94358587,77.3130486275866,10892413.0,High income
GRC,EUR,Europe,2015,80.41608244,357.366271973,0.0,630.0,12.7,Greece,31347.976574604,8.26719952,77.5194426317545,10820883.0,High income
GRC,EUR,Europe,2016,80.71256832,345.297180176,0.0,620.0,12.3,Greece,31468.6198471099,8.45097542,77.7122988766348,10775971.0,High income
GRC,EUR,Europe,2017,80.69403193,352.818115234,0.0,610.0,12.3,Greece,31995.4108838386,8.11336899,77.8895342613411,10754679.0,High income
GRC,EUR,Europe,2018,81.05191982,338.946960449,0.0,610.0,11.9,Greece,32722.3310444029,8.07267761,78.0490656849874,10732882.0,High income
GRC,EUR,Europe,2019,80.90744762,343.268310547,0.0,600.0,12.0,Greece,33502.7506488997,8.11709499,78.1888100466875,10721582.0,High income
GRC,EUR,Europe,2020,80.6317386,343.16809082,0.0,590.0,12.0,Greece,30487.1129331045,9.38074493,78.3066842455552,10698599.0,High income
GRC,EUR,Europe,2021,79.59785025,347.121490479,0.0,590.0,12.0,Greece,33531.15511226,9.03178692,78.3884898647442,10569207.0,High income
GRD,AMR,Americas,2000,71.59448817,690.830932617,0.0,0.0,23.5,Grenada,11625.050939182,5.35886383,35.8702371019579,107451.0,Upper middle income
GRD,AMR,Americas,2001,71.53484581,697.418334961,0.0,0.0,22.5,Grenada,11333.2377092409,5.62456989,35.9199973947796,107987.0,Upper middle income
GRD,AMR,Americas,2002,71.12022945,738.370788574,0.0,0.0,22.6,Grenada,11677.7034172407,6.17569733,35.9199179937357,108404.0,Upper middle income
GRD,AMR,Americas,2003,70.832783,786.625244141,0.0,0.0,22.9,Grenada,12726.5266219464,5.28485727,35.9194385233611,108884.0,Upper middle income
GRD,AMR,Americas,2004,70.40655547,836.852294922,0.0,0.0,22.3,Grenada,12593.3546257337,5.36568451,35.9181958391436,109323.0,Upper middle income
GRD,AMR,Americas,2005,70.64904308,863.980957031,0.0,0.0,21.5,Grenada,14211.8426569264,5.14460278,35.9158260786725,109734.0,Upper middle income
GRD,AMR,Americas,2006,70.91199156,866.766357422,0.0,0.0,21.0,Grenada,13594.355159621,5.11352158,35.9119653795374,110135.0,Upper middle income
GRD,AMR,Americas,2007,71.03136798,856.352600098,0.0,0.0,20.8,Grenada,14376.2824512778,5.23867893,35.9062498793276,110522.0,Upper middle income
GRD,AMR,Americas,2008,70.92544169,847.044555664,0.0,0.0,20.9,Grenada,14463.560012123,5.386199,35.8983157156326,110896.0,Upper middle income
GRD,AMR,Americas,2009,70.93802753,866.813293457,0.0,0.0,21.4,Grenada,13463.580293958,5.43471003,35.8877990260417,111254.0,Upper middle income
GRD,AMR,Americas,2010,71.08230057,845.73425293,0.0,0.0,22.5,Grenada,13354.9085012616,5.4188118,35.8743359481443,111586.0,Upper middle income
GRD,AMR,Americas,2011,72.12250252,710.263366699,0.0,0.0,22.7,Grenada,13397.8500405513,5.80423355,35.8601091092326,112079.0,Upper middle income
GRD,AMR,Americas,2012,72.68392882,659.282287598,0.0,0.0,22.7,Grenada,13161.3955324377,5.82235765,35.8652755773132,112775.0,Upper middle income
GRD,AMR,Americas,2013,72.62189848,654.258728027,0.0,0.0,22.3,Grenada,13386.3189064112,5.62652922,35.8792242623778,113487.0,Upper middle income
GRD,AMR,Americas,2014,72.54366171,662.566955566,0.0,0.0,22.3,Grenada,14287.9538720088,4.77353573,35.9014624346562,114132.0,Upper middle income
GRD,AMR,Americas,2015,72.54736101,660.520874023,0.0,0.0,22.6,Grenada,15136.6966673773,4.64675617,35.9319491111708,114676.0,Upper middle income
GRD,AMR,Americas,2016,72.49134059,674.702758789,0.0,0.0,22.5,Grenada,15640.8274503805,4.43910027,35.9706014181883,115130.0,Upper middle income
GRD,AMR,Americas,2017,72.61647079,669.081054688,0.0,0.0,22.7,Grenada,16291.4894625979,4.65701056,36.0173296416579,115438.0,Upper middle income
GRD,AMR,Americas,2018,72.78877041,657.10168457,0.0,0.0,22.5,Grenada,16964.852001696,4.58373737,36.0720421424532,115691.0,Upper middle income
GRD,AMR,Americas,2019,72.72978901,667.23828125,0.0,0.0,22.6,Grenada,17036.9151689715,4.93189621,36.1346465679904,115981.0,Upper middle income
GRD,AMR,Americas,2020,75.35142309,530.056213379,0.0,0.0,17.3,Grenada,14647.7451384876,5.30602551,36.2050502515788,116341.0,Upper middle income
GRD,AMR,Americas,2021,72.77322454,465.139526367,0.0,0.0,17.1,Grenada,15290.250903138,5.27963448,36.2831603706908,116688.0,Upper middle income
GTM,AMR,Americas,2000,68.30883271,480.388366699,27.0,2700.0,13.9,Guatemala,8770.4040870875,5.39686108,43.2434755105047,11697592.0,Upper middle income
GTM,AMR,Americas,2001,68.64112754,478.722717285,18.0,2300.0,13.5,Guatemala,8771.15520620407,6.07023716,44.678095600504,11969422.0,Upper middle income
GTM,AMR,Americas,2002,69.34050502,463.044281006,20.0,2300.0,13.3,Guatemala,8901.53633819804,6.01301289,45.7754731938848,12246915.0,Upper middle income
GTM,AMR,Americas,2003,69.39160529,471.34765625,16.0,2000.0,13.9,Guatemala,8926.15358002845,6.15306854,46.5865389722105,12525842.0,Upper middle income
GTM,AMR,Americas,2004,69.65899192,471.627258301,14.0,1700.0,14.0,Guatemala,9003.85719003217,6.26182795,47.326819486636,12807402.0,Upper middle income
GTM,AMR,Americas,2005,69.30530428,487.114257813,20.0,1700.0,14.5,Guatemala,9099.72328845701,6.14826393,48.0557951573834,13087629.0,Upper middle income
GTM,AMR,Americas,2006,69.85634314,477.004577637,15.0,1400.0,14.4,Guatemala,9386.00114713774,6.36362219,48.7676356188334,13367459.0,Upper middle income
GTM,AMR,Americas,2007,70.68269963,446.268798828,6.0,1300.0,14.0,Guatemala,9772.8053901732,6.1918335,49.4565105053665,13652040.0,Upper middle income
GTM,AMR,Americas,2008,71.01416309,442.725738525,3.0,1200.0,13.6,Guatemala,9889.57209974855,6.08129978,50.1165894513633,13935174.0,Upper middle income
GTM,AMR,Americas,2009,70.84468993,465.866027832,3.0,1100.0,14.3,Guatemala,9740.70936130832,6.33938646,50.7420420912045,14215611.0,Upper middle income
GTM,AMR,Americas,2010,71.06943555,477.794158936,3.0,1000.0,14.7,Guatemala,9825.0176796825,6.1247797,51.3270380592706,14500112.0,Upper middle income
GTM,AMR,Americas,2011,71.55408827,476.496887207,2.0,840.0,14.7,Guatemala,10032.088632465,5.96306896,51.8657469899423,14792126.0,Upper middle income
GTM,AMR,Americas,2012,71.91726662,476.928253174,2.0,830.0,14.9,Guatemala,10126.8283621986,6.07316971,52.3523385176,15089647.0,Upper middle income
GTM,AMR,Americas,2013,71.749288,490.301025391,2.0,750.0,15.3,Guatemala,10297.8395710411,5.77188921,52.7809822766245,15387337.0,Upper middle income
GTM,AMR,Americas,2014,71.9774007,493.266235352,2.0,780.0,15.3,Guatemala,10553.5642244297,5.8885684,53.1458479013964,15681725.0,Upper middle income
GTM,AMR,Americas,2015,72.0454314,500.590637207,2.0,890.0,15.7,Guatemala,10785.9584615777,6.00602007,53.4411050262961,15971743.0,Upper middle income
GTM,AMR,Americas,2016,72.23492224,498.339141846,2.0,1000.0,15.8,Guatemala,10872.5939962916,6.07008219,53.6609232857043,16268760.0,Upper middle income
GTM,AMR,Americas,2017,72.69594645,490.142791748,1.0,1000.0,15.2,Guatemala,11005.4593976653,6.13563824,53.7994723140017,16567357.0,Upper middle income
GTM,AMR,Americas,2018,72.72918484,492.627746582,1.0,1100.0,15.8,Guatemala,11192.372055508,6.10662699,53.845962303542,16845685.0,Upper middle income
GTM,AMR,Americas,2019,72.70697215,498.671600342,0.0,1100.0,15.5,Guatemala,11466.3765822795,6.17443275,54.1882267267974,17103803.0,Upper middle income
GTM,AMR,Americas,2020,70.95988885,499.173156738,0.0,1200.0,16.0,Guatemala,11097.15041153,6.4591527,54.5483167911628,17357325.0,Upper middle income
GTM,AMR,Americas,2021,68.69573697,438.242614746,0.0,1400.0,14.6,Guatemala,11825.141273764,7.35698891,54.9047071553758,17598650.0,Upper middle income
GUY,AMR,Americas,2000,64.65122902,822.343933105,50.0,680.0,32.1,Guyana,8025.29326490962,3.18737936,28.7610390578913,764832.0,High income
GUY,AMR,Americas,2001,64.66515946,807.483276367,52.0,680.0,31.2,Guyana,8212.04321760917,3.05506778,28.6194627210441,764477.0,High income
GUY,AMR,Americas,2002,64.62860972,819.047912598,42.0,680.0,31.4,Guyana,8314.0272750321,3.19353795,28.4796776810692,763652.0,High income
GUY,AMR,Americas,2003,64.68058964,828.267333984,53.0,650.0,31.5,Guyana,8267.42910545363,3.26884198,28.3083472486662,763101.0,High income
GUY,AMR,Americas,2004,64.85780334,825.924438477,51.0,610.0,31.2,Guyana,8404.2001629708,3.43770432,28.0668850172523,762418.0,High income
GUY,AMR,Americas,2005,65.05195592,818.142700195,69.0,580.0,30.9,Guyana,8256.52519071138,3.79409742,27.7758550706193,760914.0,High income
GUY,AMR,Americas,2006,65.30397068,810.844299316,40.0,550.0,30.9,Guyana,8702.33133494001,3.93144464,27.4604582346121,758966.0,High income
GUY,AMR,Americas,2007,65.67248785,789.446838379,20.0,530.0,30.5,Guyana,9354.08017716534,4.28126192,27.1458953350755,756861.0,High income
GUY,AMR,Americas,2008,65.75519494,790.343139648,23.0,500.0,30.8,Guyana,9546.70875949436,4.20242214,26.8573671978542,754606.0,High income
GUY,AMR,Americas,2009,66.08669636,776.112426758,27.0,500.0,30.4,Guyana,9924.52660770631,4.35117149,26.620074648793,752094.0,High income
GUY,AMR,Americas,2010,66.14634849,764.266296387,52.0,500.0,29.9,Guyana,10374.3947557656,4.21897697,26.4592185137368,749256.0,High income
GUY,AMR,Americas,2011,66.13531761,758.423828125,72.0,500.0,29.6,Guyana,10958.8598838438,4.17213488,26.3999996185303,746153.0,High income
GUY,AMR,Americas,2012,66.17236525,753.881713867,76.0,500.0,29.3,Guyana,11534.9985588659,3.7081871,26.3999996185303,746288.0,High income
GUY,AMR,Americas,2013,66.2421095,753.685302734,90.0,500.0,29.3,Guyana,11896.9069854942,3.80231309,26.4003891353669,750021.0,High income
GUY,AMR,Americas,2014,66.55197342,746.854492188,27.0,500.0,29.1,Guyana,12030.0529344045,3.94755435,26.4018152016157,754229.0,High income
GUY,AMR,Americas,2015,66.95276619,737.241210938,22.0,500.0,28.9,Guyana,12040.08253302,4.02264786,26.4043918297579,758781.0,High income
GUY,AMR,Americas,2016,67.56739413,709.669616699,24.0,500.0,28.1,Guyana,12420.4724727603,4.01842117,26.4080892882899,763548.0,High income
GUY,AMR,Americas,2017,68.19380586,683.272644043,34.0,500.0,27.4,Guyana,12801.6408529346,4.3191123,26.412905546573,768479.0,High income
GUY,AMR,Americas,2018,68.74661773,659.653869629,39.0,500.0,26.9,Guyana,12980.3576003177,4.90492535,26.4188378517884,791556.0,High income
GUY,AMR,Americas,2019,68.73185311,676.839599609,30.0,570.0,27.8,Guyana,13402.4219472757,4.90331507,26.4258834773058,807665.0,High income
GUY,AMR,Americas,2020,66.93943966,705.127258301,25.0,520.0,29.7,Guyana,19234.1301977637,5.37510586,26.4340397353676,807481.0,High income
GUY,AMR,Americas,2021,66.0777533,544.565490723,27.0,570.0,25.4,Guyana,22865.9270968882,4.64326477,26.443303961947,815482.0,High income
HND,AMR,Americas,2000,69.7632118,553.713867188,23.0,3000.0,17.0,Honduras,4579.68960840984,6.26817989,45.3233354392127,6577773.0,Lower middle income
HND,AMR,Americas,2001,69.91583233,551.018310547,15.0,2500.0,16.9,Honduras,4578.94787944773,5.92998314,45.8623033555915,6757993.0,Lower middle income
HND,AMR,Americas,2002,70.08108435,550.656982422,11.0,2100.0,16.9,Honduras,4627.02278723456,6.2445755,46.4194190064116,6938859.0,Lower middle income
HND,AMR,Americas,2003,70.19195664,556.998168945,9.0,1700.0,17.2,Honduras,4714.86701000971,6.89004707,46.990184604045,7119213.0,Lower middle income
HND,AMR,Americas,2004,70.3400508,558.658630371,12.0,1300.0,17.5,Honduras,4885.34258343422,6.85484362,47.5739776096056,7298994.0,Lower middle income
HND,AMR,Americas,2005,70.54437222,566.578369141,11.0,1100.0,17.9,Honduras,5056.67544412551,7.50086403,48.1703884178554,7478355.0,Lower middle income
HND,AMR,Americas,2006,70.7448816,567.584106445,8.0,830.0,18.0,Honduras,5263.15029099578,7.86318684,48.7790074235564,7656832.0,Lower middle income
HND,AMR,Americas,2007,70.94703187,562.869628906,7.0,680.0,17.9,Honduras,5461.90151889031,8.08494949,49.3994250214704,7834798.0,Lower middle income
HND,AMR,Americas,2008,70.9858569,561.089660645,6.0,560.0,17.7,Honduras,5566.70639487722,8.60362625,50.0312316063593,8012587.0,Lower middle income
HND,AMR,Americas,2009,70.99448917,561.280212402,8.0,500.0,17.6,Honduras,5313.75573967791,8.99592495,50.6740175729851,8189899.0,Lower middle income
HND,AMR,Americas,2010,70.83426628,570.270080566,7.0,500.0,17.7,Honduras,5396.07227927744,8.72536373,51.3273733161098,8365878.0,Lower middle income
HND,AMR,Americas,2011,70.68279372,590.016906738,5.0,500.0,18.0,Honduras,5488.43371596332,8.79187012,51.9908892304951,8540583.0,Lower middle income
HND,AMR,Americas,2012,68.99495317,673.56842041,4.0,500.0,21.5,Honduras,5600.6077605497,8.65655136,52.6641557109031,8715076.0,Lower middle income
HND,AMR,Americas,2013,69.35287284,673.096008301,5.0,500.0,21.6,Honduras,5644.13384802045,8.47723007,53.356379133253,8889278.0,Lower middle income
HND,AMR,Americas,2014,69.52157081,676.07623291,3.0,500.0,21.7,Honduras,5705.16246265484,7.91455746,53.8768089124249,9063122.0,Lower middle income
HND,AMR,Americas,2015,69.52898147,682.57989502,4.0,500.0,22.0,Honduras,5812.5348879105,7.4837904,54.3828473751434,9237305.0,Lower middle income
HND,AMR,Americas,2016,71.09197895,635.843383789,5.0,530.0,20.5,Honduras,5926.49025534228,7.709445,54.8868414578857,9412380.0,Lower middle income
HND,AMR,Americas,2017,71.27116934,639.425048828,1.0,500.0,20.7,Honduras,6099.60734919414,7.00668859,55.3877322339915,9588137.0,Lower middle income
HND,AMR,Americas,2018,71.31264864,627.677001953,1.0,520.0,20.4,Honduras,6219.27973775059,7.22820663,55.8852577716247,9765210.0,Lower middle income
HND,AMR,Americas,2019,71.43843431,622.248352051,0.0,530.0,20.3,Honduras,6264.01884276715,7.34316635,56.3791561389766,9943633.0,Lower middle income
HND,AMR,Americas,2020,70.3347631,609.435852051,0.0,500.0,19.6,Honduras,5603.26398377777,9.21912384,56.8691654042685,10119640.0,Lower middle income
HND,AMR,Americas,2021,68.96309289,556.023071289,0.0,540.0,17.8,Honduras,6202.98078812037,9.27311516,57.3550236357547,10289877.0,Lower middle income
HRV,EUR,Europe,2000,74.75166907,600.062927246,0.0,100.0,22.6,Croatia,21302.2503684536,7.65084314,55.6818319251231,4468302.0,High income
HRV,EUR,Europe,2001,75.00312259,591.780334473,0.0,100.0,22.1,Croatia,22826.6244928741,7.16995239,55.6913829056559,4299642.0,High income
HRV,EUR,Europe,2002,75.01293534,595.77355957,0.0,100.0,21.8,Croatia,24137.1144281543,6.14300489,55.6745468592554,4302174.0,High income
HRV,EUR,Europe,2003,74.86052687,608.593688965,0.0,100.0,21.6,Croatia,25473.9055156884,6.29782534,55.6386960202113,4303399.0,High income
HRV,EUR,Europe,2004,75.62048664,560.396728516,0.0,100.0,20.2,Croatia,26528.8871708586,6.5067997,55.5890878734365,4304600.0,High income
HRV,EUR,Europe,2005,75.47609796,572.902954102,0.0,100.0,20.4,Croatia,27641.2061841194,6.84068108,55.5307217475444,4310145.0,High income
HRV,EUR,Europe,2006,76.02870627,550.296508789,0.0,100.0,19.5,Croatia,29035.5295382035,6.90362167,55.4685969711483,4311159.0,High income
HRV,EUR,Europe,2007,75.91802017,558.421142578,0.0,100.0,19.5,Croatia,30508.2798073417,7.38946152,55.4077128728613,4310217.0,High income
HRV,EUR,Europe,2008,76.07190817,549.570556641,0.0,100.0,19.4,Croatia,31113.8644665737,7.63643503,55.3530687812969,4309705.0,High income
HRV,EUR,Europe,2009,76.44559714,540.638305664,0.0,100.0,18.7,Croatia,29024.7588699632,8.03311729,55.3096640250682,4305181.0,High income
HRV,EUR,Europe,2010,76.79829944,528.842590332,0.0,100.0,18.3,Croatia,28702.0030009381,7.94908857,55.2824979327886,4295427.0,High income
HRV,EUR,Europe,2011,77.21146034,510.246887207,0.0,100.0,18.0,Croatia,28769.3294749331,7.62508154,55.2773793281248,4280622.0,High income
HRV,EUR,Europe,2012,77.35911283,502.860412598,0.0,100.0,17.6,Croatia,28259.3454882464,7.63413,55.3042888624873,4260368.0,High income
HRV,EUR,Europe,2013,77.85314853,481.771575928,0.0,100.0,17.0,Croatia,28397.8562080945,6.37271595,55.3659479687433,4233922.0,High income
HRV,EUR,Europe,2014,78.05645984,474.544036865,0.0,100.0,16.8,Croatia,28456.7371595258,6.56612396,55.4591834926844,4201598.0,High income
HRV,EUR,Europe,2015,77.60709528,494.965759277,0.0,100.0,17.2,Croatia,29466.6996894141,6.65548038,55.5812594509004,4151725.0,High income
HRV,EUR,Europe,2016,78.28594377,461.777435303,0.0,100.0,16.6,Croatia,30821.1637498177,6.69167471,55.7294398599808,4106867.0,High income
HRV,EUR,Europe,2017,78.12551064,466.574920654,0.0,100.0,16.5,Croatia,32348.9341876482,6.62803125,55.9009887365155,4041407.0,High income
HRV,EUR,Europe,2018,78.33929688,461.494689941,0.0,100.0,16.5,Croatia,33729.9071211239,6.7136178,56.093170097094,3988775.0,High income
HRV,EUR,Europe,2019,78.60209541,449.60269165,0.0,100.0,15.9,Croatia,35122.8508251139,6.78699923,56.303247958306,3949390.0,High income
HRV,EUR,Europe,2020,77.86469683,451.091796875,0.0,100.0,15.8,Croatia,32493.3121954167,7.68352938,56.5284863367411,3914206.0,High income
HRV,EUR,Europe,2021,76.8616792,461.020996094,0.0,100.0,15.9,Croatia,36930.2841941405,8.08265686,56.7683502560171,3878981.0,High income
HTI,AMR,Americas,2000,56.72887807,934.698791504,184.0,12000.0,34.8,Haiti,3267.07646816599,3.99165702,36.8408497942176,8303151.0,Lower middle income
HTI,AMR,Americas,2001,57.13290254,930.261230469,187.0,12000.0,34.6,Haiti,3197.05701086586,3.7502923,38.3871832598564,8455918.0,Lower middle income
HTI,AMR,Americas,2002,57.58049169,927.548278809,191.0,11000.0,34.4,Haiti,3173.73848729607,3.43250132,39.9708985140797,8607641.0,Lower middle income
HTI,AMR,Americas,2003,57.92054551,930.595275879,194.0,11000.0,34.5,Haiti,3227.12087860443,3.53695321,41.2007603284477,8759912.0,Lower middle income
HTI,AMR,Americas,2004,57.54298421,926.695129395,197.0,10000.0,34.4,Haiti,3130.85551975981,3.42928433,41.8705746346912,8910263.0,Lower middle income
HTI,AMR,Americas,2005,58.63996581,929.188415527,201.0,9700.0,34.5,Haiti,3173.26081032717,3.30554652,42.5791771857318,9061273.0,Lower middle income
HTI,AMR,Americas,2006,59.24644609,917.130493164,207.0,9200.0,34.0,Haiti,3174.97622258076,3.48013902,43.2846444920296,9216562.0,Lower middle income
HTI,AMR,Americas,2007,59.85463205,913.717041016,187.0,8600.0,33.8,Haiti,3268.81890675823,3.64734101,43.9866171992907,9373296.0,Lower middle income
HTI,AMR,Americas,2008,60.2556984,905.593383789,229.0,8400.0,33.6,Haiti,3300.25849332968,3.75722051,44.6847359532184,9530774.0,Lower middle income
HTI,AMR,Americas,2009,60.74938385,901.737548828,215.0,8000.0,33.4,Haiti,3437.3806965318,3.50277376,45.3786413995138,9689581.0,Lower middle income
HTI,AMR,Americas,2010,39.95809831,888.232788086,217.0,8200.0,33.3,Haiti,3205.49829961515,4.54871035,46.0679741838751,9803294.0,Lower middle income
HTI,AMR,Americas,2011,61.10474412,894.629394531,208.0,7700.0,33.2,Haiti,3330.99820416355,5.91197777,46.7523749519985,9914904.0,Lower middle income
HTI,AMR,Americas,2012,61.52991507,895.432556152,167.0,7100.0,33.3,Haiti,3296.24782448974,5.56462336,47.4314843495779,10069771.0,Lower middle income
HTI,AMR,Americas,2013,61.91874198,891.306762695,160.0,7200.0,33.2,Haiti,3387.47180169748,4.10524035,48.1049430223048,10222362.0,Lower middle income
HTI,AMR,Americas,2014,62.25423095,884.454833984,84.0,7100.0,33.0,Haiti,3434.63597400578,4.52035809,48.7723916158687,10373235.0,Lower middle income
HTI,AMR,Americas,2015,62.5149437,883.607055664,82.0,7200.0,33.1,Haiti,3433.07529240973,5.07518148,49.4334707759572,10523242.0,Lower middle income
HTI,AMR,Americas,2016,62.79654412,870.673828125,92.0,7600.0,32.6,Haiti,3446.75276647872,4.80760574,50.087821148256,10671457.0,Lower middle income
HTI,AMR,Americas,2017,63.2460029,866.440856934,84.0,7900.0,32.4,Haiti,3485.4923470131,3.8199389,50.735083378449,10817754.0,Lower middle income
HTI,AMR,Americas,2018,63.47163817,870.932983398,40.0,7100.0,32.6,Haiti,3496.87870320748,4.31650305,51.374898112219,10962362.0,Lower middle income
HTI,AMR,Americas,2019,63.66018845,870.496582031,45.0,7400.0,32.7,Haiti,3392.43263210456,3.91107917,52.0069059952475,11105163.0,Lower middle income
HTI,AMR,Americas,2020,63.41051389,871.870788574,97.0,7000.0,33.1,Haiti,3239.83543441301,3.78651953,52.6307476732151,11243848.0,Lower middle income
HTI,AMR,Americas,2021,62.4563858,823.491638184,57.0,6600.0,31.6,Haiti,3145.00681057269,3.57739854,53.2460637918026,11374586.0,Lower middle income
HUN,EUR,Europe,2000,71.36114531,772.311157227,0.0,0.0,29.1,Hungary,22117.9204303193,6.76979256,64.2602344392211,10210971.0,High income
HUN,EUR,Europe,2001,72.40337452,711.757324219,0.0,0.0,27.2,Hungary,23069.2114730987,6.8197937,64.646880283041,10187576.0,High income
HUN,EUR,Europe,2002,72.48544621,709.832519531,0.0,0.0,27.1,Hungary,24229.2953575981,7.1181159,65.0400009155273,10158608.0,High income
HUN,EUR,Europe,2003,72.45014443,720.874450684,0.0,0.0,27.2,Hungary,25255.8711300567,8.12986469,64.8452987670898,10129552.0,High income
HUN,EUR,Europe,2004,72.86168111,695.002929688,0.0,0.0,26.8,Hungary,26568.118861864,7.76592064,65.0225372314453,10107146.0,High income
HUN,EUR,Europe,2005,72.84811882,706.675354004,0.0,0.0,26.7,Hungary,27765.7886146197,7.99248505,66.1261367797852,10087065.0,High income
HUN,EUR,Europe,2006,73.37194198,676.628051758,0.0,0.0,26.2,Hungary,28903.0475407078,7.78556442,67.0155868530273,10071370.0,High income
HUN,EUR,Europe,2007,73.45839333,672.645812988,0.0,0.0,25.9,Hungary,29044.0669021254,7.20719147,67.0041656494141,10055780.0,High income
HUN,EUR,Europe,2008,74.0004346,645.833068848,0.0,0.0,25.3,Hungary,29384.0070385818,7.09275723,68.0976986078883,10038188.0,High income
HUN,EUR,Europe,2009,74.22416063,637.756469727,0.0,0.0,25.3,Hungary,27445.959458479,7.2366724,68.4592590332031,10022650.0,High income
HUN,EUR,Europe,2010,74.5619878,625.355041504,0.0,0.0,24.5,Hungary,27801.833816111,7.46420383,69.5305480957031,10000023.0,High income
HUN,EUR,Europe,2011,74.90161819,609.629272461,0.0,0.0,24.5,Hungary,28415.1173442897,7.49342251,69.4779934082031,9971727.0,High income
HUN,EUR,Europe,2012,75.11315879,604.666381836,0.0,0.0,23.8,Hungary,28179.656464434,7.43047714,69.5772326660156,9920362.0,High income
HUN,EUR,Europe,2013,75.59159743,583.370910645,0.0,0.0,23.1,Hungary,28891.0217544976,7.23645353,69.9277636266638,9872734.0,High income
HUN,EUR,Europe,2014,75.777258,575.89263916,0.0,0.0,23.0,Hungary,30264.9492302161,7.04192352,70.3071053512008,9833038.0,High income
HUN,EUR,Europe,2015,75.5700037,589.084594727,0.0,0.0,23.2,Hungary,31485.5675425634,6.8501935,70.4847717285156,9797755.0,High income
HUN,EUR,Europe,2016,76.07385445,565.196533203,0.0,0.0,22.8,Hungary,32378.9674983075,6.96752644,70.4733810424805,9759755.0,High income
HUN,EUR,Europe,2017,75.90176306,577.192077637,0.0,0.0,23.1,Hungary,33828.714942571,6.73338366,70.4542541503906,9726756.0,High income
HUN,EUR,Europe,2018,76.08502162,569.448669434,0.0,0.0,22.7,Hungary,35798.0412754022,6.55460501,70.4711761474609,9706964.0,High income
HUN,EUR,Europe,2019,76.33548535,556.290649414,0.0,0.0,22.1,Hungary,37662.67681014,6.24677849,70.4565277099609,9694824.0,High income
HUN,EUR,Europe,2020,75.76307465,557.275695801,0.0,0.0,21.8,Hungary,36119.5211735652,7.230515,70.2917327880859,9670419.0,High income
HUN,EUR,Europe,2021,74.39546955,548.773254395,0.0,0.0,21.7,Hungary,38887.1909527154,7.33524847,70.2059275331413,9630932.0,High income
IDN,WPR,Western Pacific,2000,67.20520958,672.245788574,1550.0,17000.0,25.9,Indonesia,6056.38197842165,1.85297656,41.9861540600656,216077790.0,Upper middle income
IDN,WPR,Western Pacific,2001,67.44224013,674.739868164,1572.0,33000.0,25.9,Indonesia,6190.51954040991,2.11850214,42.9018895186157,219097902.0,Upper middle income
IDN,WPR,Western Pacific,2002,67.65122104,679.948486328,1593.0,42000.0,26.0,Indonesia,6381.94955179996,1.98062706,43.7824069030376,222088495.0,Upper middle income
IDN,WPR,Western Pacific,2003,67.84714276,684.762390137,1615.0,42000.0,26.2,Indonesia,6599.09193597034,2.24837184,44.6301761521872,225048008.0,Upper middle income
IDN,WPR,Western Pacific,2004,66.25106515,688.64831543,1367.0,46000.0,26.3,Indonesia,6843.54654972364,2.12002277,45.4476736441888,227926649.0,Upper middle income
IDN,WPR,Western Pacific,2005,68.2347183,692.465698242,1647.0,50000.0,26.3,Indonesia,7140.8545640704,2.53189397,46.2373757571669,230871650.0,Upper middle income
IDN,WPR,Western Pacific,2006,68.40129097,692.986450195,1957.0,51000.0,26.2,Indonesia,7434.48785352221,2.61946416,47.0017588692457,233951652.0,Upper middle income
IDN,WPR,Western Pacific,2007,68.63781807,695.59576416,1701.0,49000.0,26.2,Indonesia,7802.46406905954,2.82385564,47.7432993585496,237062337.0,Upper middle income
IDN,WPR,Western Pacific,2008,68.84079087,697.14465332,1723.0,49000.0,26.2,Indonesia,8165.06155116624,2.54842305,48.4644736032029,240157903.0,Upper middle income
IDN,WPR,Western Pacific,2009,69.0239077,696.606567383,1745.0,49000.0,26.1,Indonesia,8435.4557468629,2.62324095,49.16775798133,243220028.0,Upper middle income
IDN,WPR,Western Pacific,2010,69.23625966,697.162841797,3209.0,49000.0,26.0,Indonesia,8848.22473702066,2.7908783,49.8521375148888,246305322.0,Upper middle income
IDN,WPR,Western Pacific,2011,69.52313433,690.976318359,2875.0,49000.0,25.7,Indonesia,9274.96955181702,2.98942471,50.4830017089844,249470032.0,Upper middle income
IDN,WPR,Western Pacific,2012,69.79466506,687.150024414,2837.0,48000.0,25.5,Indonesia,9708.61182531081,2.91427088,51.1593933105469,252698525.0,Upper middle income
IDN,WPR,Western Pacific,2013,70.05398814,681.756774902,2446.0,45000.0,25.3,Indonesia,10121.8141535043,2.86934805,51.8307495117188,255852467.0,Upper middle income
IDN,WPR,Western Pacific,2014,70.30298584,676.898742676,1895.0,43000.0,25.1,Indonesia,10504.3869411088,2.96433568,52.5002136230469,258877399.0,Upper middle income
IDN,WPR,Western Pacific,2015,70.53899644,673.980957031,1651.0,41000.0,25.0,Indonesia,10893.6621142169,2.92428517,53.1720771789551,261799249.0,Upper middle income
IDN,WPR,Western Pacific,2016,70.77579907,670.897338867,1893.0,39000.0,24.7,Indonesia,11319.6634287738,3.02147198,53.812557220459,264627418.0,Upper middle income
IDN,WPR,Western Pacific,2017,71.00063238,666.020996094,1306.0,38000.0,24.5,Indonesia,11772.5743296107,2.90417194,54.4541015625,267346658.0,Upper middle income
IDN,WPR,Western Pacific,2018,71.1760389,662.671142578,1142.0,36000.0,24.3,Indonesia,12262.2310300771,2.86757827,55.0956840515137,269951846.0,Upper middle income
IDN,WPR,Western Pacific,2019,71.40110181,659.870544434,962.0,34000.0,24.2,Indonesia,12757.7850854842,2.87862897,55.7382049560547,272489381.0,Upper middle income
IDN,WPR,Western Pacific,2020,69.70367312,648.11907959,974.0,32000.0,23.8,Indonesia,12388.5449268131,3.42067289,56.2785287648768,274814866.0,Upper middle income
IDN,WPR,Western Pacific,2021,68.26167935,591.980834961,749.0,31000.0,21.9,Indonesia,12757.0746440204,3.70634937,56.8761702464027,276758053.0,Upper middle income
IND,SEAR,South-East Asia,2000,63.19893734,527.844970703,32354.0,0.0,22.9,India,3099.5028215766,4.10568476,27.6470407512523,1057922733.0,Lower middle income
IND,SEAR,South-East Asia,2001,63.6569119,519.662841797,31114.0,0.0,22.6,India,3188.81024020636,4.33754253,27.9028652096636,1077898575.0,Lower middle income
IND,SEAR,South-East Asia,2002,64.16827815,522.397766113,28816.0,0.0,22.5,India,3250.69565544917,4.31453371,28.1756878910456,1097600380.0,Lower middle income
IND,SEAR,South-East Asia,2003,64.58440423,531.122131348,29134.0,0.0,22.3,India,3445.92592352395,4.07877731,28.4660287698,1116803006.0,Lower middle income
IND,SEAR,South-East Asia,2004,65.06317912,531.742492676,32106.0,0.0,21.5,India,3656.12620652098,4.02679491,28.7726067228528,1135991513.0,Lower middle income
IND,SEAR,South-East Asia,2005,65.53031169,528.735839844,32481.0,0.0,21.4,India,3881.9661798273,3.85508275,29.0945497159107,1154676322.0,Lower middle income
IND,SEAR,South-East Asia,2006,65.87842362,535.039916992,25384.0,0.0,21.7,India,4129.77837009239,3.66901541,29.4309857146804,1172878890.0,Lower middle income
IND,SEAR,South-East Asia,2007,66.09434841,553.828063965,24044.0,0.0,21.9,India,4379.69604361151,3.58103991,29.7810426848684,1190676021.0,Lower middle income
IND,SEAR,South-East Asia,2008,66.42718453,559.38873291,24413.0,0.0,22.1,India,4450.39022919238,3.58856082,30.1438485921815,1207930964.0,Lower middle income
IND,SEAR,South-East Asia,2009,67.04997477,547.750488281,24580.0,0.0,22.1,India,4731.36160463896,3.54637694,30.5185314023263,1225524753.0,Lower middle income
IND,SEAR,South-East Asia,2010,67.480793,549.491333008,23036.0,0.0,22.6,India,5059.2827108398,3.33625913,30.9042190810094,1243481564.0,Lower middle income
IND,SEAR,South-East Asia,2011,67.83941098,556.163391113,18435.0,0.0,22.9,India,5249.54925694026,3.24634218,31.2746502853309,1261224954.0,Lower middle income
IND,SEAR,South-East Asia,2012,68.2280584,561.241394043,14099.0,0.0,22.9,India,5460.43768570052,3.32935286,31.5898935604399,1278674502.0,Lower middle income
IND,SEAR,South-East Asia,2013,68.51609058,580.742858887,11546.0,0.0,22.3,India,5732.24189090876,3.74944186,31.9096789235237,1295829511.0,Lower middle income
IND,SEAR,South-East Asia,2014,68.91972988,597.607666016,14032.0,0.0,22.0,India,6079.84393523695,3.61956549,32.2288233408821,1312277191.0,Lower middle income
IND,SEAR,South-East Asia,2015,69.3779891,587.028625488,14620.0,0.0,22.6,India,6488.14602910787,3.59565973,32.5472990022299,1328024498.0,Lower middle income
IND,SEAR,South-East Asia,2016,69.7812294,579.532653809,14257.0,0.0,22.8,India,6940.62588857522,3.50430417,32.8650780972823,1343944296.0,Lower middle income
IND,SEAR,South-East Asia,2017,70.06082604,576.848510742,10225.0,0.0,23.0,India,7326.60693679859,2.93597651,33.1821328157539,1359657400.0,Lower middle income
IND,SEAR,South-East Asia,2018,70.35439242,577.358337402,6300.0,0.0,23.6,India,7714.33974724531,2.8584938,33.4984353473598,1374659064.0,Lower middle income
IND,SEAR,South-East Asia,2019,70.72711152,575.789916992,5123.0,0.0,23.7,India,7930.0911303899,2.95299792,33.8139578818147,1389030312.0,Lower middle income
IND,SEAR,South-East Asia,2020,70.1869093,567.336914063,5874.0,0.0,23.3,India,7399.53068079041,3.34146094,34.1286726088333,1402617695.0,Lower middle income
IND,SEAR,South-East Asia,2021,67.30780612,553.348083496,5760.0,0.0,23.6,India,8050.01857452664,3.34680939,34.4425517181304,1414203896.0,Lower middle income
IRL,EUR,Europe,2000,76.41796785,514.757080078,0.0,500.0,17.7,Ireland,53675.0054596933,5.8990283,59.1247997891425,3805174.0,High income
IRL,EUR,Europe,2001,77.04413457,485.772979736,0.0,500.0,16.6,Ireland,55630.1013273441,6.39249372,59.3763923617156,3866243.0,High income
IRL,EUR,Europe,2002,77.48003704,468.819458008,0.0,500.0,15.6,Ireland,57927.488372311,6.67263031,59.6367259990731,3931947.0,High income
IRL,EUR,Europe,2003,78.02379273,449.069885254,0.0,500.0,15.4,Ireland,58709.1544464475,7.00761414,59.9120142632573,3996521.0,High income
IRL,EUR,Europe,2004,78.39305519,435.426086426,0.0,500.0,14.5,Ireland,61558.5783140852,7.21972942,60.1994750854288,4070262.0,High income
IRL,EUR,Europe,2005,78.82008327,413.362548828,0.0,500.0,13.9,Ireland,63689.0843530779,7.64242792,60.4882988006461,4159914.0,High income
IRL,EUR,Europe,2006,79.06563288,409.390258789,0.0,500.0,13.4,Ireland,65087.1804631559,7.51646996,60.7703677431593,4273591.0,High income
IRL,EUR,Europe,2007,79.35545225,405.851165771,0.0,500.0,13.0,Ireland,66590.1938973457,7.80773735,61.0601979374234,4398942.0,High income
IRL,EUR,Europe,2008,79.58286978,394.721191406,0.0,500.0,13.0,Ireland,62320.66630649,9.12564754,61.3581903884996,4489544.0,High income
IRL,EUR,Europe,2009,79.53106576,392.935119629,0.0,500.0,12.8,Ireland,58547.2673956109,10.52275753,61.6421022728798,4535375.0,High income
IRL,EUR,Europe,2010,80.6170111,359.014678955,0.0,500.0,11.5,Ireland,59209.0996763251,10.52062798,61.8910689348512,4560155.0,High income
IRL,EUR,Europe,2011,80.38545702,368.651977539,0.0,500.0,11.9,Ireland,59899.917652844,10.4888649,62.0872735820277,4580084.0,High income
IRL,EUR,Europe,2012,80.49448401,369.556976318,0.0,500.0,11.6,Ireland,59405.0460751524,10.47466946,62.2529318511038,4599533.0,High income
IRL,EUR,Europe,2013,80.71347486,365.286193848,0.0,500.0,11.4,Ireland,60388.9413147986,10.0333004,62.4047157756118,4623816.0,High income
IRL,EUR,Europe,2014,81.05218065,350.048217773,0.0,500.0,10.9,Ireland,65575.8061665793,9.23077869,62.535401730577,4657740.0,High income
IRL,EUR,Europe,2015,81.13790588,349.84866333,0.0,500.0,10.6,Ireland,80954.6619818255,7.07827806,62.6392123492764,4701957.0,High income
IRL,EUR,Europe,2016,81.40605545,339.719940186,0.0,500.0,10.5,Ireland,80899.0223207227,7.3382206,62.7229399123734,4762722.0,High income
IRL,EUR,Europe,2017,81.60361469,335.193359375,0.0,500.0,10.4,Ireland,87882.7074355024,6.91718578,62.9035196521232,4827445.0,High income
IRL,EUR,Europe,2018,81.71153553,330.824310303,0.0,500.0,10.1,Ireland,93276.0188154012,6.74710846,63.0844503476779,4898022.0,High income
IRL,EUR,Europe,2019,81.93976292,325.394104004,0.0,500.0,9.9,Ireland,96371.2910180182,6.61860561,63.2737009154127,4976456.0,High income
IRL,EUR,Europe,2020,81.69720975,317.155426025,0.0,500.0,9.6,Ireland,101968.554362011,6.97323275,63.4713366724915,5039747.0,High income
IRL,EUR,Europe,2021,81.60162902,307.132751465,0.0,200.0,9.6,Ireland,116903.61243517,6.44113493,63.6774229356985,5110585.0,High income
IRN,EMR,Eastern Mediterranean,2000,73.48542569,535.906311035,4.0,0.0,18.9,"Iran, Islamic Rep.",11643.1218077696,4.72250843,64.4780120849609,66418659.0,Upper middle income
IRN,EMR,Eastern Mediterranean,2001,73.7597003,525.123779297,2.0,0.0,18.5,"Iran, Islamic Rep.",11739.0090911282,5.16087341,65.2168655395508,67452005.0,Upper middle income
IRN,EMR,Eastern Mediterranean,2002,74.01828515,518.164123535,2.0,0.0,18.2,"Iran, Islamic Rep.",12583.044990424,4.65182209,65.9271621704102,68011317.0,Upper middle income
IRN,EMR,Eastern Mediterranean,2003,73.34953209,505.711334229,5.0,0.0,17.7,"Iran, Islamic Rep.",13519.4501926929,4.95589161,66.6049270629883,68769340.0,Upper middle income
IRN,EMR,Eastern Mediterranean,2004,74.56900109,501.324462891,1.0,0.0,17.5,"Iran, Islamic Rep.",13807.1953114023,5.12801409,67.2567367553711,70256316.0,Upper middle income
IRN,EMR,Eastern Mediterranean,2005,74.88504507,492.042999268,1.0,0.0,17.2,"Iran, Islamic Rep.",13935.7743087596,5.29996157,67.8708801269531,71828455.0,Upper middle income
IRN,EMR,Eastern Mediterranean,2006,75.20305104,484.542541504,1.0,0.0,16.9,"Iran, Islamic Rep.",14320.6568534545,5.15990877,68.3101850492144,73392747.0,Upper middle income
IRN,EMR,Eastern Mediterranean,2007,75.56586174,477.847839355,3.0,0.0,16.6,"Iran, Islamic Rep.",15237.4237850549,4.91188192,68.806189933608,74602648.0,Upper middle income
IRN,EMR,Eastern Mediterranean,2008,75.92719356,465.482879639,3.0,0.0,16.2,"Iran, Islamic Rep.",15091.2506521463,5.03990459,69.3790072996746,75514204.0,Upper middle income
IRN,EMR,Eastern Mediterranean,2009,76.24197751,456.118255615,0.0,0.0,15.8,"Iran, Islamic Rep.",15055.1494647199,6.11493444,69.99007683587,76457825.0,Upper middle income
IRN,EMR,Eastern Mediterranean,2010,76.56624741,446.200561523,0.0,0.0,15.2,"Iran, Islamic Rep.",15729.9131707266,6.29153061,70.6092626774386,77420842.0,Upper middle income
IRN,EMR,Eastern Mediterranean,2011,76.87171379,437.694976807,0.0,0.0,14.9,"Iran, Islamic Rep.",15947.766097961,6.09787989,71.204050944517,78383598.0,Upper middle income
IRN,EMR,Eastern Mediterranean,2012,77.0924022,431.769317627,0.0,0.0,14.9,"Iran, Islamic Rep.",15159.2948206531,6.12235355,71.7633634041294,79370580.0,Upper middle income
IRN,EMR,Eastern Mediterranean,2013,77.19669632,435.422088623,0.0,0.0,15.0,"Iran, Islamic Rep.",14734.740588719,5.73697805,72.3030873515412,80414686.0,Upper middle income
IRN,EMR,Eastern Mediterranean,2014,77.29855084,439.855804443,0.0,0.0,15.2,"Iran, Islamic Rep.",15262.8515760903,6.81539536,72.8324070385223,81502045.0,Upper middle income
IRN,EMR,Eastern Mediterranean,2015,77.27827213,444.707336426,0.0,0.0,15.3,"Iran, Islamic Rep.",14841.9048340737,8.38232708,73.3561403575949,82619362.0,Upper middle income
IRN,EMR,Eastern Mediterranean,2016,77.37336206,446.066741943,0.0,0.0,15.2,"Iran, Islamic Rep.",15920.3718021202,7.80285025,73.8796100096595,83812228.0,Upper middle income
IRN,EMR,Eastern Mediterranean,2017,77.47896726,443.205444336,0.0,0.0,15.1,"Iran, Islamic Rep.",16167.9677224227,7.71801233,74.4011840820312,85026754.0,Upper middle income
IRN,EMR,Eastern Mediterranean,2018,77.69013655,436.349273682,0.0,0.0,14.9,"Iran, Islamic Rep.",15364.8049052614,6.63571692,74.8034286499023,86117998.0,Upper middle income
IRN,EMR,Eastern Mediterranean,2019,77.78361908,435.839508057,0.0,0.0,14.9,"Iran, Islamic Rep.",14841.0751514998,6.23426771,75.2038879394531,87051648.0,Upper middle income
IRN,EMR,Eastern Mediterranean,2020,75.18860837,449.231231689,0.0,0.0,13.9,"Iran, Islamic Rep.",15381.5845437266,4.96098137,75.5986404418945,87723443.0,Upper middle income
IRN,EMR,Eastern Mediterranean,2021,74.71077692,395.232910156,0.0,0.0,13.9,"Iran, Islamic Rep.",15884.4276775963,4.85886621,75.9926376342773,88455488.0,Upper middle income
IRQ,EMR,Eastern Mediterranean,2000,69.48152045,644.954162598,0.0,100.0,27.6,Iraq,12702.1641950921,2.99693608,67.6331913847871,24424056.0,Upper middle income
IRQ,EMR,Eastern Mediterranean,2001,69.81029867,631.595092773,0.0,100.0,27.0,Iraq,12529.6084051005,2.99693608,67.751941516652,25197840.0,Upper middle income
IRQ,EMR,Eastern Mediterranean,2002,70.04461594,624.593933105,0.0,100.0,26.7,Iraq,11144.0505255928,2.99693608,67.8938101691696,26006559.0,Upper middle income
IRQ,EMR,Eastern Mediterranean,2003,68.91366628,620.056396484,0.0,100.0,26.5,Iraq,6849.33200800508,2.99693608,68.0521271794625,26802659.0,Upper middle income
IRQ,EMR,Eastern Mediterranean,2004,69.06294468,614.606445313,0.0,100.0,26.2,Iraq,10210.5631004959,3.90128636,68.2202223846538,27577878.0,Upper middle income
IRQ,EMR,Eastern Mediterranean,2005,68.68305138,608.021850586,0.0,100.0,25.8,Iraq,10078.4437646837,3.01704645,68.391425621866,28407448.0,Upper middle income
IRQ,EMR,Eastern Mediterranean,2006,67.66517621,599.31652832,0.0,100.0,25.5,Iraq,10568.9137652977,2.49370432,68.5590667282222,28616515.0,Upper middle income
IRQ,EMR,Eastern Mediterranean,2007,67.80830577,604.77911377,0.0,100.0,25.5,Iraq,10853.8161022311,3.2148056,68.716475540845,28391607.0,Upper middle income
IRQ,EMR,Eastern Mediterranean,2008,69.80976267,611.155822754,0.0,100.0,25.4,Iraq,11511.9387643664,3.06604242,68.8569818968574,28971036.0,Upper middle income
IRQ,EMR,Eastern Mediterranean,2009,70.61725364,606.33013916,0.0,100.0,25.2,Iraq,11470.5178061755,3.77203989,68.9742328505284,30058206.0,Upper middle income
IRQ,EMR,Eastern Mediterranean,2010,71.06507591,600.001647949,0.0,100.0,24.8,Iraq,11816.841015026,3.23955345,69.0582953378474,31045366.0,Upper middle income
IRQ,EMR,Eastern Mediterranean,2011,71.39863224,593.582946777,0.0,100.0,24.5,Iraq,12267.5848940673,2.80316377,69.1252233869916,32161424.0,Upper middle income
IRQ,EMR,Eastern Mediterranean,2012,71.6393156,585.350830078,0.0,100.0,24.0,Iraq,13357.0143882353,2.69365859,69.2222213745117,33654842.0,Upper middle income
IRQ,EMR,Eastern Mediterranean,2013,71.2340952,574.906005859,0.0,100.0,23.6,Iraq,13712.9317142992,2.80868459,69.444450378418,35281989.0,Upper middle income
IRQ,EMR,Eastern Mediterranean,2014,70.22637913,562.828369141,0.0,100.0,23.0,Iraq,13536.8227681431,2.78786659,69.6666641235352,36550059.0,Upper middle income
IRQ,EMR,Eastern Mediterranean,2015,71.00605468,555.337463379,0.0,100.0,22.5,Iraq,13516.0271989204,3.15587044,69.920524597168,37560535.0,Upper middle income
IRQ,EMR,Eastern Mediterranean,2016,71.1253103,549.557922363,0.0,100.0,22.2,Iraq,15016.0920644592,4.57253027,69.9123778259643,38469627.0,Upper middle income
IRQ,EMR,Eastern Mediterranean,2017,71.60611249,547.099609375,0.0,200.0,22.0,Iraq,14417.6306896487,4.08944416,69.8944511190753,39337353.0,Upper middle income
IRQ,EMR,Eastern Mediterranean,2018,73.06286041,565.253112793,0.0,200.0,22.2,Iraq,14456.2357053224,4.07600641,69.8765148865842,40265624.0,Upper middle income
IRQ,EMR,Eastern Mediterranean,2019,72.90009776,588.354797363,0.0,200.0,22.4,Iraq,14910.2250318887,4.207232,69.8683395385742,41192171.0,Upper middle income
IRQ,EMR,Eastern Mediterranean,2020,70.41410059,696.768188477,0.0,500.0,24.6,Iraq,12827.6345392323,5.72766161,69.8683166503906,42116605.0,Upper middle income
IRQ,EMR,Eastern Mediterranean,2021,71.46632369,628.447143555,0.0,500.0,22.7,Iraq,12731.7535755129,5.14179993,69.8682708740234,43071211.0,Upper middle income
ISL,EUR,Europe,2000,79.6920726,390.368438721,0.0,100.0,13.2,Iceland,49338.4714252632,8.89924335,91.9674192031642,281205.0,High income
ISL,EUR,Europe,2001,79.99493866,381.144683838,0.0,100.0,12.6,Iceland,50556.9938356842,8.75266171,92.0452304560359,284968.0,High income
ISL,EUR,Europe,2002,80.30310703,373.621704102,0.0,100.0,12.1,Iceland,50379.4595507316,9.40382481,92.1674022598912,287523.0,High income
ISL,EUR,Europe,2003,80.56916041,366.438690186,0.0,100.0,11.8,Iceland,51173.1982542632,9.72930241,92.3235559316863,289521.0,High income
ISL,EUR,Europe,2004,80.76637117,358.983886719,0.0,100.0,11.4,Iceland,54592.5314628804,9.32854366,92.4377293375354,292074.0,High income
ISL,EUR,Europe,2005,80.90304444,355.032897949,0.0,100.0,11.4,Iceland,57512.4237338213,8.94694996,92.377441015064,296734.0,High income
ISL,EUR,Europe,2006,81.03602001,345.948364258,0.0,100.0,11.0,Iceland,59364.2901148281,8.55709076,92.1949009038813,303782.0,High income
ISL,EUR,Europe,2007,81.14698057,343.351379395,0.0,100.0,10.7,Iceland,62940.7473430955,8.3535862,92.3614571703229,311566.0,High income
ISL,EUR,Europe,2008,81.29367071,339.887451172,0.0,100.0,10.2,Iceland,62831.1728631816,8.34370804,93.0646442174216,317414.0,High income
ISL,EUR,Europe,2009,81.49587558,331.723571777,0.0,100.0,9.9,Iceland,57406.4697506817,8.77518463,93.4441340553707,318499.0,High income
ISL,EUR,Europe,2010,81.68175374,330.542449951,0.0,100.0,9.9,Iceland,56211.8345417402,8.36173058,93.4588348107886,318041.0,High income
ISL,EUR,Europe,2011,81.86017778,323.147186279,0.0,100.0,9.7,Iceland,56813.742648754,8.25498867,93.41106112427,319014.0,High income
ISL,EUR,Europe,2012,81.9847692,318.086242676,0.0,100.0,9.4,Iceland,57173.0434212296,8.23091221,93.514892578125,320716.0,High income
ISL,EUR,Europe,2013,82.07380529,314.432220459,0.0,100.0,9.3,Iceland,58671.930709837,8.22651291,93.6166725158692,323764.0,High income
ISL,EUR,Europe,2014,82.09822512,317.138916016,0.0,100.0,9.3,Iceland,59133.2701459773,8.29044247,93.6196716315805,327386.0,High income
ISL,EUR,Europe,2015,82.12605142,313.457550049,0.0,100.0,9.2,Iceland,60725.7271247657,8.13121986,93.727919768566,330815.0,High income
ISL,EUR,Europe,2016,82.17563351,309.875701904,0.0,100.0,8.7,Iceland,63612.5551585223,8.15569115,93.7822647094726,335439.0,High income
ISL,EUR,Europe,2017,82.27340584,306.649139404,0.0,100.0,8.5,Iceland,64303.3782501037,8.3243084,93.7718982310092,343400.0,High income
ISL,EUR,Europe,2018,82.37332681,304.03125,0.0,100.0,8.3,Iceland,65521.9313424781,8.43817616,93.8526667025487,352721.0,High income
ISL,EUR,Europe,2019,82.4706163,301.940887451,0.0,100.0,8.6,Iceland,64826.4324085557,8.63996315,93.9770847416131,360563.0,High income
ISL,EUR,Europe,2020,82.56117418,294.560119629,0.0,100.0,8.2,Iceland,59543.813498684,9.64908886,94.1367102874722,366463.0,High income
ISL,EUR,Europe,2021,82.57766731,299.32043457,0.0,100.0,8.5,Iceland,61610.2132740715,9.72073746,94.2108206403841,372520.0,High income
ISR,EUR,Europe,2000,78.54383666,427.859161377,0.0,0.0,14.3,Israel,33275.0631655978,6.59421921,91.2809653237465,6289000.0,High income
ISR,EUR,Europe,2001,78.80591438,411.68927002,0.0,0.0,13.7,Israel,32590.2286180761,6.99914265,91.365021842149,6439000.0,High income
ISR,EUR,Europe,2002,78.56218757,409.367492676,0.0,0.0,13.0,Israel,31897.5848832705,6.90767479,91.4444967249569,6570000.0,High income
ISR,EUR,Europe,2003,79.09724844,401.453796387,0.0,0.0,12.7,Israel,31780.7796080985,6.84975958,91.5176897789793,6689700.0,High income
ISR,EUR,Europe,2004,79.54240915,387.09375,0.0,0.0,12.0,Israel,32675.2080644863,6.79696989,91.5829008110251,6809000.0,High income
ISR,EUR,Europe,2005,79.7067797,384.155883789,0.0,0.0,12.2,Israel,33512.8909185546,6.8828454,91.6384296279033,6930100.0,High income
ISR,EUR,Europe,2006,79.95901874,369.7394104,0.0,0.0,11.6,Israel,34770.0262786336,6.70000744,91.6825760364229,7053700.0,High income
ISR,EUR,Europe,2007,80.12300616,370.287689209,0.0,0.0,11.5,Israel,36317.8525090071,6.67256165,91.713639843393,7180100.0,High income
ISR,EUR,Europe,2008,80.42212771,346.997161865,0.0,0.0,11.0,Israel,36827.9249156064,6.80668306,91.7292868898136,7308800.0,High income
ISR,EUR,Europe,2009,81.12924437,324.648590088,0.0,0.0,10.3,Israel,36403.1626371602,6.86992359,91.7319738585748,7485600.0,High income
ISR,EUR,Europe,2010,81.53399975,321.34274292,0.0,0.0,10.4,Israel,37722.4099869836,6.85038328,91.7316426703946,7623600.0,High income
ISR,EUR,Europe,2011,81.64888794,315.82043457,0.0,0.0,10.0,Israel,39075.375376272,6.80594969,91.7304024673781,7765800.0,High income
ISR,EUR,Europe,2012,81.57002049,319.541351318,0.0,0.0,9.8,Israel,39299.3515506546,6.94185257,91.7276502819515,7910500.0,High income
ISR,EUR,Europe,2013,81.92176085,309.955627441,0.0,0.0,9.9,Israel,40148.7774492867,6.94074392,91.7227831465406,8059500.0,High income
ISR,EUR,Europe,2014,81.37964957,302.618591309,0.0,0.0,9.5,Israel,40872.5808449627,7.02990532,91.7151980935716,8215700.0,High income
ISR,EUR,Europe,2015,81.91113219,307.363647461,0.0,0.0,9.5,Israel,40967.3707596637,7.02090645,91.7042921554705,8380100.0,High income
ISR,EUR,Europe,2016,82.22430729,296.045562744,0.0,0.0,9.1,Israel,41963.675796165,7.09919167,91.6894623646632,8546000.0,High income
ISR,EUR,Europe,2017,82.38134543,292.657531738,0.0,0.0,9.0,Israel,42947.0586686984,7.17189407,91.6701057535759,8713300.0,High income
ISR,EUR,Europe,2018,82.59262272,285.570861816,0.0,0.0,9.0,Israel,43814.2949977965,7.23550367,91.6456193546346,8882800.0,High income
ISR,EUR,Europe,2019,82.57325579,284.787353516,0.0,0.0,8.9,Israel,44580.8078825716,7.20701885,91.6154002002652,9054000.0,High income
ISR,EUR,Europe,2020,82.36508912,273.834228516,0.0,0.0,8.4,Israel,42915.9416939728,7.74801874,91.5788453228939,9215100.0,High income
ISR,EUR,Europe,2021,81.74464677,276.657562256,0.0,0.0,7.6,Israel,46162.0822730247,7.83961058,91.5353517549466,9371400.0,High income
ITA,EUR,Europe,2000,79.36611399,411.661010742,0.0,4500.0,13.6,Italy,50353.4200415436,7.54701233,67.1932283786243,56942108.0,High income
ITA,EUR,Europe,2001,79.67653939,400.584442139,0.0,4500.0,13.3,Italy,51332.2904432567,7.71115828,67.27519882288,56976981.0,High income
ITA,EUR,Europe,2002,79.95596277,388.979675293,0.0,4400.0,12.9,Italy,51369.1149098293,7.83638906,67.3538786566538,57089824.0,High income
ITA,EUR,Europe,2003,79.81728413,397.44317627,0.0,4400.0,12.7,Italy,51126.2585544038,7.80670929,67.4299414611787,57399184.0,High income
ITA,EUR,Europe,2004,80.52668865,370.359069824,0.0,4400.0,12.0,Italy,51495.0028841364,8.13726902,67.5072499739908,57828179.0,High income
ITA,EUR,Europe,2005,80.51057716,372.513214111,0.0,4500.0,11.8,Italy,51585.6445807938,8.30906773,67.5897169318419,58166682.0,High income
ITA,EUR,Europe,2006,81.06442613,351.196411133,0.0,4500.0,11.4,Italy,52304.2402949819,8.39791012,67.6812550714834,58399861.0,High income
ITA,EUR,Europe,2007,81.17657713,347.538604736,0.0,4400.0,11.2,Italy,52747.1905476807,8.10167217,67.7857771296669,58756247.0,High income
ITA,EUR,Europe,2008,81.37070791,341.984771729,0.0,4500.0,10.9,Italy,51806.3906176391,8.50157547,67.9071958431441,59211181.0,High income
ITA,EUR,Europe,2009,81.5215304,336.317810059,0.0,4500.0,10.8,Italy,48774.3916833748,8.91290951,68.0494239486665,59555454.0,High income
ITA,EUR,Europe,2010,81.89505601,324.761932373,0.0,4500.0,10.4,Italy,49301.6959141674,8.87928963,68.2163741829857,59819407.0,High income
ITA,EUR,Europe,2011,81.82897949,325.888305664,0.0,4500.0,10.6,Italy,49473.0149235634,8.728508,68.4015073889511,60026841.0,High income
ITA,EUR,Europe,2012,81.83712041,326.083953857,0.0,4400.0,10.4,Italy,47795.9579360541,8.7983427,68.7608794235259,60191247.0,High income
ITA,EUR,Europe,2013,82.2878749,310.022766113,0.0,4400.0,10.0,Italy,46833.3615309303,8.7897644,69.3073989916076,60311613.0,High income
ITA,EUR,Europe,2014,82.61004631,301.187103271,0.0,4400.0,9.8,Italy,46825.6511245062,8.85913563,69.5807638614879,60320707.0,High income
ITA,EUR,Europe,2015,82.20433624,313.485809326,0.0,4400.0,9.8,Italy,47311.8255262709,8.84596729,69.6100006103516,60229605.0,High income
ITA,EUR,Europe,2016,82.86744999,293.607086182,0.0,4300.0,9.3,Italy,47987.8379581014,8.72043991,69.5969232525286,60115223.0,High income
ITA,EUR,Europe,2017,82.52191209,302.695922852,0.0,4300.0,9.4,Italy,48849.2183534756,8.69060516,69.5180784259382,60002252.0,High income
ITA,EUR,Europe,2018,82.77664183,293.549072266,0.0,4200.0,9.3,Italy,49133.143527174,8.65467453,69.4800033569336,60148658.0,High income
ITA,EUR,Europe,2019,82.98522568,287.176879883,0.0,4200.0,8.9,Italy,49690.6298505274,8.61536789,69.5050010681153,59729081.0,High income
ITA,EUR,Europe,2020,81.93997914,291.769958496,0.0,4100.0,8.8,Italy,45505.0688708956,9.5643034,69.5187492370606,59438851.0,High income
ITA,EUR,Europe,2021,82.19747411,284.943786621,0.0,4100.0,9.1,Italy,49825.3934111848,9.28164482,69.4812507629394,59133173.0,High income
JAM,AMR,Americas,2000,72.25330071,585.112426758,0.0,3300.0,20.1,Jamaica,9667.92474492316,5.97869205,51.7165550768252,2607826.0,Upper middle income
JAM,AMR,Americas,2001,72.14321688,590.103820801,0.0,2900.0,19.6,Jamaica,9736.06291757526,5.15652943,51.934190578424,2624403.0,Upper middle income
JAM,AMR,Americas,2002,73.03304352,568.411560059,0.0,2800.0,19.3,Jamaica,9869.71291927176,5.57934141,52.1467222312645,2640572.0,Upper middle income
JAM,AMR,Americas,2003,73.46076447,564.84185791,0.0,2600.0,18.5,Jamaica,10169.7500243245,4.99239254,52.3564891419558,2656623.0,Upper middle income
JAM,AMR,Americas,2004,73.7183442,545.699951172,0.0,2500.0,17.0,Jamaica,10244.2066702878,5.83766747,52.5637655955662,2672225.0,Upper middle income
JAM,AMR,Americas,2005,71.36246208,623.444396973,0.0,2300.0,18.7,Jamaica,10278.6834382546,5.82104874,52.7685237926234,2687066.0,Upper middle income
JAM,AMR,Americas,2006,74.44972953,512.741394043,0.0,2100.0,14.9,Jamaica,10522.2367459591,5.51022339,52.9707359336549,2700968.0,Upper middle income
JAM,AMR,Americas,2007,69.58643623,739.442932129,0.0,2100.0,23.0,Jamaica,10622.4442829007,6.19109583,53.1703742191887,2713800.0,Upper middle income
JAM,AMR,Americas,2008,70.6377363,683.345825195,0.0,1900.0,20.2,Jamaica,10490.4686134498,6.65533972,53.3674108497524,2725635.0,Upper middle income
JAM,AMR,Americas,2009,72.19787809,614.340942383,0.0,1800.0,17.3,Jamaica,9992.97699539021,6.37021589,53.5618180258738,2736995.0,Upper middle income
JAM,AMR,Americas,2010,73.95794492,567.38861084,0.0,1700.0,14.6,Jamaica,9805.90172806302,6.44219255,53.7535679480806,2748568.0,Upper middle income
JAM,AMR,Americas,2011,72.86139713,620.211975098,0.0,1700.0,17.2,Jamaica,9932.48380946963,6.5231781,53.956586109128,2760494.0,Upper middle income
JAM,AMR,Americas,2012,74.19029935,577.696228027,0.0,1600.0,15.2,Jamaica,9829.03510015044,6.18602896,54.2478817703732,2772430.0,Upper middle income
JAM,AMR,Americas,2013,74.2198557,579.605407715,0.0,1500.0,15.3,Jamaica,9839.96506606095,6.28453302,54.548819811983,2783687.0,Upper middle income
JAM,AMR,Americas,2014,73.23854714,666.323364258,0.0,1300.0,17.2,Jamaica,9872.15913752129,6.28673887,54.8660395670395,2793749.0,Upper middle income
JAM,AMR,Americas,2015,72.28943851,675.657409668,0.0,1200.0,19.7,Jamaica,9931.89875715182,6.61477137,55.1995248014924,2802534.0,Upper middle income
JAM,AMR,Americas,2016,72.33025467,683.686462402,0.0,1200.0,19.4,Jamaica,10179.2536486158,6.5901823,55.549259277615,2809915.0,Upper middle income
JAM,AMR,Americas,2017,72.33086714,672.614685059,0.0,1200.0,19.7,Jamaica,10391.0378224678,6.98476934,55.9152267548307,2815764.0,Upper middle income
JAM,AMR,Americas,2018,72.51790169,669.537353516,0.0,1300.0,19.2,Jamaica,10636.0929784551,6.83884478,56.297410990325,2820097.0,Upper middle income
JAM,AMR,Americas,2019,72.23602877,694.601013184,0.0,1200.0,19.3,Jamaica,10816.3720391154,6.96945572,56.6957957395074,2823271.0,Upper middle income
JAM,AMR,Americas,2020,72.64037778,679.656311035,0.0,1200.0,18.3,Jamaica,9891.96932961548,7.47555304,57.1103647563627,2830739.0,Upper middle income
JAM,AMR,Americas,2021,70.1439437,766.224853516,0.0,1300.0,20.2,Jamaica,10430.6909771759,8.00261688,57.5411017937226,2837682.0,Upper middle income
JOR,EMR,Eastern Mediterranean,2000,72.72227433,655.806091309,0.0,100.0,24.7,Jordan,8086.92202690853,9.34367943,78.2848247546539,5386945.0,Lower middle income
JOR,EMR,Eastern Mediterranean,2001,72.6802332,670.929016113,0.0,100.0,24.5,Jordan,8339.78581448441,9.57236385,78.2902365290261,5498894.0,Lower middle income
JOR,EMR,Eastern Mediterranean,2002,72.9283168,664.021911621,0.0,100.0,24.1,Jordan,8638.08033080173,9.2786417,78.2972918926847,5616066.0,Lower middle income
JOR,EMR,Eastern Mediterranean,2003,73.51735567,618.592346191,0.0,100.0,23.3,Jordan,8800.49674649158,8.78901005,78.3069420335538,5741828.0,Lower middle income
JOR,EMR,Eastern Mediterranean,2004,73.56285182,628.669921875,0.0,100.0,23.1,Jordan,9326.66839127919,8.74670506,78.3185350370311,5882061.0,Lower middle income
JOR,EMR,Eastern Mediterranean,2005,73.42688191,661.282287598,0.0,100.0,22.8,Jordan,9839.68834968723,8.49441624,78.412126230667,6029587.0,Lower middle income
JOR,EMR,Eastern Mediterranean,2006,73.85308999,654.196777344,0.0,100.0,22.1,Jordan,9977.75903329275,7.67925692,78.755612573541,6427371.0,Lower middle income
JOR,EMR,Eastern Mediterranean,2007,74.97453582,566.731079102,0.0,100.0,20.7,Jordan,10161.4021194103,7.90982628,79.3358270749644,6827227.0,Lower middle income
JOR,EMR,Eastern Mediterranean,2008,75.81217115,520.893676758,0.0,100.0,19.7,Jordan,10641.5894255558,8.48880577,80.1290966207551,6989866.0,Lower middle income
JOR,EMR,Eastern Mediterranean,2009,76.34651794,498.413299561,0.0,100.0,18.7,Jordan,10938.5027244703,9.22396946,81.1117480967305,7141753.0,Lower middle income
JOR,EMR,Eastern Mediterranean,2010,76.68909265,485.26385498,0.0,100.0,17.9,Jordan,10953.537631697,8.17025661,82.2601083887084,7297043.0,Lower middle income
JOR,EMR,Eastern Mediterranean,2011,76.9077149,477.955871582,0.0,100.0,17.4,Jordan,10977.4820450868,8.14807701,83.5505043825064,7480424.0,Lower middle income
JOR,EMR,Eastern Mediterranean,2012,77.13092988,470.291595459,0.0,100.0,16.9,Jordan,11086.0299443995,7.81799555,84.9592629639423,7587127.0,Lower middle income
JOR,EMR,Eastern Mediterranean,2013,77.52470069,457.29397583,0.0,100.0,16.2,Jordan,10799.3538143329,7.16592407,86.4627110188335,7991809.0,Lower middle income
JOR,EMR,Eastern Mediterranean,2014,77.96984738,442.081695557,0.0,100.0,15.5,Jordan,10148.99809876,7.20892906,88.0371754329978,8791710.0,Lower middle income
JOR,EMR,Eastern Mediterranean,2015,78.50941007,418.091186523,0.0,100.0,14.6,Jordan,9581.68922567813,7.4609561,89.8881391939133,9544729.0,Lower middle income
JOR,EMR,Eastern Mediterranean,2016,78.7600732,405.375732422,0.0,100.0,14.0,Jordan,9321.9045113153,6.97644138,90.56272794707,10006367.0,Lower middle income
JOR,EMR,Eastern Mediterranean,2017,79.14251842,390.617431641,0.0,100.0,13.4,Jordan,9339.81039725983,7.10953665,90.8764609714428,10234226.0,Lower middle income
JOR,EMR,Eastern Mediterranean,2018,79.63154866,372.159393311,0.0,100.0,12.8,Jordan,9311.53116265584,6.98295021,91.2008859099729,10462306.0,Lower middle income
JOR,EMR,Eastern Mediterranean,2019,79.7854181,367.898345947,0.0,100.0,12.7,Jordan,9288.52709103516,7.07244635,91.515966492507,10671891.0,Lower middle income
JOR,EMR,Eastern Mediterranean,2020,77.55988721,395.507202148,0.0,100.0,12.9,Jordan,9022.63930356769,7.54554749,91.8216722992319,10865228.0,Lower middle income
JOR,EMR,Eastern Mediterranean,2021,75.64973596,380.892333984,0.0,100.0,11.6,Jordan,9182.496161256,7.69733906,92.117972910453,11066356.0,Lower middle income
JPN,WPR,Western Pacific,2000,81.5301793,290.12701416,0.0,0.0,11.3,Japan,39005.9136305044,7.03456163,78.6126803295375,126843000.0,High income
JPN,WPR,Western Pacific,2001,81.84225924,283.254699707,0.0,0.0,11.0,Japan,39062.2817355235,7.23947906,79.1577482060887,127149000.0,High income
JPN,WPR,Western Pacific,2002,82.10074471,276.123291016,0.0,0.0,10.7,Japan,38987.9102707538,7.35235405,80.5469860733981,127445000.0,High income
JPN,WPR,Western Pacific,2003,82.14025197,272.548736572,0.0,0.0,10.5,Japan,39501.806782419,7.48654842,82.4206778416671,127718000.0,High income
JPN,WPR,Western Pacific,2004,82.37003875,268.654632568,0.0,0.0,10.4,Japan,40351.776374395,7.53518438,84.3710541898905,127761000.0,High income
JPN,WPR,Western Pacific,2005,82.23817071,269.998962402,0.0,0.0,10.3,Japan,41075.8243580849,7.65818596,85.9573620483714,127773000.0,High income
JPN,WPR,Western Pacific,2006,82.59216336,262.146697998,0.0,0.0,10.0,Japan,41613.1483821427,7.68688869,87.1460898958075,127854000.0,High income
JPN,WPR,Western Pacific,2007,82.7592849,258.817047119,0.0,0.0,9.9,Japan,42182.1758636624,7.77935696,88.2701404492656,128001000.0,High income
JPN,WPR,Western Pacific,2008,82.83288975,256.956878662,0.0,0.0,9.8,Japan,41645.5722078975,8.08909321,89.2921563808851,128063000.0,High income
JPN,WPR,Western Pacific,2009,83.15818254,249.185943604,0.0,0.0,9.5,Japan,39279.498871012,8.9587822,90.1131158718189,128047000.0,High income
JPN,WPR,Western Pacific,2010,83.08330199,250.928939819,0.0,0.0,9.6,Japan,40881.7972423185,9.0630064,90.6228586840649,128070000.0,High income
JPN,WPR,Western Pacific,2011,82.82691604,250.499694824,0.0,0.0,9.6,Japan,40967.3431400832,10.48780155,90.8631654434251,127833000.0,High income
JPN,WPR,Western Pacific,2012,83.32740995,246.426513672,0.0,0.0,9.4,Japan,41596.9238038796,10.67169094,91.0265277326652,127629000.0,High income
JPN,WPR,Western Pacific,2013,83.56021789,241.799499512,0.0,0.0,9.2,Japan,42492.2439560498,10.67438698,91.1516595654317,127445000.0,High income
JPN,WPR,Western Pacific,2014,83.79493082,237.350509644,0.0,0.0,9.0,Japan,42674.6976301321,10.7290144,91.2548945132333,127276000.0,High income
JPN,WPR,Western Pacific,2015,83.99957263,233.313812256,0.0,0.0,8.7,Japan,43386.7100739513,10.74969959,91.3532644103625,127141000.0,High income
JPN,WPR,Western Pacific,2016,84.15707196,231.048522949,0.0,0.0,8.7,Japan,43736.1305076612,10.65891552,91.4541254852142,127076000.0,High income
JPN,WPR,Western Pacific,2017,84.25809871,233.555282593,0.0,0.0,8.6,Japan,44505.2792603684,10.65627098,91.5498419685883,126972000.0,High income
JPN,WPR,Western Pacific,2018,84.35134487,231.236190796,0.0,0.0,8.4,Japan,44848.4899421798,10.73988247,91.6377318609728,126811000.0,High income
JPN,WPR,Western Pacific,2019,84.46675304,229.270431519,0.0,0.0,8.3,Japan,44730.9102844958,10.96998405,91.7164207898107,126633000.0,High income
JPN,WPR,Western Pacific,2020,84.66324868,226.826156616,0.0,0.0,8.2,Japan,42992.4796365328,11.44974613,91.7809926267889,126261000.0,High income
JPN,WPR,Western Pacific,2021,84.46067178,230.701751709,0.0,0.0,8.0,Japan,44355.3487163354,12.08108234,91.8741049279527,125681593.0,High income
KAZ,EUR,Europe,2000,64.35326131,966.758972168,0.0,0.0,39.4,Kazakhstan,12935.864368308,4.16032028,56.0239607657944,15501103.0,Upper middle income
KAZ,EUR,Europe,2001,64.70931637,969.486083984,0.0,0.0,38.2,Kazakhstan,14612.0290050498,3.47098041,55.7813717131331,15575550.0,Upper middle income
KAZ,EUR,Europe,2002,65.03142074,970.578918457,0.0,0.0,37.4,Kazakhstan,15960.8738450013,3.6148138,55.5045911261585,15656677.0,Upper middle income
KAZ,EUR,Europe,2003,64.77834271,1006.782531738,0.0,0.0,38.4,Kazakhstan,17344.752672995,3.72335005,55.2115277236592,15747380.0,Upper middle income
KAZ,EUR,Europe,2004,65.11633982,959.626831055,0.0,0.0,36.9,Kazakhstan,18886.5811908122,3.98307681,54.9200902244233,15850159.0,Upper middle income
KAZ,EUR,Europe,2005,65.06712568,972.180236816,0.0,0.0,37.3,Kazakhstan,20565.5294470866,3.90172958,54.6481873472392,15968117.0,Upper middle income
KAZ,EUR,Europe,2006,65.42456634,950.637084961,0.0,0.0,36.3,Kazakhstan,22574.3429577665,3.39824843,54.4137278108953,16103716.0,Upper middle income
KAZ,EUR,Europe,2007,65.80148574,943.505310059,0.0,0.0,35.7,Kazakhstan,24351.3464102542,2.70314813,54.2346203341799,16257214.0,Upper middle income
KAZ,EUR,Europe,2008,67.14338476,892.893737793,0.0,0.0,33.5,Kazakhstan,24895.6645683245,3.02569842,54.1287736358813,16426525.0,Upper middle income
KAZ,EUR,Europe,2009,68.51597079,826.861083984,0.0,0.0,31.4,Kazakhstan,24901.3527260084,3.47355628,54.1167144748885,16619846.0,Upper middle income
KAZ,EUR,Europe,2010,68.51031045,849.978027344,0.0,0.0,31.5,Kazakhstan,26374.8407672795,2.73641396,54.2054127497102,16836810.0,Upper middle income
KAZ,EUR,Europe,2011,69.12835849,829.182678223,0.0,0.0,30.3,Kazakhstan,27946.1603432944,2.60236669,54.3996086425518,17066002.0,Upper middle income
KAZ,EUR,Europe,2012,69.67761395,806.880371094,0.0,0.0,29.2,Kazakhstan,28881.2417563728,3.03725982,54.69208192838,17306106.0,Upper middle income
KAZ,EUR,Europe,2013,70.6757737,755.900512695,0.0,0.0,27.1,Kazakhstan,30177.4887221736,2.66286755,55.0779764821252,17556502.0,Upper middle income
KAZ,EUR,Europe,2014,71.47528342,723.13659668,0.0,0.0,26.1,Kazakhstan,30986.4379168995,2.97468448,55.5524361787178,17816285.0,Upper middle income
KAZ,EUR,Europe,2015,71.97923102,701.41418457,0.0,0.0,25.5,Kazakhstan,30893.7594851041,3.04051113,56.1106048930882,18084169.0,Upper middle income
KAZ,EUR,Europe,2016,72.39593644,689.773986816,0.0,0.0,25.1,Kazakhstan,30758.3227260598,3.42235589,56.7476265001667,18363600.0,Upper middle income
KAZ,EUR,Europe,2017,72.96750185,664.187316895,0.0,0.0,24.0,Kazakhstan,31524.4416339794,3.0524447,57.4586448748837,18651931.0,Upper middle income
KAZ,EUR,Europe,2018,73.16779578,656.093811035,0.0,0.0,24.0,Kazakhstan,32330.2274546567,2.90062451,58.2388038921695,18932727.0,Upper middle income
KAZ,EUR,Europe,2019,73.20279408,654.454711914,0.0,0.0,23.8,Kazakhstan,33298.2123695035,2.87143755,59.0832474269546,19209555.0,Upper middle income
KAZ,EUR,Europe,2020,71.3205391,635.317260742,0.0,0.0,23.2,Kazakhstan,32011.5491499004,3.83133817,59.9871193541692,19482117.0,Upper middle income
KAZ,EUR,Europe,2021,70.27511981,594.182739258,0.0,0.0,21.2,Kazakhstan,32945.8515725823,3.98701859,61.030254280267,19743603.0,Upper middle income
KEN,AFR,Africa,2000,54.09203911,427.05255127,11766.0,130000.0,15.6,Kenya,3756.63622296879,3.62451434,19.4553832211834,30642890.0,Lower middle income
KEN,AFR,Africa,2001,54.33283599,423.438537598,13613.0,130000.0,15.6,Kenya,3778.25854755615,3.74002314,20.4416297068833,31619170.0,Lower middle income
KEN,AFR,Africa,2002,54.58698847,435.325256348,13391.0,120000.0,15.9,Kenya,3681.2569427491,3.82159472,21.8586568137501,32629808.0,Lower middle income
KEN,AFR,Africa,2003,54.91168271,439.60446167,12672.0,110000.0,16.2,Kenya,3674.08592758409,4.03365707,23.563889811899,33652223.0,Lower middle income
KEN,AFR,Africa,2004,55.51027953,449.809265137,11284.0,110000.0,16.6,Kenya,3743.56785736929,4.21159506,25.4147539714454,34713455.0,Lower middle income
KEN,AFR,Africa,2005,56.3951405,458.243499756,10157.0,100000.0,16.9,Kenya,3844.73557120578,4.2174139,27.2686745625048,35796484.0,Lower middle income
KEN,AFR,Africa,2006,57.46429328,467.98815918,9563.0,93000.0,17.1,Kenya,3970.73349887685,5.0134387,28.9830768551925,36904008.0,Lower middle income
KEN,AFR,Africa,2007,58.55063756,481.370880127,9398.0,86000.0,17.5,Kenya,4116.45094720856,5.12358475,30.4153861196239,38036349.0,Lower middle income
KEN,AFR,Africa,2008,59.48455643,496.508178711,9301.0,76000.0,17.9,Kenya,4002.88364073792,5.19050598,31.4230276259143,39206351.0,Lower middle income
KEN,AFR,Africa,2009,60.49062126,505.854400635,9459.0,72000.0,18.2,Kenya,4012.19428382397,5.29172945,31.8603086707305,40408891.0,Lower middle income
KEN,AFR,Africa,2010,61.28276083,521.256652832,9664.0,67000.0,18.6,Kenya,4211.52462957784,5.38849831,31.8713287706458,41598567.0,Lower middle income
KEN,AFR,Africa,2011,61.98126671,528.789245605,10091.0,59000.0,18.9,Kenya,4307.10611556858,5.20212841,31.8673949025409,42758461.0,Lower middle income
KEN,AFR,Africa,2012,62.61585724,504.235961914,10203.0,57000.0,17.1,Kenya,4387.93790075409,5.0180583,31.8558130142761,43888303.0,Lower middle income
KEN,AFR,Africa,2013,63.11575218,508.86315918,10297.0,52000.0,17.9,Kenya,4443.371215682,4.93100405,31.8324454433988,44986791.0,Lower middle income
KEN,AFR,Africa,2014,63.63694431,515.645996094,10393.0,46000.0,18.1,Kenya,4558.55155266374,4.91267347,31.7931545274563,46051440.0,Lower middle income
KEN,AFR,Africa,2015,64.29968929,525.871337891,10423.0,38000.0,18.3,Kenya,4679.62182831938,4.76439571,31.7338026039958,47088526.0,Lower middle income
KEN,AFR,Africa,2016,65.03249549,522.935974121,10483.0,32000.0,18.2,Kenya,4770.31046388086,4.75429106,31.6502520105647,48139687.0,Lower middle income
KEN,AFR,Africa,2017,65.61126491,539.169433594,10664.0,30000.0,18.7,Kenya,4846.86210851932,3.98597503,31.5383650847102,49197766.0,Lower middle income
KEN,AFR,Africa,2018,66.06922549,567.817932129,10789.0,25000.0,19.4,Kenya,5017.66784674664,4.09903383,31.3940041639796,50207107.0,Lower middle income
KEN,AFR,Africa,2019,66.50141922,562.095031738,10883.0,25000.0,19.1,Kenya,5171.71264279257,4.36874676,31.1895566421135,51202827.0,Lower middle income
KEN,AFR,Africa,2020,66.79345007,530.819335938,11384.0,24000.0,18.8,Kenya,5057.40115537429,4.49248886,31.2063494632616,52217334.0,Lower middle income
KEN,AFR,Africa,2021,66.76221995,507.839813232,11669.0,24000.0,18.0,Kenya,5338.85243382781,4.56992722,31.2879334021971,53219166.0,Lower middle income
KGZ,EUR,Europe,2000,65.93470005,903.710144043,0.0,100.0,33.9,Kyrgyz Republic,3638.46314292227,4.41414976,35.3216067847574,4898362.0,Lower middle income
KGZ,EUR,Europe,2001,66.68305593,848.286376953,0.0,650.0,32.4,Kyrgyz Republic,3795.89059344129,4.27703238,35.3160273737858,4945073.0,Lower middle income
KGZ,EUR,Europe,2002,66.25500987,924.00012207,0.0,200.0,33.6,Kyrgyz Republic,3760.53239965257,4.59219551,35.3118703235333,4990704.0,Lower middle income
KGZ,EUR,Europe,2003,66.27050684,932.773925781,0.0,100.0,34.4,Kyrgyz Republic,3982.92722017802,5.82382107,35.3086519815317,5043308.0,Lower middle income
KGZ,EUR,Europe,2004,66.99096069,873.637390137,0.0,200.0,33.1,Kyrgyz Republic,4211.52248307857,6.20281315,35.3058886953128,5104713.0,Lower middle income
KGZ,EUR,Europe,2005,67.04293061,886.20916748,0.0,500.0,33.1,Kyrgyz Republic,4156.95849230116,7.45010662,35.3030968124082,5162640.0,Lower middle income
KGZ,EUR,Europe,2006,67.10547635,882.392272949,0.0,500.0,33.0,Kyrgyz Republic,4240.17017797554,8.3118391,35.2997926803498,5218373.0,Lower middle income
KGZ,EUR,Europe,2007,67.79056016,843.110473633,0.0,570.0,32.0,Kyrgyz Republic,4558.71267894172,6.93210649,35.2954926466692,5268385.0,Lower middle income
KGZ,EUR,Europe,2008,68.29544912,827.875854492,0.0,690.0,30.6,Kyrgyz Republic,4894.9427801376,6.52511883,35.2897130588983,5318729.0,Lower middle income
KGZ,EUR,Europe,2009,68.88847772,818.397338867,0.0,720.0,29.6,Kyrgyz Republic,4969.96132720374,6.89873457,35.2815523593591,5389643.0,Lower middle income
KGZ,EUR,Europe,2010,69.19156126,801.386169434,0.0,750.0,28.0,Kyrgyz Republic,4876.47964886483,6.95027161,35.267768240398,5467059.0,Lower middle income
KGZ,EUR,Europe,2011,69.54394591,801.896057129,0.0,830.0,28.6,Kyrgyz Republic,5092.85165751678,7.1072917,35.2466507961984,5546587.0,Lower middle income
KGZ,EUR,Europe,2012,69.96020158,796.540344238,0.0,880.0,27.2,Kyrgyz Republic,4993.39431683528,8.50966358,35.218916221918,5652076.0,Lower middle income
KGZ,EUR,Europe,2013,70.72932374,748.416503906,0.0,850.0,26.5,Kyrgyz Republic,5418.54061993935,8.18745041,35.1850529225105,5777150.0,Lower middle income
KGZ,EUR,Europe,2014,70.89588242,755.962097168,0.0,860.0,26.5,Kyrgyz Republic,5513.7544695252,7.35766459,35.1455493029297,5905848.0,Lower middle income
KGZ,EUR,Europe,2015,71.54340028,730.052978516,0.0,850.0,25.2,Kyrgyz Republic,5600.2143342846,7.14930916,35.1008937681291,6040036.0,Lower middle income
KGZ,EUR,Europe,2016,72.67043609,670.522949219,0.0,860.0,23.2,Kyrgyz Republic,5715.01041179003,6.41248226,35.0515747230627,6175338.0,Lower middle income
KGZ,EUR,Europe,2017,72.80933995,665.688598633,0.0,830.0,23.7,Kyrgyz Republic,5861.22200040503,6.18586349,34.9980805726839,6306696.0,Lower middle income
KGZ,EUR,Europe,2018,73.2888512,645.773071289,0.0,850.0,23.1,Kyrgyz Republic,5951.82876758606,5.01030922,34.9408997219466,6444079.0,Lower middle income
KGZ,EUR,Europe,2019,73.58598166,632.143066406,0.0,860.0,22.7,Kyrgyz Republic,6087.60193826927,4.25461817,34.8805205758044,6590211.0,Lower middle income
KGZ,EUR,Europe,2020,71.47082259,593.045471191,0.0,860.0,21.8,Kyrgyz Republic,5537.79547319377,4.93558979,34.8174315392111,6726596.0,Lower middle income
KGZ,EUR,Europe,2021,72.18500345,527.205444336,0.0,870.0,18.8,Kyrgyz Republic,5736.47883415154,5.35275602,34.7521210171204,6851224.0,Lower middle income
KHM,WPR,Western Pacific,2000,59.10171682,783.784790039,1582.0,8600.0,28.1,Cambodia,1922.03179092592,6.48126554,18.6242216655572,12462336.0,Lower middle income
KHM,WPR,Western Pacific,2001,60.02516946,770.835876465,904.0,6900.0,27.6,Cambodia,2032.08092022373,6.76028347,18.7186818716995,12658484.0,Lower middle income
KHM,WPR,Western Pacific,2002,60.98797015,737.8203125,803.0,6200.0,26.6,Cambodia,2126.34150468987,6.91952753,18.803641734126,12855241.0,Lower middle income
KHM,WPR,Western Pacific,2003,61.89363505,729.809875488,1062.0,5600.0,26.1,Cambodia,2309.83931482788,6.45762444,18.8881765274479,13050968.0,Lower middle income
KHM,WPR,Western Pacific,2004,62.73254827,725.112182617,894.0,5100.0,25.9,Cambodia,2491.30930003838,6.48521805,18.9813615262763,13244731.0,Lower middle income
KHM,WPR,Western Pacific,2005,63.57944693,719.64630127,705.0,4500.0,25.6,Cambodia,2781.89028895255,6.15001392,19.0922720052225,13439202.0,Lower middle income
KHM,WPR,Western Pacific,2006,64.39387062,709.09765625,897.0,3900.0,25.1,Cambodia,3041.10471220153,5.36440325,19.2299832388976,13639028.0,Lower middle income
KHM,WPR,Western Pacific,2007,65.07853491,708.959472656,394.0,3400.0,25.0,Cambodia,3308.15747246544,4.42702723,19.4035705019128,13841770.0,Lower middle income
KHM,WPR,Western Pacific,2008,65.7502876,704.616455078,497.0,3000.0,24.7,Cambodia,3501.9257021932,5.61296654,19.6574509865325,14053479.0,Lower middle income
KHM,WPR,Western Pacific,2009,66.28526249,700.747192383,853.0,2600.0,24.5,Cambodia,3587.60889588362,6.3089695,20.1979728726519,14276810.0,Lower middle income
KHM,WPR,Western Pacific,2010,66.7359551,700.201049805,644.0,2200.0,24.4,Cambodia,3711.53750580157,5.62713194,21.1232251168762,14500726.0,Lower middle income
KHM,WPR,Western Pacific,2011,67.25370356,695.705932617,641.0,2000.0,24.2,Cambodia,3921.97911563308,6.00443649,22.3824788531276,14722584.0,Lower middle income
KHM,WPR,Western Pacific,2012,67.72268359,694.126586914,383.0,1900.0,24.1,Cambodia,4159.16354123446,5.77632856,23.9411047582349,14945085.0,Lower middle income
KHM,WPR,Western Pacific,2013,68.09456793,690.373535156,231.0,1800.0,23.8,Cambodia,4419.3988680186,5.00863695,25.7644735090271,15170208.0,Lower middle income
KHM,WPR,Western Pacific,2014,68.40636847,689.224304199,399.0,1800.0,23.7,Cambodia,4702.73061823207,4.40784645,27.8179557823331,15396772.0,Lower middle income
KHM,WPR,Western Pacific,2015,68.66739766,688.192749023,374.0,1700.0,23.6,Cambodia,4968.57276699143,4.53898621,30.0669222549819,15623251.0,Lower middle income
KHM,WPR,Western Pacific,2016,68.91001703,687.484436035,204.0,1700.0,23.5,Cambodia,5283.72964943779,4.49053288,32.4767436038024,15852803.0,Lower middle income
KHM,WPR,Western Pacific,2017,69.12694998,686.783569336,336.0,1600.0,23.4,Cambodia,5632.03125629342,4.26933241,35.0127905056235,16073372.0,Lower middle income
KHM,WPR,Western Pacific,2018,69.35586113,685.312194824,68.0,1600.0,23.4,Cambodia,6050.59088262205,4.49707794,37.6404336372742,16274522.0,Lower middle income
KHM,WPR,Western Pacific,2019,69.55846339,683.581176758,26.0,1600.0,23.3,Cambodia,6448.88455952805,5.05801058,39.5830241256026,16481304.0,Lower middle income
KHM,WPR,Western Pacific,2020,69.84097141,687.572937012,6.0,1600.0,23.5,Cambodia,6128.78243783335,5.13031435,39.832658030922,16725474.0,Lower middle income
KHM,WPR,Western Pacific,2021,68.92399972,665.103149414,0.0,1600.0,22.6,Cambodia,6225.53265474741,6.33888054,40.1091858128847,16974305.0,Lower middle income
KIR,WPR,Western Pacific,2000,60.08437065,1097.874633789,0.0,0.0,43.8,Kiribati,2481.41524257587,7.77379847,43.3274808848011,88613.0,Lower middle income
KIR,WPR,Western Pacific,2001,60.39204806,1089.013427734,0.0,0.0,43.3,Kiribati,2357.58189014518,11.90547657,43.4777440627131,90335.0,Lower middle income
KIR,WPR,Western Pacific,2002,60.60035552,1086.314941406,0.0,0.0,43.1,Kiribati,2341.69553872722,11.4402895,43.4985457088421,92264.0,Lower middle income
KIR,WPR,Western Pacific,2003,60.80039427,1075.262329102,0.0,0.0,42.8,Kiribati,2258.03381830985,10.05060768,43.510668313316,94175.0,Lower middle income
KIR,WPR,Western Pacific,2004,60.91263256,1072.047851563,0.0,0.0,42.7,Kiribati,2199.67074158217,12.17176056,43.5238025326975,96085.0,Lower middle income
KIR,WPR,Western Pacific,2005,61.01859221,1078.588867188,0.0,0.0,42.8,Kiribati,2183.78113886233,11.36301994,43.5443274444527,98035.0,Lower middle income
KIR,WPR,Western Pacific,2006,61.1004495,1067.721069336,0.0,0.0,42.5,Kiribati,2264.16158033718,11.30852318,43.7349826427011,100017.0,Lower middle income
KIR,WPR,Western Pacific,2007,61.1868882,1076.586425781,0.0,0.0,42.6,Kiribati,2286.4464773202,10.9454546,44.6212141757087,102068.0,Lower middle income
KIR,WPR,Western Pacific,2008,61.27006207,1077.750976563,0.0,0.0,42.6,Kiribati,2172.35767589525,13.51428604,45.9461325515373,104222.0,Lower middle income
KIR,WPR,Western Pacific,2009,61.32259565,1075.568481445,0.0,0.0,42.6,Kiribati,2137.96593927055,12.73888874,47.3510238975116,106467.0,Lower middle income
KIR,WPR,Western Pacific,2010,61.36040242,1077.067260742,0.0,0.0,42.6,Kiribati,2119.64018013945,8.76666641,48.4603839564718,108704.0,Lower middle income
KIR,WPR,Western Pacific,2011,61.40193967,1081.314331055,0.0,0.0,42.8,Kiribati,2150.38301837654,7.98947382,49.1228169536795,110647.0,Lower middle income
KIR,WPR,Western Pacific,2012,61.47703351,1071.341430664,0.0,0.0,42.4,Kiribati,2242.01379114528,7.94999981,49.5800786695548,112284.0,Lower middle income
KIR,WPR,Western Pacific,2013,61.57296264,1067.677612305,0.0,0.0,42.2,Kiribati,2382.37034452158,8.7081337,49.9687043258795,113838.0,Lower middle income
KIR,WPR,Western Pacific,2014,61.63073757,1059.391235352,0.0,0.0,42.0,Kiribati,2381.34837325608,8.9549551,50.3909308922385,115326.0,Lower middle income
KIR,WPR,Western Pacific,2015,61.68537375,1054.042236328,0.0,0.0,41.8,Kiribati,2615.8414365735,7.21568632,50.9541970402064,116815.0,Lower middle income
KIR,WPR,Western Pacific,2016,61.75804085,1049.8515625,0.0,0.0,41.6,Kiribati,2761.9336523043,9.04265118,51.7710553002321,118478.0,Lower middle income
KIR,WPR,Western Pacific,2017,61.81777917,1039.99987793,0.0,0.0,41.2,Kiribati,2822.669652935,9.68424225,52.9734697275451,120275.0,Lower middle income
KIR,WPR,Western Pacific,2018,60.74880481,1026.114746094,0.0,0.0,40.7,Kiribati,2877.60204999231,10.89694214,54.5004023142497,122084.0,Lower middle income
KIR,WPR,Western Pacific,2019,62.13784891,1031.967285156,0.0,0.0,40.6,Kiribati,2927.48453366722,10.16600227,56.2846727145489,123921.0,Lower middle income
KIR,WPR,Western Pacific,2020,61.87697198,1066.237915039,0.0,0.0,42.5,Kiribati,2834.68581354366,13.65645027,58.4123714112748,126099.0,Lower middle income
KIR,WPR,Western Pacific,2021,60.87345633,1099.60144043,0.0,0.0,44.1,Kiribati,3020.49399935695,11.83228588,59.6364645301985,128377.0,Lower middle income
KOR,WPR,Western Pacific,2000,75.85981554,521.670166016,0.0,0.0,16.9,"Korea, Rep.",26404.1588575745,3.71794796,79.579960745642,47008111.0,High income
KOR,WPR,Western Pacific,2001,76.56907797,493.697845459,0.0,0.0,16.2,"Korea, Rep.",27440.6564915847,4.16983986,79.8787704357425,47370164.0,High income
KOR,WPR,Western Pacific,2002,76.94317285,483.329040527,0.0,0.0,15.9,"Korea, Rep.",29395.2766036796,3.90854764,80.2766294544335,47644736.0,High income
KOR,WPR,Western Pacific,2003,77.4435747,454.025726318,0.0,0.0,15.1,"Korea, Rep.",30142.4605585814,4.46640348,80.707793508044,47892330.0,High income
KOR,WPR,Western Pacific,2004,77.92814417,436.10369873,0.0,0.0,14.6,"Korea, Rep.",31579.5283048867,4.43287992,81.104386778171,48082519.0,High income
KOR,WPR,Western Pacific,2005,78.37092125,414.342254639,0.0,0.0,13.8,"Korea, Rep.",32886.0472450743,4.65223551,81.3901352283669,48184561.0,High income
KOR,WPR,Western Pacific,2006,78.96689178,393.224182129,0.0,0.0,13.1,"Korea, Rep.",34429.6222013137,4.95851803,81.566462110512,48438292.0,High income
KOR,WPR,Western Pacific,2007,79.37954426,376.660980225,1.0,0.0,12.5,"Korea, Rep.",36257.3401689702,4.95834208,81.712125801927,48683638.0,High income
KOR,WPR,Western Pacific,2008,79.90917941,354.442687988,0.0,0.0,11.9,"Korea, Rep.",37064.1518484106,5.24642324,81.8350833138518,49054708.0,High income
KOR,WPR,Western Pacific,2009,80.36278413,331.868560791,1.0,0.0,11.3,"Korea, Rep.",37176.1939270969,5.68525076,81.9245045084002,49307835.0,High income
KOR,WPR,Western Pacific,2010,80.53713356,325.954803467,1.0,0.0,10.9,"Korea, Rep.",39574.0500732947,5.79390717,81.9685075986486,49554112.0,High income
KOR,WPR,Western Pacific,2011,80.95337202,311.536102295,2.0,0.0,10.3,"Korea, Rep.",40719.2273771671,5.90292883,81.9615408086376,49936638.0,High income
KOR,WPR,Western Pacific,2012,81.13219539,308.099060059,0.0,0.0,9.8,"Korea, Rep.",41537.6728611117,5.9576025,81.9087898200378,50199853.0,High income
KOR,WPR,Western Pacific,2013,81.68616863,290.890289307,0.0,0.0,9.2,"Korea, Rep.",42709.9751857887,6.06858635,81.8269383502703,50428893.0,High income
KOR,WPR,Western Pacific,2014,82.15999534,277.446929932,0.0,0.0,8.9,"Korea, Rep.",43806.9250985661,6.24487352,81.7315682816954,50746659.0,High income
KOR,WPR,Western Pacific,2015,82.40187033,268.864593506,0.0,0.0,8.4,"Korea, Rep.",44849.106767089,6.46202612,81.639489860678,51014947.0,High income
KOR,WPR,Western Pacific,2016,82.73176167,258.266540527,0.0,0.0,8.2,"Korea, Rep.",46088.2430785383,6.6356945,81.5559241797057,51217803.0,High income
KOR,WPR,Western Pacific,2017,83.09217588,247.532394409,0.0,0.0,7.7,"Korea, Rep.",47536.7898568851,6.79827499,81.471030429984,51361911.0,High income
KOR,WPR,Western Pacific,2018,83.15048365,241.234146118,0.0,0.0,7.5,"Korea, Rep.",48834.4471157733,7.14222002,81.3823523035196,51585058.0,High income
KOR,WPR,Western Pacific,2019,83.68842093,228.571563721,0.0,0.0,7.3,"Korea, Rep.",49790.8679884821,7.69397116,81.2901063535619,51764822.0,High income
KOR,WPR,Western Pacific,2020,83.79726372,226.245559692,0.0,0.0,7.0,"Korea, Rep.",49374.0926148025,8.02722836,81.1759595622913,51836239.0,High income
KOR,WPR,Western Pacific,2021,83.79982334,223.239151001,0.0,0.0,6.9,"Korea, Rep.",51718.2518656631,8.34412766,81.1616526507785,51769539.0,High income
KWT,EMR,Eastern Mediterranean,2000,77.57714875,441.912506104,0.0,0.0,17.4,Kuwait,60585.3026788164,2.20362997,99.0,1954709.0,High income
KWT,EMR,Eastern Mediterranean,2001,78.81293796,392.753936768,0.0,0.0,14.6,Kuwait,59099.6653133601,3.18719625,99.2347539628831,2008121.0,High income
KWT,EMR,Eastern Mediterranean,2002,78.20659931,416.71005249,0.0,0.0,15.8,Kuwait,59348.6172741565,3.12441754,99.5090276880805,2059974.0,High income
KWT,EMR,Eastern Mediterranean,2003,78.76242947,393.951599121,0.0,0.0,14.8,Kuwait,67984.3145062554,2.76042604,99.7655794280652,2109881.0,High income
KWT,EMR,Eastern Mediterranean,2004,78.50276726,403.161346436,0.0,0.0,15.2,Kuwait,73298.0621819477,2.35702467,99.94716743531,2157320.0,High income
KWT,EMR,Eastern Mediterranean,2005,78.37752584,408.868591309,0.0,0.0,15.7,Kuwait,78193.9012127585,2.013309,100.0,2236788.0,High income
KWT,EMR,Eastern Mediterranean,2006,78.57389835,405.282592773,0.0,0.0,15.6,Kuwait,79521.3484338455,1.8213098,100.0,2364733.0,High income
KWT,EMR,Eastern Mediterranean,2007,79.05909554,388.084625244,0.0,0.0,15.0,Kuwait,79474.7611346377,1.92673647,100.0,2507887.0,High income
KWT,EMR,Eastern Mediterranean,2008,78.26367194,421.5574646,0.0,0.0,16.3,Kuwait,77036.5083833055,1.92400301,100.0,2651421.0,High income
KWT,EMR,Eastern Mediterranean,2009,79.20188159,384.36541748,0.0,0.0,14.8,Kuwait,67896.2680451995,2.70638776,100.0,2795484.0,High income
KWT,EMR,Eastern Mediterranean,2010,80.49475441,343.704223633,0.0,0.0,13.1,Kuwait,62956.2152904125,2.67879915,100.0,2943372.0,High income
KWT,EMR,Eastern Mediterranean,2011,81.44805413,312.011169434,0.0,0.0,11.7,Kuwait,64844.5019019408,2.33303547,100.0,3132814.0,High income
KWT,EMR,Eastern Mediterranean,2012,81.34259433,314.432373047,0.0,0.0,11.8,Kuwait,64908.262639237,2.33311439,100.0,3337109.0,High income
KWT,EMR,Eastern Mediterranean,2013,81.73672815,301.2159729,0.0,0.0,11.1,Kuwait,62458.8089221249,2.48789287,100.0,3507844.0,High income
KWT,EMR,Eastern Mediterranean,2014,81.88077916,293.686828613,0.0,0.0,10.8,Kuwait,60065.6544076232,2.9159987,100.0,3665876.0,High income
KWT,EMR,Eastern Mediterranean,2015,81.44722022,305.042938232,0.0,0.0,11.5,Kuwait,57763.5174574395,4.21497965,100.0,3834574.0,High income
KWT,EMR,Eastern Mediterranean,2016,82.54800559,278.346710205,0.0,0.0,10.5,Kuwait,56936.620842726,4.73096323,100.0,4004096.0,High income
KWT,EMR,Eastern Mediterranean,2017,82.62315795,278.045440674,0.0,0.0,10.5,Kuwait,52285.5871175696,4.65326786,100.0,4154812.0,High income
KWT,EMR,Eastern Mediterranean,2018,82.93662831,269.635650635,0.0,0.0,9.9,Kuwait,51623.8078622052,5.17201853,100.0,4323515.0,High income
KWT,EMR,Eastern Mediterranean,2019,82.50221054,281.830383301,0.0,0.0,10.1,Kuwait,51380.6455354631,5.18200397,100.0,4442316.0,High income
KWT,EMR,Eastern Mediterranean,2020,78.76948984,317.011322021,0.0,0.0,11.0,Kuwait,49372.8187938552,6.11295223,100.0,4400267.0,High income
KWT,EMR,Eastern Mediterranean,2021,78.95211671,301.809814453,0.0,0.0,9.3,Kuwait,50651.9575337091,5.37273169,100.0,4360865.0,High income
LAO,WPR,Western Pacific,2000,58.27571315,865.55279541,350.0,650.0,34.3,Lao PDR,2899.01961879748,4.27513599,22.1840964350091,5431212.0,Lower middle income
LAO,WPR,Western Pacific,2001,58.88681637,861.981994629,242.0,790.0,34.0,Lao PDR,3015.63258480614,4.29031658,23.3728884682287,5521482.0,Lower middle income
LAO,WPR,Western Pacific,2002,59.61142102,843.26171875,195.0,850.0,33.2,Lao PDR,3143.22327579556,3.69751263,24.5247834668291,5610889.0,Lower middle income
LAO,WPR,Western Pacific,2003,60.19558269,824.292602539,187.0,870.0,32.5,Lao PDR,3282.9853971272,4.47920704,25.5945881340707,5697945.0,Lower middle income
LAO,WPR,Western Pacific,2004,60.73825821,814.608154297,105.0,890.0,32.1,Lao PDR,3441.16999706515,3.5405724,26.5371091732139,5781626.0,Lower middle income
LAO,WPR,Western Pacific,2005,61.3511366,810.980651855,86.0,920.0,31.8,Lao PDR,3630.55878769378,3.33673191,27.3224977292697,5869523.0,Lower middle income
LAO,WPR,Western Pacific,2006,61.98382706,796.829589844,123.0,960.0,31.4,Lao PDR,3881.53736632657,2.93200922,28.0378756242097,5963200.0,Lower middle income
LAO,WPR,Western Pacific,2007,62.60763355,775.474182129,115.0,1000.0,30.7,Lao PDR,4112.25301659759,3.12986231,28.7343050001346,6056236.0,Lower middle income
LAO,WPR,Western Pacific,2008,63.1872824,771.19128418,104.0,1000.0,30.4,Lao PDR,4367.162880257,2.76727295,29.4034348148069,6148969.0,Lower middle income
LAO,WPR,Western Pacific,2009,63.79585544,755.136901855,120.0,1100.0,29.8,Lao PDR,4625.07173324518,3.46300411,30.0420311503825,6241642.0,Lower middle income
LAO,WPR,Western Pacific,2010,64.42237003,742.767333984,109.0,1100.0,29.2,Lao PDR,4946.10563678173,2.91154933,30.6468600890172,6334194.0,Lower middle income
LAO,WPR,Western Pacific,2011,65.03889894,730.975219727,73.0,1100.0,28.6,Lao PDR,5266.87866924206,1.94457507,31.2146877128668,6426590.0,Lower middle income
LAO,WPR,Western Pacific,2012,65.52691412,724.022033691,174.0,1100.0,28.2,Lao PDR,5608.96956337059,2.07637572,31.7422801040872,6518978.0,Lower middle income
LAO,WPR,Western Pacific,2013,65.9670211,722.520019531,125.0,1200.0,28.0,Lao PDR,5974.47368943414,2.39984965,32.2264033448341,6611385.0,Lower middle income
LAO,WPR,Western Pacific,2014,66.43037564,725.704650879,134.0,1200.0,27.9,Lao PDR,6341.2122967032,2.29845548,32.6638235172635,6703172.0,Lower middle income
LAO,WPR,Western Pacific,2015,66.87363139,721.266235352,80.0,1200.0,27.6,Lao PDR,6703.74124348885,2.45366454,33.1240204432199,6801645.0,Lower middle income
LAO,WPR,Western Pacific,2016,67.33210713,714.981384277,32.0,1200.0,27.4,Lao PDR,7063.25545347926,2.36087489,33.8267455533474,6908802.0,Lower middle income
LAO,WPR,Western Pacific,2017,67.7232745,709.449401855,21.0,1300.0,27.2,Lao PDR,7432.4596330485,2.52606821,34.5115346444216,7018147.0,Lower middle income
LAO,WPR,Western Pacific,2018,68.05389772,707.877319336,23.0,1300.0,27.2,Lao PDR,7775.08574451883,2.24630046,35.2050070032013,7128045.0,Lower middle income
LAO,WPR,Western Pacific,2019,68.35701918,704.548217773,11.0,1300.0,27.1,Lao PDR,8075.27502377003,2.60312223,35.9072880879451,7237636.0,Lower middle income
LAO,WPR,Western Pacific,2020,68.74340275,729.085510254,7.0,1300.0,28.1,Lao PDR,7995.59502527818,2.05965185,36.6185033569111,7346533.0,Lower middle income
LAO,WPR,Western Pacific,2021,68.23189407,687.095458984,6.0,1300.0,26.5,Lao PDR,8080.43553249923,2.74392009,37.338778268357,7453194.0,Lower middle income
LBN,EMR,Eastern Mediterranean,2000,75.71500924,502.745910645,0.0,0.0,17.2,Lebanon,11571.7326041085,10.82951355,86.0,4329340.0,Lower middle income
LBN,EMR,Eastern Mediterranean,2001,76.1562609,486.694610596,0.0,0.0,16.4,Lebanon,11817.9305012844,10.56254768,86.1451238111303,4401918.0,Lower middle income
LBN,EMR,Eastern Mediterranean,2002,76.55400992,467.811126709,0.0,0.0,15.6,Lebanon,12053.8341563826,9.28233719,86.2942846645228,4463504.0,Lower middle income
LBN,EMR,Eastern Mediterranean,2003,76.80310121,455.708435059,0.0,0.0,15.1,Lebanon,12272.3440677497,8.67109871,86.4475351790771,4525508.0,Lower middle income
LBN,EMR,Eastern Mediterranean,2004,77.0970413,444.822753906,0.0,0.0,14.7,Lebanon,12882.0757995163,7.99923086,86.6049279736931,4599279.0,Lower middle income
LBN,EMR,Eastern Mediterranean,2005,77.17133641,442.415374756,0.0,0.0,14.7,Lebanon,13024.6648924956,7.54867649,86.7665156672703,4671102.0,Lower middle income
LBN,EMR,Eastern Mediterranean,2006,76.79700172,435.59286499,0.0,0.0,14.5,Lebanon,13003.680803908,8.66057873,86.9323508787087,4751136.0,Lower middle income
LBN,EMR,Eastern Mediterranean,2007,77.46682627,433.226623535,0.0,0.0,14.4,Lebanon,13941.5614244767,8.55984211,87.1024862269079,4844118.0,Lower middle income
LBN,EMR,Eastern Mediterranean,2008,77.52542218,430.191589355,0.0,0.0,14.4,Lebanon,14955.1413563252,7.81751728,87.2769743307677,4925354.0,Lower middle income
LBN,EMR,Eastern Mediterranean,2009,77.79033646,424.324035645,0.0,0.0,14.3,Lebanon,16264.3506182706,7.0073576,87.4558678091878,4992287.0,Lower middle income
LBN,EMR,Eastern Mediterranean,2010,77.96731586,417.958251953,0.0,0.0,14.1,Lebanon,17390.7584012958,7.43864489,87.6392192810679,5041288.0,Lower middle income
LBN,EMR,Eastern Mediterranean,2011,77.97377185,420.889801025,0.0,0.0,14.2,Lebanon,17353.1960845294,8.17744446,87.8270813653079,5096020.0,Lower middle income
LBN,EMR,Eastern Mediterranean,2012,78.05803939,418.006469727,0.0,0.0,14.2,Lebanon,17323.3013764282,7.00420094,88.0195066808075,5235742.0,Lower middle income
LBN,EMR,Eastern Mediterranean,2013,78.16479469,414.555786133,0.0,0.0,14.2,Lebanon,16396.4969302163,7.06742191,88.2165478464663,5743436.0,Lower middle income
LBN,EMR,Eastern Mediterranean,2014,78.22558226,407.199188232,0.0,0.0,13.9,Lebanon,15205.873265402,7.52191401,88.4182574811842,6346990.0,Lower middle income
LBN,EMR,Eastern Mediterranean,2015,78.43741249,398.941589355,0.0,0.0,13.6,Lebanon,14980.020515614,7.41596651,88.6246882038608,6472469.0,Lower middle income
LBN,EMR,Eastern Mediterranean,2016,78.81840788,384.737487793,0.0,0.0,12.9,Lebanon,15572.3611739774,7.92344952,88.835892633396,6323060.0,Lower middle income
LBN,EMR,Eastern Mediterranean,2017,79.03043282,374.823242188,0.0,0.0,12.5,Lebanon,16128.5838196051,7.80357552,89.0519233886895,6160128.0,Lower middle income
LBN,EMR,Eastern Mediterranean,2018,79.36847038,365.503814697,0.0,0.0,12.1,Lebanon,16290.0516478592,8.07031727,89.272833088641,5984119.0,Lower middle income
LBN,EMR,Eastern Mediterranean,2019,79.28679608,366.422210693,0.0,0.0,12.1,Lebanon,15659.5661040012,8.68533897,89.4986743521503,5794594.0,Lower middle income
LBN,EMR,Eastern Mediterranean,2020,77.70116098,367.277923584,0.0,0.0,12.7,Lebanon,12507.4366368078,7.48221779,89.729499798117,5702398.0,Lower middle income
LBN,EMR,Eastern Mediterranean,2021,74.34207035,362.614624023,0.0,0.0,11.9,Lebanon,11599.7755083765,4.40006208,89.965362045441,5718122.0,Lower middle income
LBR,AFR,Africa,2000,53.27371266,608.500427246,5890.0,0.0,23.1,Liberia,1868.17975587618,2.69215393,43.7710042955819,2928117.0,Low income
LBR,AFR,Africa,2001,53.93145331,593.234680176,5713.0,0.0,22.6,Liberia,1867.11910921753,2.15581036,44.1509656015089,3015338.0,Low income
LBR,AFR,Africa,2002,53.66640831,613.651794434,5373.0,0.0,23.2,Liberia,1887.64601570733,2.16462922,44.566701526991,3094782.0,Low income
LBR,AFR,Africa,2003,53.6245833,579.720458984,4903.0,0.0,22.1,Liberia,1308.15090140274,2.51847482,45.0004573003041,3119532.0,Low income
LBR,AFR,Africa,2004,56.44158136,608.508911133,3789.0,0.0,23.0,Liberia,1326.53565502695,5.90509653,45.4344781497244,3156892.0,Low income
LBR,AFR,Africa,2005,57.55945739,582.608703613,3969.0,0.0,22.0,Liberia,1335.61728880785,6.69497347,45.8510093035277,3301015.0,Low income
LBR,AFR,Africa,2006,58.56299111,589.313659668,3338.0,0.0,22.2,Liberia,1364.60347323709,5.77426577,46.2322959899902,3490787.0,Low income
LBR,AFR,Africa,2007,59.31134066,584.632995605,3157.0,0.0,22.1,Liberia,1422.10019670004,4.32884932,46.6104850769043,3669050.0,Low income
LBR,AFR,Africa,2008,59.75630294,588.582580566,3559.0,0.0,22.1,Liberia,1463.12408187297,5.99615717,47.1080497871025,3821003.0,Low income
LBR,AFR,Africa,2009,60.0506239,609.498474121,3173.0,0.0,23.0,Liberia,1492.99817384053,8.98514843,47.6245255922562,3943028.0,Low income
LBR,AFR,Africa,2010,60.3582726,624.04083252,2750.0,0.0,23.6,Liberia,1538.85083488512,8.43860245,48.1407517057907,4058890.0,Low income
LBR,AFR,Africa,2011,60.73430361,643.601013184,3029.0,0.0,24.1,Liberia,1601.03374045996,8.58399582,48.6583302770849,4221178.0,Low income
LBR,AFR,Africa,2012,61.08289847,632.31817627,2952.0,0.0,23.7,Liberia,1668.97289588776,7.62987185,49.1773247639526,4373043.0,Low income
LBR,AFR,Africa,2013,61.38474407,610.249755859,2951.0,0.0,22.9,Liberia,1774.5205777394,7.15610409,49.6977986242077,4470239.0,Low income
LBR,AFR,Africa,2014,58.11259758,572.798339844,3295.0,0.0,22.6,Liberia,1750.1438489328,8.09817886,50.2198153156642,4564293.0,Low income
LBR,AFR,Africa,2015,60.37754989,588.683288574,3423.0,0.0,22.7,Liberia,1714.09047960464,10.38244438,50.7434382961363,4659431.0,Low income
LBR,AFR,Africa,2016,62.21305435,591.229858398,3984.0,0.0,22.5,Liberia,1653.31050211233,9.88514519,51.2687310234384,4755608.0,Low income
LBR,AFR,Africa,2017,62.62958569,588.591308594,4383.0,0.0,22.4,Liberia,1661.30290782171,9.91087437,51.7957569553849,4848925.0,Low income
LBR,AFR,Africa,2018,63.09159913,580.710632324,4482.0,0.0,22.0,Liberia,1647.97443793846,10.43527889,52.3245795497906,4944726.0,Low income
LBR,AFR,Africa,2019,63.44171284,584.129943848,4407.0,0.0,22.0,Liberia,1575.76665001238,8.38325977,52.85526226447,5043721.0,Low income
LBR,AFR,Africa,2020,63.45657848,585.968261719,4628.0,0.0,22.4,Liberia,1497.37692436272,12.90504265,53.3878685572381,5149463.0,Low income
LBR,AFR,Africa,2021,63.45730846,565.905883789,3902.0,0.0,22.0,Liberia,1539.20892304674,13.27175999,53.9224618859098,5259323.0,Low income
LBY,EMR,Eastern Mediterranean,2000,74.0447285,504.739257813,0.0,500.0,20.0,Libya,17747.0188855832,3.31908512,86.9508513726842,5305021.0,Upper middle income
LBY,EMR,Eastern Mediterranean,2001,73.7423441,531.581420898,0.0,500.0,20.9,Libya,17115.9888564264,3.92571616,87.3194455877457,5403639.0,Upper middle income
LBY,EMR,Eastern Mediterranean,2002,73.4501765,545.109313965,0.0,500.0,21.2,Libya,16629.4364346005,4.73818302,87.6256192750746,5508410.0,Upper middle income
LBY,EMR,Eastern Mediterranean,2003,73.51059338,549.522583008,0.0,500.0,21.4,Libya,18422.7336032405,3.97301245,87.8659880500458,5619398.0,Upper middle income
LBY,EMR,Eastern Mediterranean,2004,73.84878468,534.848449707,0.0,500.0,20.9,Libya,18851.2039109963,3.38328195,88.0371675280346,5736693.0,Upper middle income
LBY,EMR,Eastern Mediterranean,2005,74.01467345,538.424499512,0.0,500.0,20.9,Libya,20649.4624580172,2.51707149,88.135773324416,5858798.0,Upper middle income
LBY,EMR,Eastern Mediterranean,2006,74.61102298,512.886352539,0.0,500.0,20.1,Libya,21545.2986384419,2.29996443,88.1599560242948,5980211.0,Upper middle income
LBY,EMR,Eastern Mediterranean,2007,74.50020642,527.407653809,0.0,500.0,20.6,Libya,22422.0117594762,2.41929626,88.1560287475586,6104380.0,Upper middle income
LBY,EMR,Eastern Mediterranean,2008,74.20131986,543.561157227,0.0,500.0,20.7,Libya,21915.1976208274,2.24441886,88.1474456787109,6235430.0,Upper middle income
LBY,EMR,Eastern Mediterranean,2009,74.13441802,555.553771973,0.0,500.0,20.6,Libya,20518.9642412838,3.5828805,88.1345825195312,6366686.0,Upper middle income
LBY,EMR,Eastern Mediterranean,2010,74.11333,553.309387207,0.0,500.0,20.0,Libya,21115.5259846154,3.28064442,88.1177139282227,6497839.0,Upper middle income
LBY,EMR,Eastern Mediterranean,2011,71.43952101,573.498657227,0.0,500.0,20.6,Libya,10741.9206751908,4.01902008,88.0970458984375,6343203.0,Upper middle income
LBY,EMR,Eastern Mediterranean,2012,73.92406847,537.867126465,0.0,500.0,19.5,Libya,20601.0026641,3.95612097,88.0727920532227,6179328.0,Upper middle income
LBY,EMR,Eastern Mediterranean,2013,74.21873286,520.718688965,0.0,500.0,18.7,Libya,16557.500941665,4.97548628,88.0451431274414,6304628.0,Upper middle income
LBY,EMR,Eastern Mediterranean,2014,72.6011445,548.053894043,0.0,500.0,19.9,Libya,12499.0829968523,5.17777824,88.0142059326172,6427252.0,Upper middle income
LBY,EMR,Eastern Mediterranean,2015,72.65332031,551.724975586,0.0,500.0,20.4,Libya,12195.3486990421,5.80638647,87.8159103393555,6531819.0,Upper middle income
LBY,EMR,Eastern Mediterranean,2016,72.63664308,562.469848633,0.0,500.0,20.9,Libya,11831.8257669559,6.17178679,87.8160056703177,6632126.0,Upper middle income
LBY,EMR,Eastern Mediterranean,2017,73.15169822,574.665161133,0.0,500.0,21.3,Libya,15428.1164411854,4.67685318,87.8166729870528,6738770.0,Upper middle income
LBY,EMR,Eastern Mediterranean,2018,73.52909525,577.305358887,0.0,500.0,21.4,Libya,16385.164476127,4.86648417,87.818484275334,6849055.0,Upper middle income
LBY,EMR,Eastern Mediterranean,2019,73.54365475,564.645996094,0.0,500.0,20.9,Libya,14337.1962987582,5.54773426,87.8220115209342,6951033.0,Upper middle income
LBY,EMR,Eastern Mediterranean,2020,72.64874878,561.057434082,0.0,500.0,20.7,Libya,9978.66400110743,7.10674047,87.8278267096263,7045399.0,Upper middle income
LBY,EMR,Eastern Mediterranean,2021,72.17844009,531.015014648,0.0,500.0,19.8,Libya,12641.5097714075,6.05457449,87.8365018271835,7135175.0,Upper middle income
LCA,AMR,Americas,2000,73.2192679,587.553344727,0.0,100.0,20.5,St. Lucia,18818.8855989431,4.86549902,27.8532282391838,158616.0,Upper middle income
LCA,AMR,Americas,2001,73.33798376,582.927185059,0.0,100.0,20.2,St. Lucia,17993.6372662268,5.12139463,27.5160334778671,160237.0,Upper middle income
LCA,AMR,Americas,2002,73.50932526,567.393249512,0.0,100.0,19.4,St. Lucia,17911.6297765068,5.38887024,26.9383251458178,161641.0,Upper middle income
LCA,AMR,Americas,2003,73.77614845,560.006958008,0.0,100.0,19.2,St. Lucia,18522.5129630157,5.24069643,26.0119584764195,162976.0,Upper middle income
LCA,AMR,Americas,2004,73.99518133,542.305480957,0.0,100.0,19.0,St. Lucia,19715.8297745985,4.76760817,24.8459172882296,164239.0,Upper middle income
LCA,AMR,Americas,2005,74.35093561,530.37677002,0.0,100.0,18.9,St. Lucia,19491.2182260584,4.86039829,23.5419158996884,165450.0,Upper middle income
LCA,AMR,Americas,2006,74.71126509,519.769836426,0.0,100.0,18.6,St. Lucia,20551.0599501307,5.1270175,22.2016686292365,166639.0,Upper middle income
LCA,AMR,Americas,2007,75.22231763,487.76449585,0.0,100.0,17.8,St. Lucia,20759.3043872305,5.54166603,20.9268897953144,167758.0,Upper middle income
LCA,AMR,Americas,2008,75.53396399,482.969451904,0.0,100.0,17.5,St. Lucia,21651.233776084,5.09061956,19.8192937163625,168808.0,Upper middle income
LCA,AMR,Americas,2009,75.83775931,460.709686279,0.0,100.0,17.2,St. Lucia,20907.3343580129,5.24410772,18.9805947108213,169869.0,Upper middle income
LCA,AMR,Americas,2010,76.00781498,445.366882324,0.0,100.0,16.9,St. Lucia,20849.0551242245,5.05056047,18.5125070971313,170906.0,Upper middle income
LCA,AMR,Americas,2011,76.24846107,426.590423584,0.0,100.0,16.3,St. Lucia,21637.8686925992,5.06134319,18.4743479557314,171801.0,Upper middle income
LCA,AMR,Americas,2012,76.39869599,434.06036377,0.0,100.0,16.5,St. Lucia,21515.89963362,4.92510271,18.6193081275177,172587.0,Upper middle income
LCA,AMR,Americas,2013,76.18455493,437.578491211,0.0,100.0,16.3,St. Lucia,21029.2888872138,5.07107592,18.9258370999948,173369.0,Upper middle income
LCA,AMR,Americas,2014,76.28411905,435.447967529,0.0,100.0,16.2,St. Lucia,21214.4773346334,4.6836338,19.3915445904726,174138.0,Upper middle income
LCA,AMR,Americas,2015,76.39243252,439.770751953,0.0,100.0,16.3,St. Lucia,21142.9733304366,4.57866001,20.0204288176073,174905.0,Upper middle income
LCA,AMR,Americas,2016,76.20059158,452.38293457,0.0,100.0,16.5,St. Lucia,21775.4737658629,4.51095486,20.8164880000551,175646.0,Upper middle income
LCA,AMR,Americas,2017,76.138896,454.225097656,0.0,100.0,16.4,St. Lucia,22422.5970388018,4.45561934,21.783720356472,176342.0,Upper middle income
LCA,AMR,Americas,2018,76.11272762,454.497741699,0.0,100.0,16.3,St. Lucia,22981.9179294013,4.27262402,22.9261241055144,177017.0,Upper middle income
LCA,AMR,Americas,2019,76.11613744,457.610321045,0.0,100.0,16.2,St. Lucia,22738.2471068581,4.290905,24.2476974658382,177661.0,Upper middle income
LCA,AMR,Americas,2020,75.63349527,466.690124512,0.0,100.0,16.4,St. Lucia,17142.044063192,7.01033401,25.7524386560998,178250.0,Upper middle income
LCA,AMR,Americas,2021,71.1130421,466.605834961,0.0,100.0,15.5,St. Lucia,19101.1652956675,6.26193285,27.4443458949551,178522.0,Upper middle income
LKA,SEAR,South-East Asia,2000,71.51130083,606.537536621,77.0,500.0,22.5,Sri Lanka,6428.61341890463,4.10818672,14.6196895000898,19293054.0,Lower middle income
LKA,SEAR,South-East Asia,2001,72.65351771,573.77520752,52.0,500.0,21.2,Sri Lanka,6230.03051864853,4.05662823,14.5739539539707,19600362.0,Lower middle income
LKA,SEAR,South-East Asia,2002,73.3381305,563.089477539,30.0,500.0,20.5,Sri Lanka,6409.86278893446,4.03715754,14.6107836754127,19805752.0,Lower middle income
LKA,SEAR,South-East Asia,2003,73.36803088,569.84387207,4.0,500.0,20.7,Sri Lanka,6741.01248849424,3.64646697,14.7256630416211,19951521.0,Lower middle income
LKA,SEAR,South-East Asia,2004,69.11941478,559.797485352,1.0,500.0,20.1,Sri Lanka,7059.91098068568,4.03912592,14.9130061059922,20087605.0,Lower middle income
LKA,SEAR,South-East Asia,2005,73.48476487,578.649658203,0.0,500.0,20.9,Sri Lanka,7452.74234124518,3.87908745,15.167273918248,20216524.0,Lower middle income
LKA,SEAR,South-East Asia,2006,73.35813965,575.734069824,1.0,500.0,20.1,Sri Lanka,7970.66491021045,3.85019565,15.4829275281105,20352411.0,Lower middle income
LKA,SEAR,South-East Asia,2007,73.81640208,560.725097656,1.0,500.0,19.3,Sri Lanka,8454.2067533326,3.82258177,15.8544279853018,20492545.0,Lower middle income
LKA,SEAR,South-East Asia,2008,73.1378661,560.586975098,0.0,500.0,19.2,Sri Lanka,8897.82686006864,3.85482955,16.2762363395441,20629378.0,Lower middle income
LKA,SEAR,South-East Asia,2009,72.41934945,549.415161133,0.0,500.0,18.7,Sri Lanka,9156.31906483165,4.05676842,16.7428136405592,20756435.0,Lower middle income
LKA,SEAR,South-East Asia,2010,74.13617419,526.108581543,0.0,500.0,18.2,Sri Lanka,9832.18622338643,3.7414515,17.2486209380693,20879089.0,Lower middle income
LKA,SEAR,South-East Asia,2011,74.95837466,531.366943359,0.0,500.0,18.3,Sri Lanka,10618.4926000405,3.5819521,17.7881192817964,21009048.0,Lower middle income
LKA,SEAR,South-East Asia,2012,75.63306733,517.483032227,0.0,500.0,17.6,Sri Lanka,11447.6937738135,3.30659294,18.2617686748284,21169458.0,Lower middle income
LKA,SEAR,South-East Asia,2013,75.82006448,519.022705078,0.0,500.0,17.5,Sri Lanka,12249.7223348096,3.69365358,18.4323136480916,20585000.0,Lower middle income
LKA,SEAR,South-East Asia,2014,76.17612763,510.105010986,0.0,500.0,17.2,Sri Lanka,12909.9663068885,3.46786141,18.6153877203724,20778000.0,Lower middle income
LKA,SEAR,South-East Asia,2015,76.44590803,501.493560791,0.0,500.0,16.9,Sri Lanka,13329.7793438947,3.6826396,18.796256612131,20970000.0,Lower middle income
LKA,SEAR,South-East Asia,2016,76.7665914,482.61227417,0.0,500.0,16.4,Sri Lanka,13845.6146782368,3.61788416,18.9747679368162,21209000.0,Lower middle income
LKA,SEAR,South-East Asia,2017,76.91196371,474.952087402,0.0,500.0,16.2,Sri Lanka,14572.4858214565,3.33093429,19.1507693078088,21453000.0,Lower middle income
LKA,SEAR,South-East Asia,2018,77.17579214,464.80581665,0.0,500.0,16.0,Sri Lanka,14759.8248945765,3.6418879,19.3241083384127,21670000.0,Lower middle income
LKA,SEAR,South-East Asia,2019,77.45083261,448.195892334,0.0,500.0,15.6,Sri Lanka,14637.44429132,3.70119572,19.4946326418437,21803000.0,Lower middle income
LKA,SEAR,South-East Asia,2020,80.65621609,334.726867676,0.0,500.0,12.0,Sri Lanka,13886.6513728651,4.27431631,19.6621898312161,21919000.0,Lower middle income
LKA,SEAR,South-East Asia,2021,77.22895472,405.383087158,0.0,500.0,13.9,Sri Lanka,14316.1352225683,5.19427729,19.8266275195269,22156000.0,Lower middle income
LSO,AFR,Africa,2000,47.38127672,689.333557129,0.0,27000.0,23.6,Lesotho,1932.15793223415,5.15633392,19.3273988558381,2003913.0,Lower middle income
LSO,AFR,Africa,2001,47.97132353,612.659973145,0.0,26000.0,22.7,Lesotho,2004.03350215955,6.59075689,19.8975236019886,2000853.0,Lower middle income
LSO,AFR,Africa,2002,47.82881329,654.592651367,0.0,26000.0,23.6,Lesotho,2024.78727304864,5.8607502,20.4926272688562,1994679.0,Lower middle income
LSO,AFR,Africa,2003,45.64538324,723.946716309,0.0,26000.0,25.6,Lesotho,2127.37302160132,5.33754826,21.1231084926925,1985059.0,Lower middle income
LSO,AFR,Africa,2004,43.80676222,732.921813965,0.0,26000.0,26.3,Lesotho,2178.66474674332,5.24658537,21.7993659097494,1971129.0,Lower middle income
LSO,AFR,Africa,2005,42.6642992,792.963989258,0.0,25000.0,28.9,Lesotho,2275.01614419256,4.67452669,22.5317981562788,1953076.0,Lower middle income
LSO,AFR,Africa,2006,42.3928282,840.758850098,0.0,25000.0,30.4,Lesotho,2381.02024562073,5.40532398,23.3329886243114,1945063.0,Lower middle income
LSO,AFR,Africa,2007,43.88764108,875.682556152,0.0,24000.0,31.2,Lesotho,2470.31462127885,7.22251844,24.2187949905661,1953268.0,Lower middle income
LSO,AFR,Africa,2008,45.90439498,817.157165527,0.0,24000.0,29.7,Lesotho,2589.16635854686,7.66648197,25.1966303659683,1966541.0,Lower middle income
LSO,AFR,Africa,2009,47.42048599,804.831665039,0.0,22000.0,29.2,Lesotho,2538.19341751854,8.9529829,26.2591028264855,1980883.0,Lower middle income
LSO,AFR,Africa,2010,48.56510587,963.849975586,0.0,19000.0,34.5,Lesotho,2651.37804898226,7.4048481,27.4004815007995,1996251.0,Lower middle income
LSO,AFR,Africa,2011,49.10182257,985.060180664,0.0,18000.0,35.2,Lesotho,2749.31958166573,8.99487114,28.6150355175921,2014009.0,Lower middle income
LSO,AFR,Africa,2012,49.02029182,885.782043457,0.0,17000.0,31.4,Lesotho,2894.22705048142,9.98601341,29.8970340055453,2034354.0,Lower middle income
LSO,AFR,Africa,2013,48.96059544,933.593811035,0.0,17000.0,33.3,Lesotho,2914.37515966739,10.97986031,31.2407460933407,2056504.0,Lower middle income
LSO,AFR,Africa,2014,48.68389714,1013.887390137,0.0,15000.0,36.5,Lesotho,2930.61724036206,9.98823929,32.6404409096604,2080089.0,Lower middle income
LSO,AFR,Africa,2015,48.83813559,1048.284545898,0.0,13000.0,38.0,Lesotho,2986.95866729879,9.25280476,34.0903875831861,2104611.0,Lower middle income
LSO,AFR,Africa,2016,49.94866988,1046.541259766,0.0,11000.0,38.0,Lesotho,3057.26091568162,9.19744301,35.5077950709441,2130422.0,Lower middle income
LSO,AFR,Africa,2017,51.05416565,1021.049682617,0.0,9100.0,36.9,Lesotho,2924.68096193272,10.52956581,36.5283648068846,2157110.0,Lower middle income
LSO,AFR,Africa,2018,51.60129602,1024.651977539,0.0,7400.0,36.9,Lesotho,2846.41828124649,11.12637329,37.569092747415,2183603.0,Lower middle income
LSO,AFR,Africa,2019,51.77851899,1026.56628418,0.0,6600.0,36.9,Lesotho,2773.28639887236,21.92373085,38.6040920446259,2209405.0,Lower middle income
LSO,AFR,Africa,2020,51.85352687,1012.636962891,0.0,5800.0,37.5,Lesotho,2517.11044486593,10.40836906,39.6329305425532,2235727.0,Lower middle income
LSO,AFR,Africa,2021,51.47907482,934.700561523,0.0,4800.0,36.3,Lesotho,2544.78249551214,10.66165733,40.6551760851997,2261542.0,Lower middle income
LTU,EUR,Europe,2000,71.99825868,636.604553223,0.0,200.0,24.2,Lithuania,15771.4269595328,6.18559313,66.9768374826555,3499536.0,High income
LTU,EUR,Europe,2001,71.51538807,659.271118164,0.0,200.0,24.5,Lithuania,16933.0225490496,6.00193262,66.9286097501613,3470818.0,High income
LTU,EUR,Europe,2002,71.6891841,656.867858887,0.0,200.0,24.6,Lithuania,18216.5452581272,6.13477659,66.8887100219727,3443067.0,High income
LTU,EUR,Europe,2003,71.84648999,647.556213379,0.0,200.0,24.5,Lithuania,20302.9848798403,6.17724085,66.7596664428711,3415213.0,High income
LTU,EUR,Europe,2004,71.87471415,647.205749512,0.0,500.0,24.9,Lithuania,21867.2861464791,5.48347187,66.6022567749023,3377075.0,High income
LTU,EUR,Europe,2005,71.1036825,672.959289551,0.0,500.0,25.8,Lithuania,23944.7019948719,5.64637566,66.5784912109375,3322528.0,High income
LTU,EUR,Europe,2006,70.89301238,691.155090332,0.0,500.0,26.5,Lithuania,26129.3392566938,5.85725737,66.6381530761719,3269909.0,High income
LTU,EUR,Europe,2007,70.61092139,700.165222168,0.0,500.0,26.7,Lithuania,29370.7739737176,5.75978613,66.7184982299805,3231294.0,High income
LTU,EUR,Europe,2008,71.62596428,660.494567871,0.0,500.0,25.2,Lithuania,30445.7809464936,6.29010201,66.7527770996094,3198231.0,High income
LTU,EUR,Europe,2009,72.78267615,621.453796387,0.0,500.0,24.4,Lithuania,26217.5449293891,7.34499836,66.7816619873047,3162916.0,High income
LTU,EUR,Europe,2010,73.07761938,617.565307617,0.0,500.0,23.7,Lithuania,26887.4913057701,6.9058671,66.7712860107422,3097282.0,High income
LTU,EUR,Europe,2011,73.54804338,597.104003906,0.0,500.0,23.7,Lithuania,29240.7487851392,6.54017687,66.7518340055756,3028115.0,High income
LTU,EUR,Europe,2012,73.83806492,583.095031738,0.0,500.0,22.9,Lithuania,30920.330402208,6.30798101,66.8536758422852,2989139.0,High income
LTU,EUR,Europe,2013,73.86695735,578.242736816,0.0,500.0,22.2,Lithuania,32474.6413533554,6.15501022,67.0092086791992,2961250.0,High income
LTU,EUR,Europe,2014,74.49843919,556.825012207,0.0,500.0,21.4,Lithuania,33975.0843756963,6.22244453,67.1514937628023,2937253.0,High income
LTU,EUR,Europe,2015,74.36612877,572.937988281,0.0,500.0,22.2,Lithuania,35251.2986931775,6.47396851,67.2282485961914,2911109.0,High income
LTU,EUR,Europe,2016,74.70145984,557.652770996,0.0,500.0,21.4,Lithuania,36618.1468417838,6.64928818,67.1894226074219,2877325.0,High income
LTU,EUR,Europe,2017,75.48786469,535.513305664,0.0,200.0,19.9,Lithuania,38774.4892011822,6.44472837,67.1012954711914,2842639.0,High income
LTU,EUR,Europe,2018,75.75173506,524.27130127,0.0,200.0,19.9,Lithuania,41019.7901632878,6.46896172,67.1464742010457,2819200.0,High income
LTU,EUR,Europe,2019,76.24761609,506.315826416,0.0,200.0,19.8,Lithuania,43062.3228425315,6.94472647,67.245735168457,2811089.0,High income
LTU,EUR,Europe,2020,74.89538008,546.937744141,0.0,200.0,20.7,Lithuania,43091.7973723526,7.41619062,67.4254608154297,2810369.0,High income
LTU,EUR,Europe,2021,74.13314711,534.463623047,0.0,200.0,19.8,Lithuania,45873.5273239486,7.73210812,68.1912117004395,2808380.0,High income
LUX,EUR,Europe,2000,78.4163246,434.728881836,0.0,100.0,15.0,Luxembourg,114141.585295622,5.92533875,84.4182155177842,436300.0,High income
LUX,EUR,Europe,2001,78.61781312,425.778167725,0.0,100.0,14.7,Luxembourg,116258.426812926,6.38193941,84.8173254067976,441525.0,High income
LUX,EUR,Europe,2002,78.80641336,415.741699219,0.0,100.0,14.2,Luxembourg,118757.530526236,6.76099968,85.203425653095,446175.0,High income
LUX,EUR,Europe,2003,79.03207074,407.007629395,0.0,100.0,13.8,Luxembourg,120396.257843179,6.96221447,85.5906295073034,451630.0,High income
LUX,EUR,Europe,2004,79.25868688,403.901824951,0.0,100.0,13.6,Luxembourg,123720.261499488,7.2793355,85.9799097226846,458095.0,High income
LUX,EUR,Europe,2005,79.5758462,392.93939209,0.0,100.0,13.3,Luxembourg,124866.858810412,7.12328196,86.3735649102561,465158.0,High income
LUX,EUR,Europe,2006,79.91412753,379.767669678,0.0,100.0,12.7,Luxembourg,130284.96750238,6.6364212,86.7738936810355,472637.0,High income
LUX,EUR,Europe,2007,80.26355488,367.081573486,0.0,100.0,12.1,Luxembourg,138677.965491876,6.15803099,87.1831946460401,479993.0,High income
LUX,EUR,Europe,2008,80.56515483,358.192138672,0.0,100.0,11.9,Luxembourg,135812.22230327,6.23101091,87.6037664162874,488650.0,High income
LUX,EUR,Europe,2009,80.92194389,342.52722168,0.0,100.0,11.6,Luxembourg,129002.240187517,6.94993162,88.0379076027949,497783.0,High income
LUX,EUR,Europe,2010,81.17521457,336.175170898,0.0,100.0,11.5,Luxembourg,131432.059616316,6.66263008,88.48791681658,506953.0,High income
LUX,EUR,Europe,2011,81.39260196,328.875976563,0.0,100.0,11.1,Luxembourg,129885.369760706,5.95225334,88.9562814837254,518347.0,High income
LUX,EUR,Europe,2012,81.56608895,324.794586182,0.0,100.0,10.6,Luxembourg,128895.405145048,5.29404306,89.4405768017292,530946.0,High income
LUX,EUR,Europe,2013,81.87819611,316.662689209,0.0,100.0,10.2,Luxembourg,129945.453783621,5.23557377,89.9413746679705,543360.0,High income
LUX,EUR,Europe,2014,82.1608587,306.088653564,0.0,100.0,9.9,Luxembourg,130247.661687069,5.23040915,90.4577807676859,556319.0,High income
LUX,EUR,Europe,2015,82.3849065,301.937072754,0.0,100.0,9.6,Luxembourg,130097.2561798,5.08113575,90.9893679353068,569604.0,High income
LUX,EUR,Europe,2016,82.55544194,297.222106934,0.0,100.0,9.3,Luxembourg,133661.649729132,5.07103872,91.5357090052649,582014.0,High income
LUX,EUR,Europe,2017,82.70166924,293.583984375,0.0,100.0,9.2,Luxembourg,132169.834045368,5.13535357,92.0963768119916,596336.0,High income
LUX,EUR,Europe,2018,82.81654634,288.48916626,0.0,100.0,8.9,Luxembourg,131733.8846493,5.27355194,92.6709441899184,607950.0,High income
LUX,EUR,Europe,2019,82.80168339,288.628112793,0.0,100.0,8.6,Luxembourg,132724.752743888,5.46640301,93.2589839734767,620001.0,High income
LUX,EUR,Europe,2020,82.82955161,258.34777832,0.0,100.0,8.1,Luxembourg,129865.629988164,5.7671175,93.8600689970981,630419.0,High income
LUX,EUR,Europe,2021,82.78028566,263.710601807,0.0,100.0,7.8,Luxembourg,136772.443753292,5.60806084,94.5861743396533,640064.0,High income
LVA,EUR,Europe,2000,70.21458573,726.200622559,0.0,590.0,28.0,Latvia,14554.2131724037,5.57169294,68.0520561441955,2367550.0,High income
LVA,EUR,Europe,2001,69.80978592,752.750915527,0.0,580.0,29.1,Latvia,15695.906718153,5.89092207,68.0163660524785,2337170.0,High income
LVA,EUR,Europe,2002,70.10625692,737.260192871,0.0,580.0,29.0,Latvia,17096.5594440255,5.95477772,67.9813450702046,2310173.0,High income
LVA,EUR,Europe,2003,70.55494078,736.532165527,0.0,580.0,28.3,Latvia,18717.6675525538,5.73644829,67.9493840506358,2287955.0,High income
LVA,EUR,Europe,2004,70.8139625,729.163513184,0.0,580.0,28.2,Latvia,20574.118201251,6.47518539,67.9206702831277,2263122.0,High income
LVA,EUR,Europe,2005,70.49159571,741.722229004,0.0,580.0,28.5,Latvia,23213.3539355881,6.08161736,67.8953910570353,2238799.0,High income
LVA,EUR,Europe,2006,70.37307271,749.09362793,0.0,570.0,29.1,Latvia,26431.8140222767,6.02127075,67.873733661714,2218357.0,High income
LVA,EUR,Europe,2007,70.75226957,744.193054199,0.0,570.0,28.7,Latvia,29423.7371235063,5.81969213,67.8558853865191,2200325.0,High income
LVA,EUR,Europe,2008,71.85232762,691.381713867,0.0,570.0,27.3,Latvia,28726.9722869522,5.86603212,67.8420335208058,2177322.0,High income
LVA,EUR,Europe,2009,72.66145576,660.704406738,0.0,550.0,26.1,Latvia,24520.6791475489,6.2683239,67.8323653539295,2141669.0,High income
LVA,EUR,Europe,2010,72.87994756,654.65814209,0.0,540.0,26.1,Latvia,24119.7307848939,6.22420359,67.8270681752453,2097555.0,High income
LVA,EUR,Europe,2011,73.67057625,615.00982666,0.0,520.0,25.2,Latvia,25308.7322074626,5.91758251,67.8266897008267,2059709.0,High income
LVA,EUR,Europe,2012,73.86536335,611.197814941,0.0,510.0,24.1,Latvia,27496.5454583635,5.62075043,67.8331638942219,2034319.0,High income
LVA,EUR,Europe,2013,74.12560449,594.382507324,0.0,500.0,23.6,Latvia,28375.1842887263,5.60404825,67.847334482933,2012647.0,High income
LVA,EUR,Europe,2014,74.4358747,578.644104004,0.0,500.0,23.3,Latvia,29243.7412502629,5.66363621,67.8686035364944,1993782.0,High income
LVA,EUR,Europe,2015,74.8108617,571.387023926,0.0,500.0,22.1,Latvia,30599.6133134147,5.84916782,67.8965395668259,1977527.0,High income
LVA,EUR,Europe,2016,74.95310955,565.895019531,0.0,500.0,22.1,Latvia,31668.5148442662,6.35184479,67.9307110858472,1959537.0,High income
LVA,EUR,Europe,2017,74.9627685,566.355163574,0.0,500.0,22.4,Latvia,33036.3915943437,6.18721867,67.9706866054779,1942248.0,High income
LVA,EUR,Europe,2018,75.05473366,566.108581543,0.0,500.0,22.2,Latvia,34729.7062763057,6.40854263,68.0160346376376,1927174.0,High income
LVA,EUR,Europe,2019,75.68490068,540.114013672,0.0,500.0,21.1,Latvia,35208.1934590859,6.86276913,68.066323694246,1913822.0,High income
LVA,EUR,Europe,2020,75.49885883,545.767822266,0.0,500.0,21.1,Latvia,34225.8976044058,7.50587368,68.1211222872228,1900449.0,High income
LVA,EUR,Europe,2021,73.20251724,595.787719727,0.0,500.0,22.7,Latvia,36912.0130602161,9.4105072,68.1808791463693,1884490.0,High income
MAR,EMR,Eastern Mediterranean,2000,70.19460372,628.645568848,0.0,1700.0,24.0,Morocco,5100.11572265625,3.69304585,53.58724711125,28423435.0,Lower middle income
MAR,EMR,Eastern Mediterranean,2001,70.45857649,623.737060547,0.0,1700.0,23.8,Morocco,5417.57861328125,3.81601191,53.8972613497219,28814643.0,Lower middle income
MAR,EMR,Eastern Mediterranean,2002,70.73932756,616.860839844,0.0,1800.0,23.5,Morocco,5544.07177734375,4.06117535,54.222745830177,29198142.0,Lower middle income
MAR,EMR,Eastern Mediterranean,2003,70.88040999,620.319213867,0.0,1700.0,23.6,Morocco,5810.05322265625,4.08037519,54.5782811140771,29571415.0,Lower middle income
MAR,EMR,Eastern Mediterranean,2004,71.03043411,621.947753906,0.0,1700.0,23.6,Morocco,5996.39013671875,4.23211098,54.9787569660869,29953018.0,Lower middle income
MAR,EMR,Eastern Mediterranean,2005,71.23383994,624.5,0.0,1700.0,23.6,Morocco,6103.42236328125,4.37350655,55.4397798676399,30358144.0,Lower middle income
MAR,EMR,Eastern Mediterranean,2006,71.42901619,624.745849609,0.0,1700.0,23.5,Morocco,6488.673828125,4.56586647,55.9627589629824,30771178.0,Lower middle income
MAR,EMR,Eastern Mediterranean,2007,71.60883866,626.444274902,0.0,1600.0,23.6,Morocco,6620.59033203125,4.80759001,56.5303841299064,31186468.0,Lower middle income
MAR,EMR,Eastern Mediterranean,2008,71.88491111,622.179870605,0.0,1600.0,23.3,Morocco,6901.95068359375,4.83789158,57.1254169272616,31606767.0,Lower middle income
MAR,EMR,Eastern Mediterranean,2009,72.16145438,619.390869141,0.0,1600.0,23.1,Morocco,7063.72705078125,5.27312183,57.7306189138977,32030778.0,Lower middle income
MAR,EMR,Eastern Mediterranean,2010,72.37286998,617.333007813,0.0,1500.0,22.9,Morocco,7210.63671875,5.41861057,58.3287516486646,32467016.0,Lower middle income
MAR,EMR,Eastern Mediterranean,2011,72.57738576,618.659912109,0.0,1500.0,22.9,Morocco,7503.79296875,5.37019396,58.902576690412,32912588.0,Lower middle income
MAR,EMR,Eastern Mediterranean,2012,72.78046277,617.673950195,0.0,1400.0,22.7,Morocco,7628.64404296875,5.39619017,59.4348555979895,33355241.0,Lower middle income
MAR,EMR,Eastern Mediterranean,2013,72.96566532,618.512329102,0.0,1300.0,22.6,Morocco,7839.0322265625,5.25540543,59.9083499302469,33787571.0,Lower middle income
MAR,EMR,Eastern Mediterranean,2014,73.12038211,620.166870117,0.0,1200.0,22.6,Morocco,7951.79833984375,5.41626596,60.3030486171654,34204780.0,Lower middle income
MAR,EMR,Eastern Mediterranean,2015,73.26259745,622.114318848,0.0,1200.0,22.7,Morocco,8198.80859375,5.10435581,60.6417124737154,34607588.0,Lower middle income
MAR,EMR,Eastern Mediterranean,2016,73.4071743,623.387939453,0.0,1200.0,22.6,Morocco,8141.9404296875,5.09203386,60.9657656537179,35023457.0,Lower middle income
MAR,EMR,Eastern Mediterranean,2017,73.53352195,624.198608398,0.0,1200.0,22.6,Morocco,8450.0087890625,4.98920393,61.2761057031842,35446392.0,Lower middle income
MAR,EMR,Eastern Mediterranean,2018,73.60592779,626.166809082,0.0,1200.0,22.7,Morocco,8611.75,4.94516659,61.5695822753314,35839760.0,Lower middle income
MAR,EMR,Eastern Mediterranean,2019,73.7488551,624.096496582,0.0,1200.0,22.6,Morocco,8768.17578125,5.020401,61.8430450233765,36210898.0,Lower middle income
MAR,EMR,Eastern Mediterranean,2020,72.50615909,631.812805176,0.0,1200.0,22.6,Morocco,8054.56298828125,5.78939486,62.0933436005366,36584208.0,Lower middle income
MAR,EMR,Eastern Mediterranean,2021,72.61868352,610.39074707,0.0,1200.0,22.0,Morocco,8623.265625,5.45314503,62.3173276600289,36954442.0,Lower middle income
MDA,EUR,Europe,2000,65.65922366,1093.35546875,0.0,2500.0,36.1,Moldova,5727.07922525352,5.92687273,40.4185981750488,2924668.0,Upper middle income
MDA,EUR,Europe,2001,66.20689138,1054.130859375,0.0,2500.0,34.3,Moldova,6090.03474356112,6.23449755,39.6744270324707,2918135.0,Upper middle income
MDA,EUR,Europe,2002,66.13288732,1090.889648438,0.0,2500.0,35.3,Moldova,6580.27841436838,7.40437651,39.620719909668,2911385.0,Upper middle income
MDA,EUR,Europe,2003,66.19700504,1096.339355469,0.0,2500.0,35.3,Moldova,7034.35784911687,7.02227592,39.5945358276367,2903198.0,Upper middle income
MDA,EUR,Europe,2004,66.63893532,1039.522705078,0.0,2400.0,34.6,Moldova,7573.6178454751,8.97114944,39.4460945129395,2896023.0,Upper middle income
MDA,EUR,Europe,2005,65.99301769,1102.205932617,0.0,2300.0,35.6,Moldova,8161.47344724765,9.55814838,39.3704032897949,2888985.0,Upper middle income
MDA,EUR,Europe,2006,66.7168869,1025.934814453,0.0,2300.0,34.4,Moldova,8577.02858037286,10.54445267,39.2182388305664,2880967.0,Upper middle income
MDA,EUR,Europe,2007,67.22688687,975.897216797,0.0,2200.0,33.0,Moldova,8854.83397616724,11.02066803,39.4315032958984,2874299.0,Upper middle income
MDA,EUR,Europe,2008,67.81121548,929.214233398,0.0,2100.0,31.8,Moldova,9563.69814290939,10.94920063,39.3710708618164,2868833.0,Upper middle income
MDA,EUR,Europe,2009,68.02716399,918.151611328,0.0,2000.0,31.9,Moldova,9001.23432081622,13.6766243,39.3255348205566,2865213.0,Upper middle income
MDA,EUR,Europe,2010,67.76693165,929.058166504,0.0,1900.0,31.8,Moldova,9649.9509930271,10.13112831,39.2804946899414,2862354.0,Upper middle income
MDA,EUR,Europe,2011,69.82070445,812.182800293,0.0,1800.0,28.2,Moldova,10217.3087761255,9.09670353,39.3469161987305,2860699.0,Upper middle income
MDA,EUR,Europe,2012,70.25455299,784.402038574,0.0,1700.0,26.7,Moldova,10158.3854676883,9.13962078,39.3614196777344,2860324.0,Upper middle income
MDA,EUR,Europe,2013,71.32497048,730.588623047,0.0,1600.0,25.2,Moldova,11080.0634585341,8.68300343,39.4275512695312,2859558.0,Upper middle income
MDA,EUR,Europe,2014,71.10984715,738.038635254,0.0,1400.0,25.3,Moldova,11641.1208436577,8.73206043,39.6298484802246,2857815.0,Upper middle income
MDA,EUR,Europe,2015,71.14655162,739.544189453,0.0,1400.0,26.3,Moldova,11691.0797484184,8.50013351,39.6954040527344,2835978.0,Upper middle income
MDA,EUR,Europe,2016,71.84582325,695.384277344,0.0,1300.0,25.6,Moldova,12377.366678394,7.62106228,39.7373237609863,2803186.0,Upper middle income
MDA,EUR,Europe,2017,72.85856435,659.069030762,0.0,1200.0,24.0,Moldova,13118.8219369605,7.1278038,39.9736557006836,2755189.0,Upper middle income
MDA,EUR,Europe,2018,72.90339608,650.3671875,0.0,1100.0,24.1,Moldova,13895.5043655692,6.70760345,40.3258094787598,2707203.0,Upper middle income
MDA,EUR,Europe,2019,73.32010877,632.614379883,0.0,1000.0,24.0,Moldova,14621.2401362286,6.49662447,40.772289276123,2664224.0,Upper middle income
MDA,EUR,Europe,2020,72.14867013,640.674255371,0.0,990.0,23.7,Moldova,13559.2600217483,7.00484037,41.3368530273438,2635130.0,Upper middle income
MDA,EUR,Europe,2021,69.55780877,733.301757813,0.0,920.0,24.7,Moldova,15682.0703284653,7.7490406,41.8115425109863,2595809.0,Upper middle income
MDG,AFR,Africa,2000,58.73234782,753.483581543,2239.0,1100.0,29.4,Madagascar,1701.44320253582,3.99177623,25.0095755608264,16516338.0,Low income
MDG,AFR,Africa,2001,59.24814899,745.770202637,2747.0,1300.0,29.0,Madagascar,1748.50350929178,4.11513853,25.3079943968146,17032939.0,Low income
MDG,AFR,Africa,2002,59.4274793,756.837036133,2221.0,1600.0,29.5,Madagascar,1486.43429741771,4.92866945,25.6037489918904,17549913.0,Low income
MDG,AFR,Africa,2003,59.72543671,763.429199219,2917.0,2000.0,29.8,Madagascar,1584.74925232364,5.00276566,25.8967668078478,18071854.0,Low income
MDG,AFR,Africa,2004,60.11149963,764.374572754,2062.0,2300.0,29.8,Madagascar,1620.11953793293,5.25090027,26.1869753064804,18606608.0,Low income
MDG,AFR,Africa,2005,60.67184175,750.71887207,1638.0,2800.0,29.2,Madagascar,1648.17631554009,5.21557808,26.4743019495822,19159707.0,Low income
MDG,AFR,Africa,2006,61.19063264,742.87902832,1647.0,3100.0,28.8,Madagascar,1686.86335460016,5.07203865,26.7586741989468,19730909.0,Low income
MDG,AFR,Africa,2007,61.67182144,729.12713623,1540.0,3500.0,28.3,Madagascar,1731.61751794976,4.60865784,27.0400195163682,20318583.0,Low income
MDG,AFR,Africa,2008,62.01528236,723.764953613,1546.0,3800.0,28.0,Madagascar,1794.40235887329,4.08111811,27.31826536364,20923840.0,Low income
MDG,AFR,Africa,2009,62.2488395,718.485839844,2373.0,4000.0,27.9,Madagascar,1673.15551466723,4.38469839,27.5933392025561,21547280.0,Low income
MDG,AFR,Africa,2010,62.52359433,717.894287109,2441.0,4200.0,27.8,Madagascar,1635.24511473059,4.69762659,27.8651684949103,22183340.0,Low income
MDG,AFR,Africa,2011,62.75965875,715.668029785,2091.0,4300.0,27.7,Madagascar,1614.55137773785,4.521595,28.1336807024963,22822300.0,Low income
MDG,AFR,Africa,2012,62.96002316,702.856445313,4105.0,4400.0,27.2,Madagascar,1617.79082882481,3.91105914,28.3988032871081,23462438.0,Low income
MDG,AFR,Africa,2013,63.11657152,701.566833496,3795.0,4700.0,27.0,Madagascar,1610.6023078966,3.75156307,28.6604637105393,24109290.0,Low income
MDG,AFR,Africa,2014,63.22596923,705.688781738,3048.0,5000.0,27.2,Madagascar,1620.357889066,4.46240282,28.9185894345838,24764348.0,Low income
MDG,AFR,Africa,2015,63.35879155,696.757385254,6724.0,5200.0,26.8,Madagascar,1627.5806134224,5.0062542,29.1731079210354,25426702.0,Low income
MDG,AFR,Africa,2016,63.46510267,696.58984375,4088.0,5700.0,26.9,Madagascar,1648.91226979296,5.33248854,29.4239466316878,26099952.0,Low income
MDG,AFR,Africa,2017,63.57935928,691.786804199,5114.0,6200.0,26.6,Madagascar,1669.72764267278,4.80225945,29.671033028335,26788375.0,Low income
MDG,AFR,Africa,2018,63.71423448,692.574768066,4884.0,6700.0,26.5,Madagascar,1678.78623269491,4.22160387,29.9181125346909,27494926.0,Low income
MDG,AFR,Africa,2019,63.81664617,693.773803711,5004.0,7200.0,26.5,Madagascar,1707.83153830039,3.10129309,30.3046972370204,28219554.0,Low income
MDG,AFR,Africa,2020,63.07628383,715.739624023,10281.0,7900.0,27.0,Madagascar,1545.72714379204,3.72316122,30.7019474167548,28953556.0,Low income
MDG,AFR,Africa,2021,62.9342555,682.248291016,12640.0,8600.0,25.9,Madagascar,1577.43246056529,3.55335546,31.1137123216036,29691083.0,Low income
MDV,SEAR,South-East Asia,2000,69.82223985,762.772155762,0.0,100.0,29.9,Maldives,13738.2809408875,7.73655844,27.6038586493758,282019.0,Upper middle income
MDV,SEAR,South-East Asia,2001,70.45676102,751.438171387,0.0,100.0,29.1,Maldives,12977.9990665612,8.21364975,28.5499181889238,286767.0,Upper middle income
MDV,SEAR,South-East Asia,2002,71.06296933,741.355285645,0.0,100.0,28.0,Maldives,13689.8065561949,8.78440189,29.8881681908815,291616.0,Upper middle income
MDV,SEAR,South-East Asia,2003,71.62171461,738.242248535,0.0,100.0,27.2,Maldives,15316.1192814998,6.77857542,31.3913356462169,296491.0,Upper middle income
MDV,SEAR,South-East Asia,2004,71.34887566,715.462890625,0.0,100.0,25.4,Maldives,15958.6557759464,7.48356962,32.8541942827704,301413.0,Upper middle income
MDV,SEAR,South-East Asia,2005,72.865727,691.698242188,0.0,100.0,24.5,Maldives,13942.8753891662,8.82753372,34.0715178283824,306429.0,Upper middle income
MDV,SEAR,South-East Asia,2006,73.36205884,680.1171875,0.0,100.0,23.6,Maldives,16829.9768208157,8.04819012,34.8678636610379,313851.0,Upper middle income
MDV,SEAR,South-East Asia,2007,73.714686,668.525024414,0.0,100.0,22.8,Maldives,17439.9504862625,8.30568123,35.4340781469745,324479.0,Upper middle income
MDV,SEAR,South-East Asia,2008,74.09191071,651.257202148,0.0,100.0,22.2,Maldives,18344.4866455436,11.47104168,35.9335121678807,336170.0,Upper middle income
MDV,SEAR,South-East Asia,2009,74.43155141,635.194458008,0.0,100.0,21.5,Maldives,16230.0089361263,10.0928812,36.3718272129661,348275.0,Upper middle income
MDV,SEAR,South-East Asia,2010,74.73135148,624.75012207,0.0,100.0,20.7,Maldives,16730.0144200167,8.48758984,36.7646137762553,360792.0,Upper middle income
MDV,SEAR,South-East Asia,2011,75.10252928,608.00579834,0.0,100.0,19.8,Maldives,17581.7676697752,7.92251587,37.1274623517731,373674.0,Upper middle income
MDV,SEAR,South-East Asia,2012,75.84622735,563.732299805,0.0,100.0,18.6,Maldives,17390.1474995422,8.67304802,37.475963433544,386818.0,Upper middle income
MDV,SEAR,South-East Asia,2013,76.29978199,543.754821777,0.0,100.0,17.3,Maldives,17986.8907361645,8.15509319,37.8257075155926,400070.0,Upper middle income
MDV,SEAR,South-East Asia,2014,76.80961188,523.100585938,0.0,100.0,16.0,Maldives,18765.3592118344,7.91345072,38.1938859868107,413617.0,Upper middle income
MDV,SEAR,South-East Asia,2015,77.25297582,503.065155029,0.0,100.0,15.1,Maldives,18829.4481529112,8.68310642,38.5771510715291,428154.0,Upper middle income
MDV,SEAR,South-East Asia,2016,77.72035574,482.551025391,0.0,100.0,14.2,Maldives,19345.1792343541,10.23337078,38.9560872317815,443308.0,Upper middle income
MDV,SEAR,South-East Asia,2017,78.16955603,464.359588623,0.0,100.0,13.6,Maldives,20036.7165354949,9.14948273,39.32787719143,458287.0,Upper middle income
MDV,SEAR,South-East Asia,2018,78.67792046,444.252563477,0.0,100.0,12.9,Maldives,21072.5805249694,7.2940383,39.6923354428279,473099.0,Upper middle income
MDV,SEAR,South-East Asia,2019,75.44939578,911.539916992,0.0,100.0,12.6,Maldives,21855.501224579,7.50238085,40.0492764783282,487731.0,Upper middle income
MDV,SEAR,South-East Asia,2020,76.1908817,886.975891113,0.0,100.0,11.2,Maldives,14242.9750701162,11.43943214,40.3985147902839,502118.0,Upper middle income
MDV,SEAR,South-East Asia,2021,75.39664085,824.317687988,0.0,100.0,9.0,Maldives,19052.6224904311,8.85169506,40.7398648710483,516154.0,Upper middle income
MEX,AMR,Americas,2000,74.21831002,481.964477539,0.0,14000.0,17.0,Mexico,20470.4937646148,4.24436522,74.9203113970256,98625552.0,Upper middle income
MEX,AMR,Americas,2001,74.55106521,476.509277344,0.0,14000.0,16.7,Mexico,20078.2183908739,4.58201361,75.2907557567987,100099099.0,Upper middle income
MEX,AMR,Americas,2002,74.58875796,480.878723145,0.0,14000.0,17.1,Mexico,19744.7933653416,4.83042812,75.6840752828994,101548624.0,Upper middle income
MEX,AMR,Americas,2003,74.62788874,483.869812012,0.0,15000.0,17.1,Mexico,19701.4633876569,5.53978777,76.046170340551,102978515.0,Upper middle income
MEX,AMR,Americas,2004,75.04316184,473.045257568,0.0,15000.0,16.8,Mexico,20127.2242847772,5.6835022,76.3274397419019,104394131.0,Upper middle income
MEX,AMR,Americas,2005,74.92683948,480.974182129,0.0,16000.0,16.8,Mexico,20277.2552818503,5.58110142,76.4748624380269,105811504.0,Upper middle income
MEX,AMR,Americas,2006,75.33649525,465.279663086,0.0,16000.0,16.5,Mexico,20965.8256074046,5.40647888,76.4982455683657,107253666.0,Upper middle income
MEX,AMR,Americas,2007,75.52454869,462.5574646,0.0,16000.0,16.3,Mexico,21102.2688314629,5.50668049,76.5047326234761,108774360.0,Upper middle income
MEX,AMR,Americas,2008,75.08739804,478.479980469,0.0,17000.0,16.7,Mexico,20992.5602618229,5.44587374,76.5090428271033,110374288.0,Upper middle income
MEX,AMR,Americas,2009,75.14215277,470.836273193,0.0,17000.0,16.4,Mexico,19385.5437230088,5.84786463,76.5143930040295,111999721.0,Upper middle income
MEX,AMR,Americas,2010,74.95254484,482.586334229,0.0,18000.0,16.4,Mexico,20058.3854859755,5.4897337,76.5244441414713,113623895.0,Upper middle income
MEX,AMR,Americas,2011,75.42631561,463.225952148,0.0,18000.0,15.8,Mexico,20457.6001664624,5.30093002,76.5667802279537,115243504.0,Upper middle income
MEX,AMR,Americas,2012,75.6445679,458.909545898,0.0,18000.0,15.8,Mexico,20898.9357195292,5.42140484,76.6585199140734,116818208.0,Upper middle income
MEX,AMR,Americas,2013,75.92944746,453.34588623,0.0,19000.0,15.4,Mexico,20805.3480411912,5.5773263,76.7955768077952,118343573.0,Upper middle income
MEX,AMR,Americas,2014,75.90738439,460.172698975,0.0,19000.0,15.8,Mexico,21069.7661649129,5.35336781,76.9741367091766,119784261.0,Upper middle income
MEX,AMR,Americas,2015,75.93967708,463.32510376,0.0,19000.0,15.8,Mexico,21408.9283201493,5.52738619,77.1903854182753,121072306.0,Upper middle income
MEX,AMR,Americas,2016,75.76103333,466.616668701,0.0,20000.0,16.1,Mexico,21578.2633554092,5.38499022,77.4405087351486,122251351.0,Upper middle income
MEX,AMR,Americas,2017,75.87022362,456.675811768,0.0,20000.0,15.7,Mexico,21777.5225111982,5.3117938,77.7206924598541,123400057.0,Upper middle income
MEX,AMR,Americas,2018,75.91673747,446.854156494,0.0,20000.0,15.3,Mexico,21997.7730167472,5.23821402,78.0271223924494,124573711.0,Upper middle income
MEX,AMR,Americas,2019,75.8344286,449.543426514,0.0,21000.0,15.3,Mexico,21704.1859494071,5.3013463,78.355984332992,125762982.0,Upper middle income
MEX,AMR,Americas,2020,70.94625179,458.353851318,0.0,21000.0,16.7,Mexico,19728.4817823158,6.05248594,78.677960602824,126799054.0,Upper middle income
MEX,AMR,Americas,2021,70.83258685,455.399627686,0.0,21000.0,16.3,Mexico,20782.5877417545,5.87678003,78.9324007418057,127648148.0,Upper middle income
MKD,EUR,Europe,2000,72.94763036,738.750244141,0.0,100.0,25.7,North Macedonia,11988.2945978824,8.86991501,58.4918382392587,2026350.0,Upper middle income
MKD,EUR,Europe,2001,73.26733128,705.509887695,0.0,100.0,25.2,North Macedonia,11571.8592198944,8.3815918,58.0943199277127,2034882.0,Upper middle income
MKD,EUR,Europe,2002,72.91273812,755.748413086,0.0,100.0,25.8,North Macedonia,11830.3116732903,8.97826958,57.8726144171205,2020157.0,Upper middle income
MKD,EUR,Europe,2003,73.22933201,747.383056641,0.0,100.0,24.9,North Macedonia,12077.8990922494,9.00857735,57.8501791693323,2022725.0,Upper middle income
MKD,EUR,Europe,2004,73.62319794,724.680419922,0.0,100.0,24.0,North Macedonia,12683.4335090407,8.46505451,57.8527941292946,2016186.0,Upper middle income
MKD,EUR,Europe,2005,73.73592756,729.704589844,0.0,100.0,24.2,North Macedonia,13354.5165282625,7.67907524,57.8614206464767,2005330.0,Upper middle income
MKD,EUR,Europe,2006,73.8246386,713.627563477,0.0,100.0,24.6,North Macedonia,14118.2883359902,7.38314581,57.8796574341199,1994287.0,Upper middle income
MKD,EUR,Europe,2007,73.65892824,732.158752441,0.0,100.0,24.5,North Macedonia,15118.3063672461,6.57065344,57.9111032054655,1982933.0,Upper middle income
MKD,EUR,Europe,2008,74.31760094,696.653442383,0.0,100.0,23.4,North Macedonia,16038.1078627458,6.55317593,57.9593566737547,1971493.0,Upper middle income
MKD,EUR,Europe,2009,74.58841867,681.832702637,0.0,100.0,23.2,North Macedonia,16084.2946742803,6.52846384,58.0280165522288,1958782.0,Upper middle income
MKD,EUR,Europe,2010,74.84175417,667.028015137,0.0,100.0,22.7,North Macedonia,16731.1595676008,6.71369696,58.1206815541291,1946298.0,Upper middle income
MKD,EUR,Europe,2011,74.96127325,666.935668945,0.0,100.0,22.6,North Macedonia,17201.3074960957,6.51887369,58.2409503926967,1937398.0,Upper middle income
MKD,EUR,Europe,2012,74.93753664,674.81628418,0.0,100.0,21.9,North Macedonia,17190.0669173829,6.61468363,58.3924217811729,1929821.0,Upper middle income
MKD,EUR,Europe,2013,75.43073243,631.75579834,0.0,100.0,21.0,North Macedonia,17758.3012027338,6.71928358,58.578694432799,1922716.0,Upper middle income
MKD,EUR,Europe,2014,75.25754035,649.625061035,0.0,100.0,21.4,North Macedonia,18452.282749234,6.28993368,58.8033670608162,1917557.0,Upper middle income
MKD,EUR,Europe,2015,75.34082067,648.376342773,0.0,100.0,21.5,North Macedonia,19215.1537229479,6.34227896,59.0700383784659,1912430.0,Upper middle income
MKD,EUR,Europe,2016,75.56274435,624.880737305,0.0,100.0,20.8,North Macedonia,19825.8546858981,6.37943363,59.3823070989891,1906313.0,Upper middle income
MKD,EUR,Europe,2017,75.98451895,614.110961914,0.0,100.0,20.0,North Macedonia,20121.1344599839,6.43909454,59.7437719356273,1898657.0,Upper middle income
MKD,EUR,Europe,2018,76.46395817,584.230041504,0.0,100.0,20.0,North Macedonia,20806.0084013242,6.45699358,60.1580316016216,1889051.0,Upper middle income
MKD,EUR,Europe,2019,76.14804901,650.75604248,0.0,100.0,19.3,North Macedonia,21766.974473423,7.06654119,60.6286848102132,1876262.0,Upper middle income
MKD,EUR,Europe,2020,74.37069175,622.022583008,0.0,100.0,19.8,North Macedonia,20971.5290718387,7.73212385,61.1593302746435,1856124.0,Upper middle income
MKD,EUR,Europe,2021,72.99535604,579.15234375,0.0,100.0,19.6,North Macedonia,22144.2842571431,8.41851234,61.6841975628139,1837114.0,Upper middle income
MLI,AFR,Africa,2000,53.05862872,663.188537598,22690.0,11000.0,25.8,Mali,2187.71894209604,5.4663372,18.977631037325,11559290.0,Low income
MLI,AFR,Africa,2001,53.62181973,658.897033691,22848.0,10000.0,25.5,Mali,2458.46155672294,4.51952076,19.3181950112665,11912158.0,Low income
MLI,AFR,Africa,2002,54.16297861,656.630432129,21208.0,10000.0,25.4,Mali,2455.61935704114,4.99775982,19.6792980362731,12288050.0,Low income
MLI,AFR,Africa,2003,54.85059982,648.366638184,20976.0,9400.0,25.0,Mali,2611.8368553004,5.05061436,20.0594231247985,12684955.0,Low income
MLI,AFR,Africa,2004,55.6927022,643.666259766,20574.0,9400.0,24.7,Mali,2565.97744562534,5.21768713,20.4570532892964,13102409.0,Low income
MLI,AFR,Africa,2005,56.25739607,640.297973633,20957.0,9700.0,24.5,Mali,2546.33281406377,5.19517279,20.8706715422205,13538647.0,Low income
MLI,AFR,Africa,2006,56.77509358,642.625427246,20663.0,9400.0,24.5,Mali,2555.07476259654,5.4559021,21.2987608960246,13990139.0,Low income
MLI,AFR,Africa,2007,57.34348988,650.337341309,20353.0,9100.0,24.8,Mali,2515.94692367878,5.2530427,21.7398043631622,14457775.0,Low income
MLI,AFR,Africa,2008,57.78455925,659.20324707,19802.0,9100.0,25.1,Mali,2523.1996127255,5.02688074,22.1922849560871,14940782.0,Low income
MLI,AFR,Africa,2009,58.27710615,662.448303223,19444.0,8400.0,25.1,Mali,2575.54549773621,5.21225691,22.6557955217884,15435539.0,Low income
MLI,AFR,Africa,2010,58.64806217,658.104309082,19905.0,7800.0,24.9,Mali,2632.26468220172,4.67867136,23.1359461824894,15945198.0,Low income
MLI,AFR,Africa,2011,59.04750126,658.613220215,22149.0,7400.0,24.9,Mali,2623.34627008963,4.01485014,23.6379674039304,16469049.0,Low income
MLI,AFR,Africa,2012,59.27099434,663.994140625,23378.0,6700.0,25.1,Mali,2520.52931087437,3.7521801,24.1606168848588,16957033.0,Low income
MLI,AFR,Africa,2013,59.37937448,664.249084473,23614.0,7500.0,25.2,Mali,2528.53006767058,3.96408582,24.7033626854883,17459615.0,Low income
MLI,AFR,Africa,2014,59.77561439,666.047058105,21886.0,6900.0,25.3,Mali,2609.16733048758,4.48158312,25.2656728660325,18020267.0,Low income
MLI,AFR,Africa,2015,60.12125985,670.348632813,18935.0,6700.0,25.4,Mali,2686.56065074588,4.11143351,25.847015486705,18593022.0,Low income
MLI,AFR,Africa,2016,60.63666584,664.939025879,17286.0,6500.0,25.1,Mali,2759.11051294151,3.77377558,26.4468586077195,19191289.0,Low income
MLI,AFR,Africa,2017,61.01919215,657.013977051,16903.0,6200.0,24.8,Mali,2816.194239022,3.67425752,27.0646702892896,19813011.0,Low income
MLI,AFR,Africa,2018,61.31661022,650.657775879,16287.0,6100.0,24.6,Mali,2862.40728989634,3.73251104,27.6999185916288,20442030.0,Low income
MLI,AFR,Africa,2019,61.83290988,643.145568848,13982.0,5700.0,24.2,Mali,2916.17167790759,3.82943797,28.3520715749509,21068405.0,Low income
MLI,AFR,Africa,2020,61.46815324,648.725219727,16288.0,5300.0,24.2,Mali,2796.41038444894,3.50623369,29.0205972994693,21713836.0,Low income
MLI,AFR,Africa,2021,61.67398609,618.320983887,14352.0,5100.0,23.0,Mali,2796.22793795433,3.54318666,29.7049638253978,22388630.0,Low income
MLT,EUR,Europe,2000,77.81522196,471.756622314,0.0,100.0,15.7,Malta,31066.9228903221,6.62621355,93.278338811526,390087.0,High income
MLT,EUR,Europe,2001,78.11450102,456.456573486,0.0,100.0,15.2,Malta,30600.9719457901,7.0297122,93.3621924014528,393028.0,High income
MLT,EUR,Europe,2002,78.4088864,443.032287598,0.0,100.0,14.4,Malta,31206.2716762932,7.73333311,93.4431095912187,395969.0,High income
MLT,EUR,Europe,2003,78.67686,437.070953369,0.0,100.0,13.9,Malta,32146.6801842336,7.93917513,93.5241031580205,398582.0,High income
MLT,EUR,Europe,2004,78.90071191,430.454711914,0.0,100.0,13.4,Malta,32061.5717383591,8.03966808,93.6081858790552,401268.0,High income
MLT,EUR,Europe,2005,79.12587951,425.101989746,0.0,100.0,13.2,Malta,32775.7490182242,8.69497585,93.6985189936163,403834.0,High income
MLT,EUR,Europe,2006,79.36712993,417.193023682,0.0,100.0,13.0,Malta,33419.4710514467,8.84659672,93.7986874969541,405308.0,High income
MLT,EUR,Europe,2007,79.64226641,404.99407959,0.0,100.0,12.8,Malta,34980.4009462349,8.18593979,93.9118231189546,406724.0,High income
MLT,EUR,Europe,2008,79.93204914,389.238952637,0.0,100.0,12.4,Malta,36286.3762693845,7.82490158,94.0294765354989,409379.0,High income
MLT,EUR,Europe,2009,80.24911661,377.80178833,0.0,100.0,12.1,Malta,35511.3563931618,7.88854265,94.1423744490362,412477.0,High income
MLT,EUR,Europe,2010,80.4834984,371.776916504,0.0,100.0,11.8,Malta,37527.338314073,7.89857197,94.2412435620154,414508.0,High income
MLT,EUR,Europe,2011,80.71689503,361.441986084,0.0,100.0,11.5,Malta,37739.4436925333,8.31816673,94.3155916422812,416268.0,High income
MLT,EUR,Europe,2012,80.93951926,350.833618164,0.0,100.0,11.1,Malta,38935.700353788,8.24921417,94.3626256493653,420028.0,High income
MLT,EUR,Europe,2013,81.20455704,340.192687988,0.0,100.0,10.9,Malta,40919.7945400628,8.30319595,94.3906567856206,424810.0,High income
MLT,EUR,Europe,2014,81.45292313,332.157226563,0.0,100.0,10.8,Malta,43161.5419815161,8.88463974,94.412512773898,433481.0,High income
MLT,EUR,Europe,2015,81.67976101,325.218078613,0.0,100.0,10.7,Malta,46170.1721772127,8.70199776,94.4387696268011,444220.0,High income
MLT,EUR,Europe,2016,81.88080877,317.919891357,0.0,100.0,10.6,Malta,46965.601581458,8.69928074,94.4800033569336,454505.0,High income
MLT,EUR,Europe,2017,82.05744637,311.842010498,0.0,100.0,10.4,Malta,51626.3473049783,8.31366253,94.5691806330314,467106.0,High income
MLT,EUR,Europe,2018,82.26456738,303.131256104,0.0,100.0,10.1,Malta,53417.0154946227,8.11269569,94.7242373261706,483903.0,High income
MLT,EUR,Europe,2019,82.14647613,304.915802002,0.0,100.0,10.0,Malta,53391.4373856091,8.89282227,94.9332032524644,503912.0,High income
MLT,EUR,Europe,2020,82.01477782,295.386810303,0.0,100.0,9.7,Malta,50387.8220368582,9.85403538,95.1841082280263,515490.0,High income
MLT,EUR,Europe,2021,81.81193837,300.481201172,0.0,100.0,9.8,Malta,56852.3218512267,9.52782059,95.5145343617045,518150.0,High income
MMR,SEAR,South-East Asia,2000,59.37966802,847.059570313,2747.0,26000.0,33.1,Myanmar,1359.93038778036,2.00781965,27.5346072708149,45290841.0,Lower middle income
MMR,SEAR,South-East Asia,2001,59.77708716,836.749633789,2814.0,26000.0,32.8,Myanmar,1498.31163236525,2.16208982,27.7107064116875,45771139.0,Lower middle income
MMR,SEAR,South-East Asia,2002,60.19994618,835.002624512,2805.0,25000.0,32.7,Myanmar,1661.73588517132,2.59446764,27.8849700456368,46232653.0,Lower middle income
MMR,SEAR,South-East Asia,2003,60.64224077,833.89440918,2831.0,25000.0,32.6,Myanmar,1874.17128269389,2.3959713,28.0568026064444,46667192.0,Lower middle income
MMR,SEAR,South-East Asia,2004,61.06960565,834.726623535,2855.0,24000.0,32.7,Myanmar,2110.23728495831,2.33253765,28.2256085278922,47068772.0,Lower middle income
MMR,SEAR,South-East Asia,2005,61.61985762,821.620117188,2878.0,23000.0,32.2,Myanmar,2377.90258162976,2.3447094,28.390792243762,47438365.0,Lower middle income
MMR,SEAR,South-East Asia,2006,62.15642058,811.476989746,2041.0,22000.0,31.8,Myanmar,2669.32700379999,2.26559186,28.5517581878355,47785135.0,Lower middle income
MMR,SEAR,South-East Asia,2007,62.77565744,786.19720459,2560.0,21000.0,30.8,Myanmar,2968.3033151236,2.03606868,28.7079107938945,48125043.0,Lower middle income
MMR,SEAR,South-East Asia,2008,56.90830711,771.458068848,3223.0,19000.0,30.1,Myanmar,3254.738978881,2.12175322,28.8586544957208,48390793.0,Lower middle income
MMR,SEAR,South-East Asia,2009,63.9906783,741.516235352,3024.0,18000.0,29.0,Myanmar,3578.17424704515,2.17283702,29.0033937270962,48660459.0,Lower middle income
MMR,SEAR,South-East Asia,2010,64.64371806,725.49407959,3623.0,18000.0,28.3,Myanmar,3893.79030665874,1.96793783,29.1415329218024,49024382.0,Lower middle income
MMR,SEAR,South-East Asia,2011,65.22860154,707.446960449,3214.0,17000.0,27.5,Myanmar,4078.61220919965,1.95077813,29.2724765136213,49419820.0,Lower middle income
MMR,SEAR,South-East Asia,2012,65.86631653,699.141662598,3412.0,17000.0,27.1,Myanmar,4340.99945069174,2.43605232,29.3956289363345,49837446.0,Lower middle income
MMR,SEAR,South-East Asia,2013,66.44771624,689.532165527,1169.0,16000.0,26.5,Myanmar,4666.95376141392,3.11112022,29.5103946237239,50262658.0,Lower middle income
MMR,SEAR,South-East Asia,2014,67.0395851,685.809020996,729.0,16000.0,26.2,Myanmar,5006.50667149767,4.14940882,29.6164342116462,50681634.0,Lower middle income
MMR,SEAR,South-East Asia,2015,67.42672255,685.436218262,481.0,15000.0,26.2,Myanmar,5313.88615901476,5.19711542,29.7166821191682,51089056.0,Lower middle income
MMR,SEAR,South-East Asia,2016,67.8624826,684.157470703,274.0,14000.0,25.9,Myanmar,5580.98977273232,4.76220942,29.8129165582094,51495696.0,Lower middle income
MMR,SEAR,South-East Asia,2017,67.95077876,676.579284668,209.0,13000.0,25.5,Myanmar,5877.87465558175,4.6921258,29.9051727703437,51894938.0,Lower middle income
MMR,SEAR,South-East Asia,2018,68.55999093,683.82611084,164.0,12000.0,25.7,Myanmar,6201.26341429803,4.53514671,29.993574050729,52272247.0,Lower middle income
MMR,SEAR,South-East Asia,2019,68.80517618,683.164245605,97.0,12000.0,25.6,Myanmar,6562.98898478625,3.814466,30.0782436945232,52640713.0,Lower middle income
MMR,SEAR,South-East Asia,2020,68.86849549,683.854980469,77.0,11000.0,25.8,Myanmar,5926.83450206681,4.27808714,30.1593049968842,53016522.0,Lower middle income
MMR,SEAR,South-East Asia,2021,67.84580637,639.696777344,231.0,12000.0,24.0,Myanmar,5178.44718217164,5.53530645,30.2368812529698,53387102.0,Lower middle income
MNE,EUR,Europe,2000,73.43360465,654.865722656,0.0,100.0,25.8,Montenegro,14452.2762793739,7.96692181,59.0899260145706,604950.0,Upper middle income
MNE,EUR,Europe,2001,73.45014953,666.662536621,0.0,100.0,25.8,Montenegro,14552.555913276,7.96692181,60.1387879596705,607389.0,Upper middle income
MNE,EUR,Europe,2002,73.54605523,677.238220215,0.0,100.0,25.9,Montenegro,14770.3164485924,7.96692181,61.0261817231895,609828.0,Upper middle income
MNE,EUR,Europe,2003,73.62012454,681.491821289,0.0,100.0,25.7,Montenegro,15076.7139308442,7.96692181,61.6986616237464,612267.0,Upper middle income
MNE,EUR,Europe,2004,73.73506539,680.707885742,0.0,100.0,25.5,Montenegro,15716.1406519937,7.96692181,62.210498320663,613353.0,Upper middle income
MNE,EUR,Europe,2005,73.98743557,671.317138672,0.0,100.0,25.0,Montenegro,16348.9675325821,7.96692181,62.6763680644251,614261.0,Upper middle income
MNE,EUR,Europe,2006,74.28740727,655.320251465,0.0,100.0,24.4,Montenegro,17727.4395602504,7.96692181,63.111308588912,615025.0,Upper middle income
MNE,EUR,Europe,2007,74.67252275,630.157043457,0.0,100.0,23.6,Montenegro,18966.5316118445,7.96692181,63.5035790981749,615875.0,Upper middle income
MNE,EUR,Europe,2008,75.02700903,612.632385254,0.0,100.0,23.1,Montenegro,20239.0055766337,7.96692181,63.8414387962647,616969.0,Upper middle income
MNE,EUR,Europe,2009,75.38841226,598.083129883,0.0,100.0,22.5,Montenegro,18985.0166440648,7.96692181,64.1131468872325,618294.0,Upper middle income
MNE,EUR,Europe,2010,75.71790981,586.80267334,0.0,100.0,22.1,Montenegro,19476.2433855105,7.96692181,64.3069625751293,619428.0,Upper middle income
MNE,EUR,Europe,2011,75.9899009,580.901123047,0.0,100.0,21.7,Montenegro,20110.5703706069,7.96692181,64.4210914835811,620345.0,Upper middle income
MNE,EUR,Europe,2012,76.17609575,574.81628418,0.0,100.0,21.3,Montenegro,19576.4932347548,8.29550457,64.5244008658951,621418.0,Upper middle income
MNE,EUR,Europe,2013,76.3576393,565.830444336,0.0,100.0,20.9,Montenegro,20201.3754091056,8.47144604,64.6252987959653,622587.0,Upper middle income
MNE,EUR,Europe,2014,76.62030337,554.14465332,0.0,100.0,20.8,Montenegro,20641.850118964,8.00086784,64.7232143772459,623744.0,Upper middle income
MNE,EUR,Europe,2015,76.86028429,542.888244629,0.0,100.0,20.6,Montenegro,21131.9286652777,9.02188778,64.8181652937171,624651.0,Upper middle income
MNE,EUR,Europe,2016,77.06052079,531.82598877,0.0,100.0,20.4,Montenegro,21834.1824200766,8.63302994,64.9101692293409,625353.0,Upper middle income
MNE,EUR,Europe,2017,77.14980899,528.345825195,0.0,100.0,20.5,Montenegro,22513.8741282681,7.98255396,64.9992438680584,625982.0,Upper middle income
MNE,EUR,Europe,2018,77.222772,524.445556641,0.0,100.0,20.4,Montenegro,23562.2739681383,8.34355545,65.0854068937869,626438.0,Upper middle income
MNE,EUR,Europe,2019,76.83999351,548.413879395,0.0,100.0,20.9,Montenegro,24585.2179072849,8.32983208,65.1686759904159,626753.0,Upper middle income
MNE,EUR,Europe,2020,75.47582429,577.023986816,0.0,100.0,21.4,Montenegro,20904.6866227364,11.42177582,65.2490688418027,626590.0,Upper middle income
MNE,EUR,Europe,2021,74.70975149,471.209838867,0.0,100.0,18.0,Montenegro,23690.0773513056,10.55253506,65.3266031317675,625053.0,Upper middle income
MNG,WPR,Western Pacific,2000,63.19839599,1051.62902832,0.0,100.0,40.0,Mongolia,5818.24307842901,6.07605076,56.7305447074496,2388299.0,Upper middle income
MNG,WPR,Western Pacific,2001,63.48955882,1066.731689453,0.0,100.0,40.2,Mongolia,5917.07088396343,5.4423995,57.2155913875612,2417751.0,Upper middle income
MNG,WPR,Western Pacific,2002,63.99267039,1051.547485352,0.0,100.0,39.8,Mongolia,6117.9824222592,5.49190998,58.1310120482033,2449027.0,Upper middle income
MNG,WPR,Western Pacific,2003,64.44695031,1042.515625,0.0,100.0,39.5,Mongolia,6463.78966651762,4.29768944,59.3546986563236,2480374.0,Upper middle income
MNG,WPR,Western Pacific,2004,64.84071925,1022.222351074,0.0,100.0,38.9,Mongolia,7070.667158451,4.30204487,60.7829994587671,2508412.0,Upper middle income
MNG,WPR,Western Pacific,2005,65.26255095,1009.128356934,0.0,100.0,38.3,Mongolia,7499.84803935428,3.86456275,62.3122627023789,2536407.0,Upper middle income
MNG,WPR,Western Pacific,2006,65.78316962,986.633544922,0.0,100.0,37.2,Mongolia,8043.99678108557,3.74971509,63.8388366340039,2567168.0,Upper middle income
MNG,WPR,Western Pacific,2007,66.37749458,948.952209473,0.0,100.0,36.0,Mongolia,8750.13407442299,4.07522774,65.2590695004873,2601850.0,Upper middle income
MNG,WPR,Western Pacific,2008,66.90211117,929.770751953,0.0,100.0,34.9,Mongolia,9379.85489687765,4.55693007,66.4693095486742,2643201.0,Upper middle income
MNG,WPR,Western Pacific,2009,66.92759176,953.492919922,0.0,100.0,36.1,Mongolia,9095.9769892529,4.45980072,67.3659050254095,2691115.0,Upper middle income
MNG,WPR,Western Pacific,2010,67.10227644,939.797302246,0.0,100.0,35.9,Mongolia,9507.118823625,3.73945642,67.8298018313254,2738622.0,Upper middle income
MNG,WPR,Western Pacific,2011,67.30366439,917.973144531,0.0,100.0,34.5,Mongolia,10960.0959283864,3.58612084,67.9196058798676,2786317.0,Upper middle income
MNG,WPR,Western Pacific,2012,67.84058521,884.247131348,0.0,100.0,33.1,Mongolia,12078.9185320062,3.85800076,67.9522782537785,2839705.0,Upper middle income
MNG,WPR,Western Pacific,2013,68.39260768,859.718933105,0.0,100.0,32.4,Mongolia,13210.0945665668,4.08932018,67.9776750055915,2899011.0,Upper middle income
MNG,WPR,Western Pacific,2014,68.96351192,822.924926758,0.0,100.0,31.6,Mongolia,13943.4277148653,4.20989752,67.9941357229626,2963113.0,Upper middle income
MNG,WPR,Western Pacific,2015,69.246045,819.217956543,0.0,100.0,31.0,Mongolia,13974.5967260365,4.23154545,67.9999999906095,3026864.0,Upper middle income
MNG,WPR,Western Pacific,2016,69.64443247,801.724121094,0.0,100.0,30.4,Mongolia,13898.1456953585,4.58008575,67.9776754820979,3088856.0,Upper middle income
MNG,WPR,Western Pacific,2017,70.09899409,775.262756348,0.0,100.0,29.6,Mongolia,14401.5375067562,4.33954191,67.9260583223672,3148917.0,Upper middle income
MNG,WPR,Western Pacific,2018,70.47775442,756.997802734,0.0,100.0,29.2,Mongolia,15230.2408828847,4.53449297,67.8683444833372,3208189.0,Upper middle income
MNG,WPR,Western Pacific,2019,70.7501793,739.433959961,0.0,100.0,28.7,Mongolia,15790.6961126441,4.49497986,67.8277299551557,3267673.0,Upper middle income
MNG,WPR,Western Pacific,2020,72.70622882,614.326843262,0.0,100.0,24.5,Mongolia,14801.3420829185,4.6662488,68.0894771770775,3327204.0,Upper middle income
MNG,WPR,Western Pacific,2021,70.09795294,711.514770508,0.0,100.0,26.3,Mongolia,14792.2509086422,7.21042728,69.2153244018555,3383741.0,Upper middle income
MOZ,AFR,Africa,2000,50.95314578,570.84777832,42536.0,160000.0,21.9,Mozambique,711.976393527396,2.14253044,29.2423697311441,18129653.0,Low income
MOZ,AFR,Africa,2001,51.31528926,552.82635498,42565.0,160000.0,21.2,Mozambique,785.790173616246,2.80098224,29.4137097764239,18537729.0,Low income
MOZ,AFR,Africa,2002,51.47014119,554.288696289,40612.0,160000.0,21.2,Mozambique,842.645266172761,3.18652654,29.5686323334348,18958338.0,Low income
MOZ,AFR,Africa,2003,51.67123667,549.632995605,37027.0,160000.0,20.9,Mozambique,883.239121472194,3.25095367,29.7146340268639,19392475.0,Low income
MOZ,AFR,Africa,2004,51.81518653,552.229980469,32801.0,160000.0,21.0,Mozambique,934.133964844421,3.53062654,29.8592114813982,19840313.0,Low income
MOZ,AFR,Africa,2005,51.92845833,558.895874023,28667.0,160000.0,21.3,Mozambique,970.38995609863,4.21435642,30.0098613217248,20304569.0,Low income
MOZ,AFR,Africa,2006,52.16412753,592.888183594,27312.0,160000.0,22.7,Mozambique,1041.80471709595,3.94559026,30.1740801725307,20787087.0,Low income
MOZ,AFR,Africa,2007,52.58518387,652.972167969,24956.0,150000.0,25.5,Mozambique,1095.12568701598,3.79955554,30.3598131347122,21287635.0,Low income
MOZ,AFR,Africa,2008,53.06339796,671.213134766,23439.0,160000.0,26.3,Mozambique,1141.94256161019,4.13496828,30.5625357695184,21819036.0,Low income
MOZ,AFR,Africa,2009,53.32648003,693.824279785,23659.0,160000.0,27.1,Mozambique,1178.70909947834,5.05562353,30.7715592059159,22391745.0,Low income
MOZ,AFR,Africa,2010,53.33150279,717.545959473,23849.0,170000.0,27.9,Mozambique,1224.23020471309,5.29249668,30.9861779822921,22999235.0,Low income
MOZ,AFR,Africa,2011,53.5270243,727.550292969,23455.0,160000.0,28.1,Mozambique,1275.52959822581,4.9217639,31.2062230032794,23649039.0,Low income
MOZ,AFR,Africa,2012,53.74174488,730.410400391,23302.0,160000.0,28.0,Mozambique,1338.51594866104,5.14035702,31.4315251735105,24337846.0,Low income
MOZ,AFR,Africa,2013,54.24267779,753.640075684,23764.0,160000.0,28.7,Mozambique,1385.83254864214,6.04556036,31.6619153976179,25051611.0,Low income
MOZ,AFR,Africa,2014,55.02757929,780.548156738,23197.0,150000.0,29.7,Mozambique,1449.92926632722,6.24013042,31.8972245802342,25788475.0,Low income
MOZ,AFR,Africa,2015,55.85530982,778.157043457,21866.0,150000.0,29.6,Mozambique,1512.5997455554,6.60972881,32.1372836259918,26547572.0,Low income
MOZ,AFR,Africa,2016,56.63490108,802.622009277,20963.0,140000.0,30.2,Mozambique,1537.90853271216,7.21501875,32.3819234395234,27337105.0,Low income
MOZ,AFR,Africa,2017,57.33253714,814.496398926,19817.0,130000.0,30.3,Mozambique,1532.0073576114,7.80532169,32.6274411492675,28166393.0,Low income
MOZ,AFR,Africa,2018,57.94330191,806.682189941,18980.0,130000.0,29.8,Mozambique,1538.83512127022,7.97903347,32.9902559073541,29018644.0,Low income
MOZ,AFR,Africa,2019,58.50505639,780.293884277,18096.0,130000.0,28.7,Mozambique,1528.88988354373,7.90207434,33.4177241517032,29884380.0,Low income
MOZ,AFR,Africa,2020,58.6314583,778.736633301,22295.0,130000.0,28.8,Mozambique,1466.12476474476,7.55190039,33.9044006416285,30783688.0,Low income
MOZ,AFR,Africa,2021,57.66202708,708.204956055,21201.0,120000.0,26.6,Mozambique,1457.23540930922,8.64841366,34.4499259401554,31707800.0,Low income
MRT,AFR,Africa,2000,62.9207429,553.43157959,693.0,1400.0,20.8,Mauritania,5008.60806690014,3.37824655,38.0555858542174,2613441.0,Lower middle income
MRT,AFR,Africa,2001,63.48748709,541.368164063,659.0,1400.0,20.4,Mauritania,4847.41086088566,3.5718379,38.1070763150421,2678760.0,Lower middle income
MRT,AFR,Africa,2002,64.15779119,537.678100586,644.0,1300.0,20.0,Mauritania,4806.89853417166,4.00224972,38.3900378438208,2738655.0,Lower middle income
MRT,AFR,Africa,2003,64.83743491,525.126159668,642.0,1200.0,19.6,Mauritania,5023.65213424467,4.03254652,38.8866922319919,2802046.0,Lower middle income
MRT,AFR,Africa,2004,65.40083987,530.442199707,620.0,1000.0,19.6,Mauritania,5139.22552002451,3.70429492,39.5685575664461,2868664.0,Lower middle income
MRT,AFR,Africa,2005,65.90883345,509.172271729,617.0,910.0,18.7,Mauritania,5445.82951227718,3.40312648,40.407151934074,2939059.0,Lower middle income
MRT,AFR,Africa,2006,66.62015995,513.398620605,597.0,790.0,18.7,Mauritania,6284.70209025296,2.70252752,41.3739934217664,3013660.0,Lower middle income
MRT,AFR,Africa,2007,67.11455039,511.782775879,608.0,640.0,18.7,Mauritania,6002.77832165174,2.87644005,42.4406001164139,3093059.0,Lower middle income
MRT,AFR,Africa,2008,67.64336926,502.8671875,622.0,520.0,18.3,Mauritania,5813.35608368305,3.01338983,43.5784901049073,3183269.0,Lower middle income
MRT,AFR,Africa,2009,68.08446898,504.895996094,631.0,500.0,18.3,Mauritania,5639.78745018612,3.11034036,44.7591814741371,3284448.0,Lower middle income
MRT,AFR,Africa,2010,68.45329118,503.172210693,642.0,500.0,18.1,Mauritania,5605.76388754436,2.63618922,45.9541923109942,3390965.0,Lower middle income
MRT,AFR,Africa,2011,68.79857098,494.111755371,662.0,500.0,17.8,Mauritania,5653.21719956693,2.47383666,47.1350407023691,3502811.0,Lower middle income
MRT,AFR,Africa,2012,69.09222123,509.77154541,669.0,500.0,18.3,Mauritania,5716.25195328296,2.64919329,48.2732447351525,3619034.0,Lower middle income
MRT,AFR,Africa,2013,69.22463674,504.573577881,682.0,500.0,18.0,Mauritania,5769.72870835599,2.86799884,49.3553973225913,3734318.0,Lower middle income
MRT,AFR,Africa,2014,69.29386756,507.373443604,724.0,200.0,18.1,Mauritania,5837.8520312229,3.46724391,50.4694791226856,3848514.0,Lower middle income
MRT,AFR,Africa,2015,69.45426817,508.242828369,751.0,200.0,18.1,Mauritania,5969.54239339806,3.67363763,51.6680350049622,3965959.0,Lower middle income
MRT,AFR,Africa,2016,69.65770027,512.074462891,988.0,500.0,18.1,Mauritania,5866.28144759405,3.18699503,52.9185627319946,4086657.0,Lower middle income
MRT,AFR,Africa,2017,69.81185094,518.182739258,784.0,500.0,18.3,Mauritania,6050.62180273825,3.41947556,54.1970448502004,4210600.0,Lower middle income
MRT,AFR,Africa,2018,69.9973737,520.13079834,884.0,200.0,18.3,Mauritania,6153.63790295218,2.88362551,55.1305077000081,4337685.0,Lower middle income
MRT,AFR,Africa,2019,70.17546548,525.852905273,688.0,200.0,18.4,Mauritania,6162.21044512087,3.09176588,56.0596215779146,4467708.0,Lower middle income
MRT,AFR,Africa,2020,68.92697523,543.496948242,754.0,200.0,18.8,Mauritania,5963.23549793488,3.00147843,56.9836701058893,4600131.0,Lower middle income
MRT,AFR,Africa,2021,68.86843813,527.207397461,318.0,200.0,18.7,Mauritania,5836.56580821897,3.78022528,57.901535141641,4734874.0,Lower middle income
MUS,AFR,Africa,2000,71.13541086,740.081420898,0.0,0.0,29.2,Mauritius,13481.7540541745,2.85734653,42.063123063288,1186873.0,Upper middle income
MUS,AFR,Africa,2001,71.43968836,732.70300293,0.0,0.0,29.0,Mauritius,13823.4171391048,2.92151856,41.8827214180181,1196287.0,Upper middle income
MUS,AFR,Africa,2002,71.67923755,720.107543945,0.0,0.0,28.9,Mauritius,13949.4742923184,3.18897271,41.6986829938864,1204621.0,Upper middle income
MUS,AFR,Africa,2003,71.8438719,726.086120605,0.0,0.0,28.4,Mauritius,14669.5001844577,3.18201613,41.5127065251754,1213370.0,Upper middle income
MUS,AFR,Africa,2004,71.98706152,714.898864746,0.0,0.0,28.4,Mauritius,15209.0164267817,3.31652546,41.3265540022042,1221003.0,Upper middle income
MUS,AFR,Africa,2005,72.14096947,701.448242188,0.0,0.0,27.7,Mauritius,15387.9807842254,3.51794028,41.1419874152917,1228254.0,Upper middle income
MUS,AFR,Africa,2006,72.37604294,685.533813477,0.0,0.0,26.6,Mauritius,16061.6030030396,3.60573649,40.9607687547567,1233996.0,Upper middle income
MUS,AFR,Africa,2007,72.6045072,672.142883301,0.0,0.0,26.7,Mauritius,16904.2745171796,3.52321672,40.7846600109183,1239630.0,Upper middle income
MUS,AFR,Africa,2008,72.86571029,652.652038574,0.0,0.0,25.7,Mauritius,17750.5936228988,3.93896508,40.6154231740954,1244121.0,Upper middle income
MUS,AFR,Africa,2009,73.10056755,635.482910156,0.0,0.0,25.0,Mauritius,18290.4070077862,4.17035627,40.4548202346069,1247429.0,Upper middle income
MUS,AFR,Africa,2010,73.34550791,614.177062988,0.0,0.0,24.3,Mauritius,19045.6542832867,4.51898289,40.3046131827718,1250400.0,Upper middle income
MUS,AFR,Africa,2011,73.5157206,603.49798584,0.0,0.0,23.9,Mauritius,19790.5300586052,4.25059652,40.1665923228716,1252404.0,Upper middle income
MUS,AFR,Africa,2012,73.69029649,597.325561523,0.0,0.0,24.0,Mauritius,20425.707017688,4.21993399,40.0369511615085,1255882.0,Upper middle income
MUS,AFR,Africa,2013,73.803364,590.299621582,0.0,0.0,23.4,Mauritius,21061.0293432869,4.620821,39.9108848558771,1258927.0,Upper middle income
MUS,AFR,Africa,2014,74.00992363,578.694641113,0.0,0.0,23.2,Mauritius,21827.4802326052,5.38024664,39.7887571971735,1261208.0,Upper middle income
MUS,AFR,Africa,2015,74.12593279,575.707824707,0.0,0.0,23.4,Mauritius,22603.0885218714,5.55042362,39.6709610617726,1262879.0,Upper middle income
MUS,AFR,Africa,2016,74.15809377,569.772827148,0.0,0.0,22.9,Mauritius,23460.0011516323,5.54289532,39.5578893260494,1263747.0,Upper middle income
MUS,AFR,Africa,2017,74.11525101,564.827331543,0.0,0.0,22.9,Mauritius,24361.8758542058,5.59857273,39.4499348663789,1264887.0,Upper middle income
MUS,AFR,Africa,2018,74.02503816,564.832946777,0.0,0.0,23.0,Mauritius,25324.1785958124,5.60310221,39.3474905591359,1265577.0,Upper middle income
MUS,AFR,Africa,2019,74.05607067,559.712463379,0.0,0.0,22.8,Mauritius,26047.9753573284,5.69508171,39.2509492806955,1265985.0,Upper middle income
MUS,AFR,Africa,2020,73.56975445,589.572692871,0.0,0.0,22.8,Mauritius,22258.3868106268,6.09606028,39.1607039074325,1266014.0,Upper middle income
MUS,AFR,Africa,2021,73.41967032,566.707397461,0.0,0.0,21.7,Mauritius,23010.2013826905,6.6160841,39.077147315722,1266334.0,Upper middle income
MWI,AFR,Africa,2000,44.64126346,720.629089355,18912.0,96000.0,27.3,Malawi,1239.39174838676,2.35247517,14.6770603287659,11315942.0,Low income
MWI,AFR,Africa,2001,45.39400815,702.800476074,18226.0,91000.0,26.5,Malawi,1149.58039601898,2.06040049,14.780400724713,11593058.0,Low income
MWI,AFR,Africa,2002,46.23607096,689.632019043,16518.0,86000.0,26.0,Malawi,1140.84274642418,2.69725966,14.8722487440558,11880440.0,Low income
MWI,AFR,Africa,2003,47.14250921,703.718261719,13882.0,81000.0,26.4,Malawi,1176.12385998737,3.32019806,14.9551384691108,12181574.0,Low income
MWI,AFR,Africa,2004,48.06087588,699.114624023,11893.0,78000.0,26.5,Malawi,1208.2196975075,4.07199907,15.0316039821946,12500737.0,Low income
MWI,AFR,Africa,2005,49.35021214,672.700317383,11742.0,73000.0,25.3,Malawi,1214.7426419188,4.30046511,15.1041793656241,12840031.0,Low income
MWI,AFR,Africa,2006,50.92538724,694.071899414,11265.0,69000.0,26.9,Malawi,1237.27386519947,4.91223288,15.1753987017157,13198701.0,Low income
MWI,AFR,Africa,2007,52.54577058,678.519042969,11018.0,65000.0,26.2,Malawi,1318.33196397214,5.44258356,15.2477960727861,13576343.0,Low income
MWI,AFR,Africa,2008,54.26093144,651.719726563,11309.0,63000.0,24.8,Malawi,1378.42886690465,6.10668802,15.3238029928378,13976417.0,Low income
MWI,AFR,Africa,2009,55.72789905,646.62713623,11464.0,57000.0,24.6,Malawi,1449.72601522136,5.87333822,15.4015312766848,14395788.0,Low income
MWI,AFR,Africa,2010,56.87054565,629.548400879,11179.0,57000.0,24.2,Malawi,1504.37514113215,5.14304781,15.4776969380518,14826463.0,Low income
MWI,AFR,Africa,2011,58.10856356,633.088256836,10264.0,54000.0,24.3,Malawi,1533.22889572405,5.32226658,15.5523153908723,15265022.0,Low income
MWI,AFR,Africa,2012,59.42059707,632.424499512,9345.0,51000.0,24.4,Malawi,1518.14803849238,6.02199793,15.6253133040464,15709577.0,Low income
MWI,AFR,Africa,2013,60.5549131,623.675170898,8372.0,48000.0,24.0,Malawi,1555.50607410511,8.22379494,15.6966173464742,16161816.0,Low income
MWI,AFR,Africa,2014,61.34710538,630.165161133,7737.0,45000.0,24.2,Malawi,1597.56484331405,6.89776182,15.766154187056,16621538.0,Low income
MWI,AFR,Africa,2015,61.82512095,646.767150879,7341.0,40000.0,24.6,Malawi,1597.69145324855,6.62879086,15.8338504946918,17085587.0,Low income
MWI,AFR,Africa,2016,62.19781015,659.059509277,7092.0,36000.0,25.1,Malawi,1593.59549264808,7.72703791,15.899632938282,17557739.0,Low income
MWI,AFR,Africa,2017,62.5519407,678.888122559,7024.0,30000.0,25.8,Malawi,1613.0593571462,7.58438921,15.9634281867266,18039715.0,Low income
MWI,AFR,Africa,2018,62.91863389,688.618896484,6921.0,25000.0,26.0,Malawi,1638.91665761076,6.88249922,16.0221486554255,18528081.0,Low income
MWI,AFR,Africa,2019,63.22930485,700.606994629,6892.0,22000.0,26.1,Malawi,1687.28944917892,6.37021732,16.1383746619001,19025752.0,Low income
MWI,AFR,Africa,2020,63.46287777,710.107421875,7423.0,19000.0,26.1,Malawi,1656.43985192533,7.03859568,16.2961471756409,19533888.0,Low income
MWI,AFR,Africa,2021,62.48652597,667.191589355,7456.0,16000.0,24.9,Malawi,1687.59358179651,7.5164628,16.4881925800694,20047258.0,Low income
MYS,WPR,Western Pacific,2000,73.01343106,595.383178711,35.0,5700.0,22.3,Malaysia,18532.9096706227,2.51463366,61.9694564490726,22967816.0,Upper middle income
MYS,WPR,Western Pacific,2001,73.51935373,573.792541504,46.0,5800.0,21.3,Malaysia,18186.4411330146,2.6753974,63.0180877676224,23526538.0,Upper middle income
MYS,WPR,Western Pacific,2002,73.78194217,566.276855469,38.0,5700.0,20.9,Malaysia,18708.8694877279,2.66876554,64.056368465184,24102477.0,Upper middle income
MYS,WPR,Western Pacific,2003,73.62194031,578.351623535,21.0,5600.0,21.1,Malaysia,19329.0062757538,2.92417073,65.0750932867555,24679602.0,Upper middle income
MYS,WPR,Western Pacific,2004,73.82138244,571.744628906,35.0,5600.0,20.6,Malaysia,20168.5062099425,2.86016941,66.0647889111941,25256772.0,Upper middle income
MYS,WPR,Western Pacific,2005,74.06194883,560.317382813,33.0,5600.0,20.0,Malaysia,20767.5857243346,2.78692698,67.0159820173565,25836071.0,Upper middle income
MYS,WPR,Western Pacific,2006,74.30399222,545.226989746,21.0,5600.0,19.6,Malaysia,21444.4857715028,3.10897732,67.9191992840997,26417909.0,Upper middle income
MYS,WPR,Western Pacific,2007,74.43641055,537.460998535,15.0,5700.0,19.3,Malaysia,22305.118263117,3.07041144,68.7649673902807,26998389.0,Upper middle income
MYS,WPR,Western Pacific,2008,74.19396011,548.037353516,20.0,5700.0,19.5,Malaysia,22898.0027575442,3.00692558,69.5438130147565,27570059.0,Upper middle income
MYS,WPR,Western Pacific,2009,74.01457452,555.67376709,23.0,5700.0,19.4,Malaysia,22106.6417311801,3.2610569,70.2462628363839,28124778.0,Upper middle income
MYS,WPR,Western Pacific,2010,74.02631776,553.193725586,13.0,5700.0,19.2,Malaysia,23307.9698543785,3.16474271,70.8625314831025,28655776.0,Upper middle income
MYS,WPR,Western Pacific,2011,74.23051803,535.913513184,11.0,5700.0,19.0,Malaysia,24115.8181203958,3.31451917,71.4245166681964,29162039.0,Upper middle income
MYS,WPR,Western Pacific,2012,74.61637828,515.660705566,11.0,5600.0,18.3,Malaysia,25006.3587781537,3.45786357,71.9680127926087,29662831.0,Upper middle income
MYS,WPR,Western Pacific,2013,74.72307296,512.30456543,10.0,5400.0,17.9,Malaysia,25736.3525554142,3.51276922,72.4882717118078,30174265.0,Upper middle income
MYS,WPR,Western Pacific,2014,74.64731536,516.157165527,4.0,5000.0,18.1,Malaysia,26818.4317281659,3.71036959,72.9802206910773,30696137.0,Upper middle income
MYS,WPR,Western Pacific,2015,74.27826363,533.869995117,4.0,4600.0,19.4,Malaysia,27699.6278860387,3.82201481,73.4387869957006,31232798.0,Upper middle income
MYS,WPR,Western Pacific,2016,74.41949575,525.566101074,2.0,4100.0,19.6,Malaysia,28425.3707609412,3.70085335,73.8588978909614,31789685.0,Upper middle income
MYS,WPR,Western Pacific,2017,74.40097684,529.042053223,1.0,3600.0,19.8,Malaysia,29551.5457597197,3.71472311,74.2354806421432,32355644.0,Upper middle income
MYS,WPR,Western Pacific,2018,74.52805915,524.859008789,0.0,3400.0,19.9,Malaysia,30459.9655338061,3.75944281,74.5634625145296,32910967.0,Upper middle income
MYS,WPR,Western Pacific,2019,74.68410362,519.429138184,0.0,3200.0,19.7,Malaysia,31300.5086554849,3.83991051,74.8377707734042,33440596.0,Upper middle income
MYS,WPR,Western Pacific,2020,76.78965822,435.3800354,0.0,3100.0,17.4,Malaysia,29200.452632127,4.08254337,75.0511895575672,33889558.0,Upper middle income
MYS,WPR,Western Pacific,2021,72.8101035,526.368591309,0.0,2900.0,19.9,Malaysia,29822.8491831618,4.37438345,75.5088628191907,34282399.0,Upper middle income
NAM,AFR,Africa,2000,53.02475546,663.033081055,1985.0,20000.0,25.7,Namibia,7858.38789521253,10.04545307,32.1168956399877,1818647.0,Lower middle income
NAM,AFR,Africa,2001,52.37399446,661.622680664,1728.0,19000.0,25.7,Namibia,7786.54169496761,10.46567631,32.8575058425719,1857048.0,Lower middle income
NAM,AFR,Africa,2002,51.74325949,661.134765625,1504.0,18000.0,26.2,Namibia,8017.28134128559,10.47871208,33.6459301456028,1889970.0,Lower middle income
NAM,AFR,Africa,2003,51.39447349,663.780456543,1106.0,17000.0,26.3,Namibia,8237.36597245597,10.74474621,34.5460063719633,1917464.0,Lower middle income
NAM,AFR,Africa,2004,51.6479279,654.563232422,1185.0,16000.0,25.9,Namibia,9130.82442337694,10.88543797,35.5356476670033,1942082.0,Lower middle income
NAM,AFR,Africa,2005,52.83409474,651.046875,1325.0,15000.0,25.3,Namibia,9245.1365329555,10.82506466,36.5870014553064,1966582.0,Lower middle income
NAM,AFR,Africa,2006,54.69956495,638.575378418,571.0,14000.0,24.2,Namibia,9773.29833199798,11.30290031,37.6722151614564,1991888.0,Lower middle income
NAM,AFR,Africa,2007,56.83641554,620.606628418,181.0,13000.0,23.4,Namibia,10162.2400708746,11.41372871,38.763436210037,2018600.0,Lower middle income
NAM,AFR,Africa,2008,58.62203403,602.163574219,152.0,12000.0,23.1,Namibia,10286.5124067605,10.67726994,39.8328120256318,2047056.0,Lower middle income
NAM,AFR,Africa,2009,59.50436576,659.670471191,68.0,12000.0,24.2,Namibia,10166.2899453939,9.90435314,40.8524900328246,2077394.0,Lower middle income
NAM,AFR,Africa,2010,60.12459181,652.186828613,63.0,12000.0,23.9,Namibia,10614.6201576671,10.62278938,41.7946176561991,2109811.0,Lower middle income
NAM,AFR,Africa,2011,60.88311335,612.880065918,36.0,11000.0,22.5,Namibia,10965.2729759535,10.86068344,42.6276075621535,2146325.0,Lower middle income
NAM,AFR,Africa,2012,61.49462249,605.724731445,4.0,10000.0,22.1,Namibia,11266.6089486464,10.20360184,43.3804079185694,2194654.0,Lower middle income
NAM,AFR,Africa,2013,61.87769769,609.398376465,21.0,9100.0,22.1,Namibia,11593.5753768689,10.08887577,44.1106769079132,2252508.0,Lower middle income
NAM,AFR,Africa,2014,61.94948428,628.003540039,61.0,8400.0,22.8,Namibia,11982.6963648348,8.4089098,44.8214248210559,2312139.0,Lower middle income
NAM,AFR,Africa,2015,61.8615054,640.569091797,32.0,7900.0,23.7,Namibia,12166.5658392058,9.98106289,45.5103554445325,2374300.0,Lower middle income
NAM,AFR,Africa,2016,62.05755741,635.554138184,65.0,7600.0,23.4,Namibia,11846.7880832757,9.32231045,46.1751725648784,2439213.0,Lower middle income
NAM,AFR,Africa,2017,62.37183813,632.106079102,57.0,6900.0,23.2,Namibia,11408.7253099967,8.71348476,46.8135799686288,2506853.0,Lower middle income
NAM,AFR,Africa,2018,62.82854728,632.807434082,58.0,6100.0,23.1,Namibia,11214.38604306,8.62148285,47.4232814423189,2577327.0,Lower middle income
NAM,AFR,Africa,2019,63.49265302,636.118774414,6.0,5100.0,22.8,Namibia,10813.3044681944,8.85805798,48.0019807724839,2650494.0,Lower middle income
NAM,AFR,Africa,2020,63.75209779,659.050415039,35.0,4500.0,23.6,Namibia,9652.24827219463,9.56060219,48.547381745659,2728762.0,Lower middle income
NAM,AFR,Africa,2021,60.35994599,556.994689941,14.0,4900.0,23.1,Namibia,9709.09930646771,10.19644737,49.0571881483796,2810548.0,Lower middle income
NER,AFR,Africa,2000,50.24298341,555.932434082,23204.0,4900.0,20.8,Niger,1190.56674543223,4.65891504,16.1307678222656,11509630.0,Low income
NER,AFR,Africa,2001,50.89945855,563.196533203,22246.0,4600.0,21.0,Niger,1233.06511808278,4.72659349,16.2687225341797,11920647.0,Low income
NER,AFR,Africa,2002,51.88652859,557.008666992,20549.0,4200.0,20.5,Niger,1248.82313660601,4.82717037,16.2687206268311,12349144.0,Low income
NER,AFR,Africa,2003,52.7806989,562.015380859,18243.0,4000.0,20.7,Niger,1231.2780915085,4.74740648,16.2687225341797,12796984.0,Low income
NER,AFR,Africa,2004,53.86159387,550.05657959,17868.0,3800.0,20.2,Niger,1192.0823507557,4.97818327,16.2687225341797,13265836.0,Low income
NER,AFR,Africa,2005,54.754071,558.945922852,21033.0,3400.0,20.4,Niger,1233.87551052205,5.87749624,16.2687225341797,13756192.0,Low income
NER,AFR,Africa,2006,55.74288168,548.116516113,16688.0,3000.0,20.1,Niger,1260.12046671298,5.99335575,16.2675724894628,14268581.0,Low income
NER,AFR,Africa,2007,56.45936065,552.888427734,18725.0,2700.0,20.0,Niger,1252.74827252938,5.43105888,16.2641887037781,14803610.0,Low income
NER,AFR,Africa,2008,57.32288169,537.665771484,19721.0,2500.0,19.4,Niger,1300.55418500177,5.24640608,16.2586706998252,15361915.0,Low income
NER,AFR,Africa,2009,57.84177819,546.950561523,26151.0,2000.0,19.7,Niger,1277.69230957636,5.33850145,16.2511180003032,15943675.0,Low income
NER,AFR,Africa,2010,58.29155093,551.07232666,26267.0,1300.0,19.8,Niger,1336.56410237447,4.96100473,16.2416301279116,16548835.0,Low income
NER,AFR,Africa,2011,58.60580875,563.900146484,31339.0,1400.0,20.2,Niger,1318.10130997844,4.87323856,16.2303066053496,17176283.0,Low income
NER,AFR,Africa,2012,58.92187052,569.818847656,29168.0,1300.0,20.6,Niger,1403.18971067857,4.30732679,16.2141284004355,17836769.0,Low income
NER,AFR,Africa,2013,59.22776171,573.709838867,31459.0,1300.0,20.8,Niger,1423.26169034701,4.46636009,16.2162595696064,18519898.0,Low income
NER,AFR,Africa,2014,59.45072248,576.807556152,30698.0,1200.0,20.9,Niger,1462.82122998491,4.45377159,16.2450424611665,19215909.0,Low income
NER,AFR,Africa,2015,59.63358442,582.91809082,32906.0,1400.0,20.9,Niger,1471.66135329224,5.34745932,16.3035606587493,19939498.0,Low income
NER,AFR,Africa,2016,59.83593299,581.786376953,35085.0,1200.0,20.8,Niger,1500.00858681288,4.53239059,16.3898280543236,20685753.0,Low income
NER,AFR,Africa,2017,60.22725166,577.098937988,31978.0,1300.0,20.7,Niger,1520.0015371232,5.57609606,16.5036987906896,21435446.0,Low income
NER,AFR,Africa,2018,60.43807872,575.314208984,32934.0,1400.0,20.7,Niger,1574.33838262666,5.30310822,16.6449011799221,22188069.0,Low income
NER,AFR,Africa,2019,60.57303502,575.297546387,32319.0,1400.0,20.6,Niger,1612.63734693259,5.66642094,16.813146499685,22947757.0,Low income
NER,AFR,Africa,2020,60.39192551,578.6640625,35694.0,1400.0,20.6,Niger,1615.69272448944,6.17012262,17.0081420003794,23717613.0,Low income
NER,AFR,Africa,2021,59.97070525,567.359130859,34234.0,1400.0,20.2,Niger,1585.59922021188,5.81452751,17.2295936666686,24502140.0,Low income
NGA,AFR,Africa,2000,54.05766545,570.44720459,226214.0,200000.0,20.9,Nigeria,4889.00321939426,3.1973834,43.2785051250243,126382494.0,Lower middle income
NGA,AFR,Africa,2001,54.47371595,576.931945801,226394.0,190000.0,21.1,Nigeria,5039.54869772676,3.18946862,44.1262421418539,129862595.0,Lower middle income
NGA,AFR,Africa,2002,54.96389545,565.614379883,230268.0,190000.0,20.7,Nigeria,5654.89706065018,2.49063969,44.9793025536893,133471989.0,Lower middle income
NGA,AFR,Africa,2003,55.58470303,557.203552246,205773.0,180000.0,20.2,Nigeria,5905.31482803165,5.05360985,45.8372080921761,137202644.0,Lower middle income
NGA,AFR,Africa,2004,56.18946769,551.616760254,226329.0,180000.0,20.0,Nigeria,6275.29894529583,4.63368416,46.6994804889599,141057045.0,Lower middle income
NGA,AFR,Africa,2005,56.9174905,536.914733887,209804.0,170000.0,19.4,Nigeria,6496.93228200091,4.46591949,47.5656414756863,145017253.0,Lower middle income
NGA,AFR,Africa,2006,57.55220397,534.575805664,238098.0,170000.0,19.2,Nigeria,6702.94533358778,4.25775146,48.424271994461,149077334.0,Lower middle income
NGA,AFR,Africa,2007,58.17779892,529.041992188,231657.0,160000.0,18.9,Nigeria,6949.42650737506,3.90997243,49.2357987173198,153267261.0,Lower middle income
NGA,AFR,Africa,2008,58.74901559,518.959106445,220910.0,160000.0,18.6,Nigeria,7215.76946222422,3.69581532,50.0505212312351,157595014.0,Lower middle income
NGA,AFR,Africa,2009,59.30198282,519.271728516,218497.0,150000.0,18.6,Nigeria,7581.40572117009,3.5801971,50.86453484762,162049464.0,Lower middle income
NGA,AFR,Africa,2010,59.78799099,511.630187988,199233.0,150000.0,18.3,Nigeria,7962.6395731076,3.29653287,51.6778188255446,166642886.0,Lower middle income
NGA,AFR,Africa,2011,60.1981229,506.359283447,183768.0,140000.0,18.1,Nigeria,8153.53178680367,3.32077932,52.490352424079,171379598.0,Lower middle income
NGA,AFR,Africa,2012,60.64324912,503.183929443,172012.0,130000.0,18.0,Nigeria,8265.9055121162,3.35984254,53.302114902293,176200625.0,Lower middle income
NGA,AFR,Africa,2013,61.04119261,498.501800537,163867.0,120000.0,17.9,Nigeria,8581.207822956,3.4206934,54.1130855192568,181049443.0,Lower middle income
NGA,AFR,Africa,2014,61.37523759,492.149963379,165886.0,110000.0,17.6,Nigeria,8884.77428661657,3.34840417,54.9232435340404,185896915.0,Lower middle income
NGA,AFR,Africa,2015,61.73359862,489.209564209,169052.0,110000.0,17.4,Nigeria,8892.05798706748,3.58194995,55.7325682057138,190671878.0,Lower middle income
NGA,AFR,Africa,2016,62.04834174,486.774932861,171827.0,100000.0,17.3,Nigeria,8534.69281513898,3.64773679,56.541038793347,195443700.0,Lower middle income
NGA,AFR,Africa,2017,62.36209316,480.544586182,177176.0,96000.0,17.1,Nigeria,8396.78452274331,3.74762511,57.3486345560101,200254579.0,Lower middle income
NGA,AFR,Africa,2018,62.68563037,479.777923584,181095.0,93000.0,17.1,Nigeria,8362.62330891339,3.09069347,58.1553347527729,204938755.0,Lower middle income
NGA,AFR,Africa,2019,63.06578367,478.42074585,181560.0,87000.0,17.1,Nigeria,8361.78664857198,2.98547053,58.9611186427056,209485641.0,Lower middle income
NGA,AFR,Africa,2020,62.83540426,498.706512451,200257.0,78000.0,17.9,Nigeria,7664.21099591193,3.38063431,59.7659654848781,213996181.0,Lower middle income
NGA,AFR,Africa,2021,63.3974984,495.45993042,190761.0,72000.0,17.7,Nigeria,7588.47885596359,4.07625723,60.5698545383604,218529286.0,Lower middle income
NIC,AMR,Americas,2000,76.18011127,374.67980957,4.0,0.0,13.4,Nicaragua,4878.24776981667,5.23883677,55.2160707858522,5022633.0,Lower middle income
NIC,AMR,Americas,2001,76.09169207,379.38381958,2.0,0.0,13.7,Nicaragua,4958.32771126837,5.48459768,55.3522521763064,5087825.0,Lower middle income
NIC,AMR,Americas,2002,75.92476263,396.828674316,8.0,0.0,14.4,Nicaragua,4935.48539005128,5.73315859,55.4894961947237,5149909.0,Lower middle income
NIC,AMR,Americas,2003,75.81400954,408.086090088,7.0,0.0,14.3,Nicaragua,5000.6117655634,6.08317614,55.6308042935869,5210963.0,Lower middle income
NIC,AMR,Americas,2004,75.88808385,413.909484863,1.0,0.0,14.3,Nicaragua,5204.38202801757,6.05740356,55.7791779253789,5272912.0,Lower middle income
NIC,AMR,Americas,2005,75.7199093,415.753143311,6.0,0.0,14.8,Nicaragua,5356.95850970538,6.22468948,55.9375480421093,5342105.0,Lower middle income
NIC,AMR,Americas,2006,76.73424987,392.106018066,1.0,0.0,13.1,Nicaragua,5500.40577576797,6.35756445,56.1058547675536,5418855.0,Lower middle income
NIC,AMR,Americas,2007,76.42101694,401.190673828,0.0,0.0,14.0,Nicaragua,5697.21109549591,6.95643044,56.2816618351146,5497243.0,Lower middle income
NIC,AMR,Americas,2008,76.35592363,411.630340576,0.0,0.0,14.4,Nicaragua,5809.09964464617,7.16700697,56.4638124507513,5576593.0,Lower middle income
NIC,AMR,Americas,2009,76.56414767,410.058563232,0.0,0.0,14.1,Nicaragua,5538.3658931707,7.68584394,56.651098305894,5656601.0,Lower middle income
NIC,AMR,Americas,2010,77.06996179,395.346160889,1.0,0.0,13.6,Nicaragua,5701.12790180564,7.71019173,56.842311091973,5737450.0,Lower middle income
NIC,AMR,Americas,2011,76.94363065,408.991363525,1.0,0.0,14.0,Nicaragua,5976.25284495841,7.44982004,57.0362425004184,5819051.0,Lower middle income
NIC,AMR,Americas,2012,77.05200653,407.351196289,2.0,0.0,14.2,Nicaragua,6275.7876907774,7.48836899,57.2316842226606,5901287.0,Lower middle income
NIC,AMR,Americas,2013,77.25621199,406.675323486,0.0,0.0,13.9,Nicaragua,6494.14961103199,7.63869238,57.4274279501299,5983845.0,Lower middle income
NIC,AMR,Americas,2014,77.51891848,404.247131348,0.0,0.0,14.0,Nicaragua,6712.21749816316,7.97716141,57.6222653742564,6066492.0,Lower middle income
NIC,AMR,Americas,2015,78.26048387,378.860015869,1.0,0.0,12.9,Nicaragua,6939.03286207731,7.96303272,57.8149881864705,6149417.0,Lower middle income
NIC,AMR,Americas,2016,77.92580193,392.017883301,2.0,0.0,13.6,Nicaragua,7158.75799760378,8.04877567,58.0043880782023,6232666.0,Lower middle income
NIC,AMR,Americas,2017,78.50836352,374.764343262,1.0,0.0,13.2,Nicaragua,7391.19683946294,8.32754421,58.1892567408822,6316231.0,Lower middle income
NIC,AMR,Americas,2018,78.45090354,377.878173828,3.0,0.0,13.1,Nicaragua,7049.02753442352,8.4993515,58.3683858659405,6400080.0,Lower middle income
NIC,AMR,Americas,2019,78.87404349,370.882598877,1.0,0.0,12.8,Nicaragua,6756.59375829081,8.50037098,58.5405671448072,6483657.0,Lower middle income
NIC,AMR,Americas,2020,75.04233435,342.916870117,0.0,0.0,12.4,Nicaragua,6523.3698502278,8.55739307,58.7045922689128,6565267.0,Lower middle income
NIC,AMR,Americas,2021,75.02796138,306.807830811,0.0,0.0,12.6,Nicaragua,7119.16923360042,9.54984856,58.8592529296875,6644741.0,Lower middle income
NLD,EUR,Europe,2000,78.01203729,464.87097168,0.0,840.0,16.4,Netherlands,56016.8727218416,7.70382404,78.4826828427081,15925513.0,High income
NLD,EUR,Europe,2001,78.21818271,457.847564697,0.0,850.0,15.9,Netherlands,56887.4332731111,8.04176903,80.1840578652121,16046180.0,High income
NLD,EUR,Europe,2002,78.28829662,456.746765137,0.0,910.0,15.7,Netherlands,56664.4134372303,8.61879349,80.8085275226169,16148929.0,High income
NLD,EUR,Europe,2003,78.52543386,446.532623291,0.0,970.0,15.1,Netherlands,56452.8674805644,9.01979256,81.3011308878582,16225302.0,High income
NLD,EUR,Europe,2004,79.09591855,424.183349609,0.0,1000.0,14.5,Netherlands,57391.3645202468,9.07156658,82.250953139759,16281779.0,High income
NLD,EUR,Europe,2005,79.34144338,410.165557861,0.0,1000.0,14.0,Netherlands,58422.0135197444,9.05984592,83.5048949725161,16319868.0,High income
NLD,EUR,Europe,2006,79.71293798,398.166046143,0.0,1000.0,13.5,Netherlands,60391.544265121,9.03575516,84.6532280358545,16346101.0,High income
NLD,EUR,Europe,2007,80.12725056,383.020507813,0.0,1000.0,13.2,Netherlands,62601.6205718183,9.00052166,85.4089231499726,16381696.0,High income
NLD,EUR,Europe,2008,80.25577925,378.267974854,0.0,1000.0,13.0,Netherlands,63678.4032834996,9.21819305,85.6149582464487,16445593.0,High income
NLD,EUR,Europe,2009,80.54360994,365.061096191,0.0,970.0,12.6,Netherlands,61029.7298855714,9.90839005,86.2223179632671,16530388.0,High income
NLD,EUR,Europe,2010,80.68591395,362.200653076,0.0,920.0,12.6,Netherlands,61518.5540088717,10.09452248,87.3502790247129,16615394.0,High income
NLD,EUR,Europe,2011,80.95610777,352.3621521,0.0,850.0,12.1,Netherlands,62318.1416226231,10.14537811,88.0059204972573,16693074.0,High income
NLD,EUR,Europe,2012,80.88872584,353.255126953,0.0,770.0,12.0,Netherlands,61480.8126014961,10.45467281,88.5342462391333,16754962.0,High income
NLD,EUR,Europe,2013,81.11693502,347.588470459,0.0,690.0,11.6,Netherlands,61281.288807752,10.50247383,89.1749992370605,16804432.0,High income
NLD,EUR,Europe,2014,81.45622695,334.985717773,0.0,600.0,11.1,Netherlands,62045.8563802085,10.45699596,89.8364787097165,16865008.0,High income
NLD,EUR,Europe,2015,81.28069061,342.605651855,0.0,510.0,11.2,Netherlands,63081.3941350677,10.18857956,90.2787737214621,16939923.0,High income
NLD,EUR,Europe,2016,81.34048104,339.976989746,0.0,500.0,11.1,Netherlands,64267.736357935,9.89148426,90.5803239452777,17030314.0,High income
NLD,EUR,Europe,2017,81.52798471,331.768981934,0.0,500.0,10.6,Netherlands,65666.0036593237,9.93712521,91.1219700676602,17131296.0,High income
NLD,EUR,Europe,2018,81.8952079,315.408416748,0.0,500.0,10.3,Netherlands,66758.2640145753,9.85083961,92.6062472401044,17231624.0,High income
NLD,EUR,Europe,2019,82.33882776,301.675628662,0.0,500.0,10.0,Netherlands,67847.8542926795,9.93616295,93.8898028856479,17344874.0,High income
NLD,EUR,Europe,2020,81.40141308,296.326782227,0.0,500.0,9.6,Netherlands,64862.1922496366,10.94954681,94.2532277765935,17441500.0,High income
NLD,EUR,Europe,2021,81.12478594,308.123565674,0.0,500.0,9.9,Netherlands,68573.5648786446,11.13498974,94.6294783220315,17533044.0,High income
NOR,EUR,Europe,2000,78.53510862,430.43081665,0.0,0.0,14.3,Norway,77587.2073182558,7.70270586,76.1338922449534,4490967.0,High income
NOR,EUR,Europe,2001,78.74570455,426.360626221,0.0,0.0,14.0,Norway,78791.3045707129,8.00972462,76.3958619273785,4513751.0,High income
NOR,EUR,Europe,2002,78.85942368,421.124206543,0.0,0.0,13.9,Norway,79447.0914824426,8.98267078,76.7955442460288,4538159.0,High income
NOR,EUR,Europe,2003,79.39711298,403.040283203,0.0,0.0,13.1,Norway,79728.7849973309,9.19355106,77.2600021362305,4564855.0,High income
NOR,EUR,Europe,2004,79.81803393,388.53604126,0.0,0.0,12.7,Norway,82440.9558801113,8.79598331,77.5684593888498,4591910.0,High income
NOR,EUR,Europe,2005,80.05177352,375.242919922,0.0,0.0,12.3,Norway,84079.996241889,8.29899502,77.8260148882032,4623291.0,High income
NOR,EUR,Europe,2006,80.28168328,369.261810303,0.0,0.0,12.0,Norway,85458.5466934023,7.8822999,78.0877227783203,4660677.0,High income
NOR,EUR,Europe,2007,80.35099102,369.252868652,0.0,0.0,12.0,Norway,87043.4979357593,8.01673985,78.4072502632828,4709153.0,High income
NOR,EUR,Europe,2008,80.49471477,363.316223145,0.0,0.0,11.7,Norway,86379.6624832291,7.91507673,78.7541006020666,4768212.0,High income
NOR,EUR,Europe,2009,80.74746239,350.446960449,0.0,0.0,11.3,Norway,83642.0695747773,9.03254128,79.0570820210427,4828726.0,High income
NOR,EUR,Europe,2010,80.86687696,350.390167236,0.0,0.0,11.2,Norway,83256.7880722557,8.8581152,79.245002746582,4889252.0,High income
NOR,EUR,Europe,2011,80.96925391,339.961090088,0.0,0.0,10.8,Norway,83092.4342216441,8.73474026,79.311620451463,4953088.0,High income
NOR,EUR,Europe,2012,81.23445235,339.935821533,0.0,0.0,10.6,Norway,84237.1495663816,8.72188568,79.4905925441617,5018573.0,High income
NOR,EUR,Europe,2013,81.43412297,330.215576172,0.0,0.0,10.5,Norway,84070.4583940478,8.87431335,79.9723980455359,5079623.0,High income
NOR,EUR,Europe,2014,81.82844761,319.500488281,0.0,0.0,9.9,Norway,84830.2558016961,9.28297901,80.6117159535579,5137232.0,High income
NOR,EUR,Europe,2015,81.99495023,314.179229736,0.0,0.0,9.5,Norway,85550.2942614495,10.06992245,81.2378240971353,5188607.0,High income
NOR,EUR,Europe,2016,82.11289124,308.302978516,0.0,0.0,9.4,Norway,85787.6174410424,10.53049755,81.6800003051758,5234519.0,High income
NOR,EUR,Europe,2017,82.33383151,300.168823242,0.0,0.0,9.1,Norway,87194.1115421374,10.22983646,81.9699745912375,5276968.0,High income
NOR,EUR,Europe,2018,82.44230107,294.391143799,0.0,0.0,8.7,Norway,87338.4708008985,9.96037865,82.2452112401723,5311916.0,High income
NOR,EUR,Europe,2019,82.65752051,289.004577637,0.0,0.0,8.3,Norway,87725.7283254613,10.43807507,82.4935894878281,5347896.0,High income
NOR,EUR,Europe,2020,82.83923455,282.739807129,0.0,0.0,8.0,Norway,86096.0508947506,11.42416382,82.7029885700532,5379475.0,High income
NOR,EUR,Europe,2021,82.88199872,280.773284912,0.0,0.0,7.8,Norway,88984.1386736515,9.8142643,82.8612877226956,5408320.0,High income
NPL,SEAR,South-East Asia,2000,65.36598722,494.420227051,25.0,5600.0,19.6,Nepal,2340.81563141298,3.13292074,31.0994241803849,24546509.0,Lower middle income
NPL,SEAR,South-East Asia,2001,66.16930825,483.02154541,28.0,5300.0,19.0,Nepal,2413.8142127556,3.81229901,32.808952331543,24946748.0,Lower middle income
NPL,SEAR,South-East Asia,2002,66.45258988,469.454986572,62.0,5100.0,18.5,Nepal,2380.24424587571,3.93863344,35.0358944291182,25328981.0,Lower middle income
NPL,SEAR,South-East Asia,2003,67.3578409,470.147735596,46.0,4900.0,18.4,Nepal,2439.49479601556,3.8560729,38.045308394296,25688758.0,Lower middle income
NPL,SEAR,South-East Asia,2004,67.69735163,466.651519775,7.0,4600.0,18.2,Nepal,2521.54105171428,4.04629898,41.6109470808194,26016656.0,Lower middle income
NPL,SEAR,South-East Asia,2005,68.18944823,465.619689941,10.0,4300.0,18.2,Nepal,2580.23106308364,3.95095325,45.5065633424317,26309458.0,Lower middle income
NPL,SEAR,South-East Asia,2006,68.54567896,472.105499268,42.0,3800.0,18.3,Nepal,2641.34799494749,3.54402447,49.5059100328759,26565425.0,Lower middle income
NPL,SEAR,South-East Asia,2007,68.80504578,459.854370117,39.0,3400.0,18.6,Nepal,2708.7143922589,3.67297482,53.3827400058951,26788492.0,Lower middle income
NPL,SEAR,South-East Asia,2008,69.03486842,472.25088501,25.0,3100.0,18.9,Nepal,2852.60983167965,3.81756353,56.9108061152324,26990037.0,Lower middle income
NPL,SEAR,South-East Asia,2009,69.26898964,486.182434082,8.0,2800.0,19.2,Nepal,2961.83900365912,3.90179515,59.8638612146309,27173035.0,Lower middle income
NPL,SEAR,South-East Asia,2010,69.47191971,493.831787109,6.0,2600.0,19.1,Nepal,3085.31407004502,4.36131525,62.0156581578338,27341952.0,Lower middle income
NPL,SEAR,South-East Asia,2011,69.60828031,510.56930542,2.0,2300.0,19.6,Nepal,3176.65040602417,4.45220184,63.139949798584,27464494.0,Lower middle income
NPL,SEAR,South-East Asia,2012,69.78951932,524.145080566,13.0,2100.0,20.1,Nepal,3316.50073452021,4.49078751,63.6558406194333,27534915.0,Lower middle income
NPL,SEAR,South-East Asia,2013,69.97888467,532.131530762,6.0,1900.0,20.3,Nepal,3426.5579593796,4.63012981,64.1314570156048,27589996.0,Lower middle income
NPL,SEAR,South-East Asia,2014,70.19243321,541.642822266,3.0,1700.0,20.6,Nepal,3621.73168937112,5.07549381,64.5640847098488,27672370.0,Lower middle income
NPL,SEAR,South-East Asia,2015,69.77673885,546.531616211,2.0,1600.0,20.7,Nepal,3745.26182249477,5.46615553,64.9510094249155,27823629.0,Lower middle income
NPL,SEAR,South-East Asia,2016,70.59248,545.737792969,3.0,1400.0,20.5,Nepal,3743.7445783578,5.42378998,65.2895168835553,27955462.0,Lower middle income
NPL,SEAR,South-East Asia,2017,70.84484004,547.609008789,0.0,1200.0,20.4,Nepal,4071.70431755798,4.72174025,65.5768928085184,28011258.0,Lower middle income
NPL,SEAR,South-East Asia,2018,71.10245577,551.079589844,1.0,1100.0,20.5,Nepal,4371.38571771897,4.52845383,65.8104229225551,28079689.0,Lower middle income
NPL,SEAR,South-East Asia,2019,71.36142995,550.763183594,0.0,1000.0,20.4,Nepal,4607.52454717112,4.44524717,65.9873929484157,28414064.0,Lower middle income
NPL,SEAR,South-East Asia,2020,70.98964531,550.101013184,0.0,940.0,20.4,Nepal,4412.5420439395,5.2080965,66.1050886088505,28966574.0,Lower middle income
NPL,SEAR,South-East Asia,2021,70.04936795,533.610107422,1.0,840.0,19.4,Nepal,4546.22970006289,5.53498316,66.144235274522,29475010.0,Lower middle income
NZL,WPR,Western Pacific,2000,78.57519182,430.528839111,0.0,100.0,15.9,New Zealand,35879.7911310766,7.46995974,85.7059660456056,3857700.0,High income
NZL,WPR,Western Pacific,2001,78.46853865,438.008636475,0.0,200.0,15.8,New Zealand,36885.644684201,7.5789361,85.7545174444303,3880500.0,High income
NZL,WPR,Western Pacific,2002,78.65902491,428.813232422,0.0,200.0,15.2,New Zealand,37959.0650638123,7.90034246,85.8061578183401,3948500.0,High income
NZL,WPR,Western Pacific,2003,79.05551434,412.995574951,0.0,200.0,14.6,New Zealand,38976.9126257578,7.72179937,85.857962055807,4027200.0,High income
NZL,WPR,Western Pacific,2004,79.15482107,411.624816895,0.0,200.0,14.3,New Zealand,39971.7705007585,7.90095711,85.9017708294597,4087500.0,High income
NZL,WPR,Western Pacific,2005,79.93637338,380.857727051,0.0,200.0,13.3,New Zealand,40848.2981387428,8.27324677,85.9299325780946,4133900.0,High income
NZL,WPR,Western Pacific,2006,79.88697688,384.421081543,0.0,200.0,13.1,New Zealand,41475.1217441795,8.63846684,85.9356841665703,4184600.0,High income
NZL,WPR,Western Pacific,2007,80.04299252,376.204986572,0.0,200.0,13.0,New Zealand,42346.0894838728,8.32899952,85.9291840664852,4223800.0,High income
NZL,WPR,Western Pacific,2008,80.3067588,364.114746094,0.0,200.0,12.3,New Zealand,41561.1820713151,8.65133667,85.9144723093505,4259800.0,High income
NZL,WPR,Western Pacific,2009,80.56243651,356.465026855,0.0,200.0,12.0,New Zealand,41132.3368456501,9.13566399,85.8918345477824,4302600.0,High income
NZL,WPR,Western Pacific,2010,80.9444522,340.586212158,0.0,200.0,11.8,New Zealand,41270.9285099133,9.09511089,85.8614043258228,4350700.0,High income
NZL,WPR,Western Pacific,2011,80.74980096,347.393859863,0.0,200.0,11.9,New Zealand,41814.8851834052,9.10748196,85.8233151875134,4384000.0,High income
NZL,WPR,Western Pacific,2012,81.08807722,336.152984619,0.0,200.0,11.4,New Zealand,42570.3332823343,9.20243168,85.777700676896,4408100.0,High income
NZL,WPR,Western Pacific,2013,81.36359879,330.377716064,0.0,200.0,11.0,New Zealand,43338.4373782961,8.9393549,85.7080129786455,4442100.0,High income
NZL,WPR,Western Pacific,2014,81.19298738,334.278808594,0.0,200.0,10.9,New Zealand,44255.5046637459,8.97204113,85.5076659530411,4516500.0,High income
NZL,WPR,Western Pacific,2015,81.31375727,331.471160889,0.0,200.0,10.9,New Zealand,44963.8339159182,8.88920593,85.1518763760531,4609400.0,High income
NZL,WPR,Western Pacific,2016,81.73038595,317.234466553,0.0,200.0,10.8,New Zealand,45626.6818435018,8.76869011,84.691365594,4714100.0,High income
NZL,WPR,Western Pacific,2017,81.16380852,334.065979004,0.0,200.0,11.0,New Zealand,46193.2884771696,8.61795807,84.1701025874108,4813600.0,High income
NZL,WPR,Western Pacific,2018,81.75540508,316.276489258,0.0,200.0,10.5,New Zealand,46947.937247914,8.56966972,83.8017846685577,4900600.0,High income
NZL,WPR,Western Pacific,2019,81.81181567,313.1199646,0.0,200.0,10.4,New Zealand,47362.3199332352,8.61898708,83.804965871667,4970300.0,High income
NZL,WPR,Western Pacific,2020,82.5016081,292.338134766,0.0,100.0,10.0,New Zealand,46266.3954728951,9.25240231,83.8138977095908,5072400.0,High income
NZL,WPR,Western Pacific,2021,82.20149177,301.843231201,0.0,100.0,10.3,New Zealand,48248.7176729892,9.55072403,83.8299382585905,5084600.0,High income
OMN,EMR,Eastern Mediterranean,2000,71.65888476,696.893493652,0.0,200.0,30.0,Oman,42086.0431536301,2.68485427,71.5400835229196,2282131.0,High income
OMN,EMR,Eastern Mediterranean,2001,72.18472491,668.958312988,0.0,100.0,29.4,Oman,43492.2863754557,2.70073724,71.5179623016414,2310217.0,High income
OMN,EMR,Eastern Mediterranean,2002,72.45728033,650.592956543,0.0,200.0,28.9,Oman,42654.1482671623,2.77737164,71.5013318111475,2337140.0,High income
OMN,EMR,Eastern Mediterranean,2003,72.75427676,639.642822266,0.0,200.0,28.4,Oman,41247.5873733105,2.77524447,71.4926171971641,2363796.0,High income
OMN,EMR,Eastern Mediterranean,2004,73.14911872,618.492431641,0.0,200.0,28.1,Oman,41351.7687385072,2.59660101,71.5428923484265,2404821.0,High income
OMN,EMR,Eastern Mediterranean,2005,73.361458,610.963317871,0.0,200.0,27.8,Oman,41551.1413844552,2.26479053,71.8577803438712,2459802.0,High income
OMN,EMR,Eastern Mediterranean,2006,73.46705832,609.909606934,0.0,200.0,27.4,Oman,42540.4398485334,2.01985121,72.3920261203777,2514795.0,High income
OMN,EMR,Eastern Mediterranean,2007,73.4022288,607.434448242,0.0,200.0,26.3,Oman,43696.9691440917,2.11371112,73.0679250158092,2570174.0,High income
OMN,EMR,Eastern Mediterranean,2008,73.35031827,615.147399902,0.0,200.0,26.3,Oman,46586.3955926767,1.75567567,73.807772368029,2626529.0,High income
OMN,EMR,Eastern Mediterranean,2009,73.06401823,599.639587402,0.0,200.0,24.9,Oman,48304.1178923167,2.4694581,74.5338635149003,2684659.0,High income
OMN,EMR,Eastern Mediterranean,2010,73.02000136,648.231689453,0.0,200.0,26.9,Oman,48191.6145135737,2.47588587,75.1579724666274,2757446.0,High income
OMN,EMR,Eastern Mediterranean,2011,73.21785366,641.040649414,0.0,200.0,25.5,Oman,44440.3092616125,2.23611403,75.6585803514688,3076763.0,High income
OMN,EMR,Eastern Mediterranean,2012,73.59906631,627.771057129,0.0,200.0,23.7,Oman,41964.0828578552,2.27702832,76.088156621068,3547106.0,High income
OMN,EMR,Eastern Mediterranean,2013,73.91615999,612.199523926,0.0,200.0,22.5,Oman,40854.4853548905,2.5054009,76.4914234214313,3833913.0,High income
OMN,EMR,Eastern Mediterranean,2014,73.9416621,618.989685059,0.0,200.0,22.8,Oman,39639.9870514802,3.13740134,76.8892576748951,4002439.0,High income
OMN,EMR,Eastern Mediterranean,2015,73.77326508,631.562438965,0.0,200.0,22.3,Oman,39813.7887054675,4.07826233,77.3025363037955,4184895.0,High income
OMN,EMR,Eastern Mediterranean,2016,73.72044163,649.106140137,0.0,200.0,21.9,Oman,39860.9893909688,4.17580843,77.7521362304688,4390877.0,High income
OMN,EMR,Eastern Mediterranean,2017,74.14573276,630.021606445,0.0,200.0,21.3,Oman,38691.1077105097,3.95418668,78.3142260040136,4537396.0,High income
OMN,EMR,Eastern Mediterranean,2018,74.96470035,581.841674805,0.0,200.0,20.6,Oman,38673.6045360857,3.21469474,78.9655839720276,4597877.0,High income
OMN,EMR,Eastern Mediterranean,2019,75.28986006,565.571960449,0.0,200.0,20.3,Oman,38292.3859682752,3.80648994,79.5780017545962,4591241.0,High income
OMN,EMR,Eastern Mediterranean,2020,73.88668102,630.846984863,0.0,200.0,17.7,Oman,37560.5998714953,5.11922932,80.0176378922722,4522497.0,High income
OMN,EMR,Eastern Mediterranean,2021,72.47676726,532.058166504,0.0,200.0,14.6,Oman,38719.4587682049,4.34468651,80.1239942103569,4500424.0,High income
PAK,EMR,Eastern Mediterranean,2000,61.40857442,769.001281738,992.0,0.0,30.1,Pakistan,3531.71291531612,2.48079324,33.0046884491535,154879127.0,Lower middle income
PAK,EMR,Eastern Mediterranean,2001,61.67754226,768.207458496,1144.0,0.0,30.1,Pakistan,3559.72784658715,2.33959723,33.1988471664032,159270907.0,Lower middle income
PAK,EMR,Eastern Mediterranean,2002,61.92897932,768.601074219,1001.0,0.0,30.1,Pakistan,3563.67846926558,2.42219901,33.3857078542752,163222549.0,Lower middle income
PAK,EMR,Eastern Mediterranean,2003,62.14630981,768.034118652,991.0,0.0,30.2,Pakistan,3668.77938852508,2.10399199,33.5669209665019,167110248.0,Lower middle income
PAK,EMR,Eastern Mediterranean,2004,62.44387744,763.18939209,643.0,0.0,29.9,Pakistan,3859.64601808903,2.03666282,33.7441369568158,171286000.0,Lower middle income
PAK,EMR,Eastern Mediterranean,2005,61.99158191,757.004699707,923.0,0.0,29.7,Pakistan,4042.15457513378,2.37323904,33.9190062789495,175453212.0,Lower middle income
PAK,EMR,Eastern Mediterranean,2006,63.07149815,749.831359863,882.0,0.0,29.3,Pakistan,4185.86655659206,2.73132491,34.0931793866356,179682690.0,Lower middle income
PAK,EMR,Eastern Mediterranean,2007,63.38445782,739.243774414,879.0,0.0,28.9,Pakistan,4257.92556870432,2.62370729,34.2683067336065,184493231.0,Lower middle income
PAK,EMR,Eastern Mediterranean,2008,63.66141289,734.654785156,679.0,0.0,28.6,Pakistan,4233.34830715497,2.56806731,34.4460387735948,189499113.0,Lower middle income
PAK,EMR,Eastern Mediterranean,2009,63.92267166,729.289611816,1000.0,0.0,28.4,Pakistan,4270.43882264229,2.49995875,34.6280259603331,194376534.0,Lower middle income
PAK,EMR,Eastern Mediterranean,2010,64.14819561,720.724121094,1616.0,0.0,28.1,Pakistan,4228.7817715945,2.42967653,34.8159187475539,199239047.0,Lower middle income
PAK,EMR,Eastern Mediterranean,2011,64.54188869,715.814453125,1814.0,0.0,27.9,Pakistan,4246.06710882497,2.23121333,35.0113675889897,203746065.0,Lower middle income
PAK,EMR,Eastern Mediterranean,2012,64.82124843,713.999267578,1703.0,0.0,27.7,Pakistan,4292.02110293486,2.22185278,35.2160229383731,207667125.0,Lower middle income
PAK,EMR,Eastern Mediterranean,2013,65.10777782,707.579284668,1165.0,0.0,27.7,Pakistan,4407.14705841377,2.4164784,35.4315352494366,211073978.0,Lower middle income
PAK,EMR,Eastern Mediterranean,2014,65.39254995,707.704528809,725.0,0.0,27.5,Pakistan,4520.23463399286,2.48899078,35.6595549759128,214264647.0,Lower middle income
PAK,EMR,Eastern Mediterranean,2015,65.69975806,704.908630371,765.0,0.0,27.3,Pakistan,4645.28631071145,2.49493265,35.9017325715342,217290883.0,Lower middle income
PAK,EMR,Eastern Mediterranean,2016,66.05197225,701.083862305,844.0,0.0,27.1,Pakistan,4886.61212115378,2.57026362,36.1597184900333,220138869.0,Lower middle income
PAK,EMR,Eastern Mediterranean,2017,66.3818317,695.669067383,641.0,0.0,26.9,Pakistan,5031.56060738433,2.7863009,36.4351548223399,223273967.0,Lower middle income
PAK,EMR,Eastern Mediterranean,2018,66.73689511,688.262939453,511.0,0.0,26.5,Pakistan,5255.06350681272,2.82844949,36.7478511550359,226928892.0,Lower middle income
PAK,EMR,Eastern Mediterranean,2019,67.02931501,682.618286133,544.0,0.0,26.3,Pakistan,5295.95295138203,2.84736943,37.1091631735769,230800899.0,Lower middle income
PAK,EMR,Eastern Mediterranean,2020,65.84948383,687.725036621,454.0,0.0,26.5,Pakistan,5135.01459288839,2.95273018,37.5080192948099,235001746.0,Lower middle income
PAK,EMR,Eastern Mediterranean,2021,65.99092295,658.823730469,460.0,0.0,25.5,Pakistan,5367.27364714762,2.99015832,37.9333395514173,239477801.0,Lower middle income
PAN,AMR,Americas,2000,76.15178489,415.631408691,1.0,1200.0,12.7,Panama,14572.9752457781,6.98486614,62.2165370013582,3010369.0,High income
PAN,AMR,Americas,2001,76.07140858,422.630157471,1.0,1200.0,12.4,Panama,14427.8299350708,6.91849852,62.6337017277411,3069537.0,High income
PAN,AMR,Americas,2002,76.2835354,414.722442627,2.0,1200.0,12.7,Panama,14507.1438361336,7.05643845,63.0330904426342,3129344.0,High income
PAN,AMR,Americas,2003,76.1866534,426.265899658,4.0,1200.0,12.6,Panama,14957.5532657251,6.71176672,63.4079949945516,3189807.0,High income
PAN,AMR,Americas,2004,76.4816701,421.766937256,2.0,1200.0,12.5,Panama,15875.1127056615,7.08192825,63.7553758418416,3251155.0,High income
PAN,AMR,Americas,2005,76.45196957,415.988098145,1.0,1200.0,12.3,Panama,16867.960935567,6.20666599,64.0721934428526,3313026.0,High income
PAN,AMR,Americas,2006,76.72660117,400.363861084,1.0,1200.0,12.3,Panama,18190.2741337857,6.54604864,64.355408255933,3375024.0,High income
PAN,AMR,Americas,2007,76.98645861,389.511199951,1.0,1200.0,11.7,Panama,20208.8215796091,7.35227633,64.6019807394311,3437490.0,High income
PAN,AMR,Americas,2008,76.98278869,378.136260986,1.0,1200.0,11.6,Panama,21867.81875743,6.80452538,64.8088713516952,3500648.0,High income
PAN,AMR,Americas,2009,77.16899668,370.597473145,0.0,1300.0,11.7,Panama,21822.98771721,6.9857955,64.9730405510737,3564381.0,High income
PAN,AMR,Americas,2010,76.99379194,378.985778809,1.0,1300.0,11.5,Panama,22739.1106156183,7.22332573,65.0926097647906,3628535.0,High income
PAN,AMR,Americas,2011,77.51683567,364.522796631,0.0,1300.0,11.6,Panama,24999.4605922405,6.83196259,65.1896678664818,3693505.0,High income
PAN,AMR,Americas,2012,77.44906477,373.33013916,1.0,1300.0,11.9,Panama,26926.8852947452,6.50450659,65.2829468288151,3759256.0,High income
PAN,AMR,Americas,2013,77.6523099,366.33291626,0.0,1300.0,11.6,Panama,28135.3278787268,6.52210426,65.3709770103365,3825329.0,High income
PAN,AMR,Americas,2014,77.76557135,365.907470703,0.0,1300.0,11.7,Panama,28931.8044516019,6.91532087,65.4531164770096,3892101.0,High income
PAN,AMR,Americas,2015,78.14484121,363.328613281,0.0,1400.0,11.5,Panama,29933.1555965973,6.93698502,65.5287232947981,3960035.0,High income
PAN,AMR,Americas,2016,78.24463546,365.587432861,0.0,1400.0,10.9,Panama,30765.2371534884,7.09378099,65.5971555296656,4029086.0,High income
PAN,AMR,Americas,2017,78.33177954,366.586639404,0.0,1400.0,11.2,Panama,31979.8122635605,7.16492653,65.6577712475758,4098707.0,High income
PAN,AMR,Americas,2018,78.651343,355.745819092,0.0,1400.0,11.1,Panama,32681.4463581168,7.60132933,65.7099285144924,4167860.0,High income
PAN,AMR,Americas,2019,78.97361247,351.66696167,0.0,1400.0,11.1,Panama,33163.726919217,8.13541794,65.752985396379,4234700.0,High income
PAN,AMR,Americas,2020,77.34684989,323.894866943,0.0,1400.0,10.1,Panama,26881.7987214437,10.21630001,65.7862999591993,4293261.0,High income
PAN,AMR,Americas,2021,77.23869904,341.413909912,0.0,1400.0,10.9,Panama,30932.7627809145,9.13571072,65.8092302689169,4345405.0,High income
PER,AMR,Americas,2000,75.12364237,339.57409668,142.0,6000.0,11.0,Peru,7669.0953178046,4.41482639,72.7724831207703,26598331.0,Upper middle income
PER,AMR,Americas,2001,75.95904765,312.949554443,89.0,5900.0,9.3,Peru,7611.6662817532,4.72161007,73.1565814081586,26964601.0,Upper middle income
PER,AMR,Americas,2002,76.14080179,321.795837402,108.0,5800.0,9.6,Peru,7931.57975039907,4.93902588,73.5500651944675,27288217.0,Upper middle income
PER,AMR,Americas,2003,76.35423675,322.104919434,95.0,5600.0,9.5,Peru,8174.37942683849,4.58703804,73.9558750733136,27580490.0,Upper middle income
PER,AMR,Americas,2004,76.9955842,311.000762939,98.0,5700.0,9.4,Peru,8495.986392858,4.42972279,74.3769516383133,27852190.0,Upper middle income
PER,AMR,Americas,2005,77.53672089,279.205108643,80.0,5700.0,9.4,Peru,8949.95442691077,4.66598511,74.8162354830832,28101180.0,Upper middle income
PER,AMR,Americas,2006,78.10561579,279.963348389,52.0,5500.0,9.2,Peru,9547.91327762554,4.409585,75.2766672012397,28324491.0,Upper middle income
PER,AMR,Americas,2007,78.66735579,263.362701416,43.0,5200.0,8.7,Peru,10286.3548193625,4.42611313,75.7615250588738,28530699.0,Upper middle income
PER,AMR,Americas,2008,78.86141336,267.955841064,34.0,4900.0,8.7,Peru,11151.530521564,4.53098345,76.2744879116779,28719041.0,Upper middle income
PER,AMR,Americas,2009,78.11832326,283.006103516,31.0,4600.0,9.5,Peru,11204.3768755244,4.95976877,76.822147540745,28896811.0,Upper middle income
PER,AMR,Americas,2010,78.21420603,294.766143799,20.0,4300.0,9.7,Peru,12059.0180183322,4.70582962,77.4020936833934,29086019.0,Upper middle income
PER,AMR,Americas,2011,78.64438915,288.075042725,19.0,4300.0,9.6,Peru,12726.5999815198,4.52216864,78.0118164985462,29304086.0,Upper middle income
PER,AMR,Americas,2012,79.02001015,268.020477295,24.0,4500.0,9.2,Peru,13395.3993805891,4.72939587,78.6488061451268,29550366.0,Upper middle income
PER,AMR,Americas,2013,79.48260244,253.902801514,45.0,4900.0,8.9,Peru,14052.1376191683,4.71272659,79.3105527820586,29817919.0,Upper middle income
PER,AMR,Americas,2014,80.00001335,249.736846924,60.0,5200.0,9.0,Peru,14244.5660212948,4.90967321,79.9945465682649,30115826.0,Upper middle income
PER,AMR,Americas,2015,80.33747677,252.25793457,70.0,5600.0,8.6,Peru,14542.7930911313,4.90453625,80.698277662669,30457600.0,Upper middle income
PER,AMR,Americas,2016,80.1644759,263.111663818,69.0,6200.0,8.3,Peru,14917.4489473588,4.89353323,81.4192362241943,30866494.0,Upper middle income
PER,AMR,Americas,2017,79.35847297,279.032592773,64.0,6400.0,8.9,Peru,15069.5221084659,4.80915499,82.1931650502403,31324637.0,Upper middle income
PER,AMR,Americas,2018,78.99013811,305.818450928,48.0,6500.0,9.7,Peru,15386.2601642505,5.0835557,82.6854929960921,31897584.0,Upper middle income
PER,AMR,Americas,2019,78.29293866,325.199707031,35.0,6700.0,10.7,Peru,15463.5432397882,5.12525272,83.1033003087105,32449303.0,Upper middle income
PER,AMR,Americas,2020,72.7753962,349.176116943,23.0,6500.0,12.1,Peru,13609.5999609595,6.34739399,83.5267437189637,32838579.0,Upper middle income
PER,AMR,Americas,2021,71.66727055,336.057769775,17.0,6900.0,12.3,Peru,15280.5512106486,6.67309427,83.9480118272361,33155882.0,Upper middle income
PHL,WPR,Western Pacific,2000,69.97452897,535.241027832,536.0,500.0,21.2,Philippines,4740.43891694569,3.05512357,39.1384171397742,79625397.0,Lower middle income
PHL,WPR,Western Pacific,2001,69.62976888,562.882446289,439.0,500.0,22.2,Philippines,4778.4008437474,2.84775972,39.5375185608843,81401488.0,Lower middle income
PHL,WPR,Western Pacific,2002,69.42147225,586.060302734,180.0,510.0,22.7,Philippines,4856.49948429567,2.63767385,39.9553922931877,83068889.0,Lower middle income
PHL,WPR,Western Pacific,2003,69.52481782,586.907531738,257.0,680.0,22.8,Philippines,5003.38317718716,3.07663488,40.3928506135438,84731835.0,Lower middle income
PHL,WPR,Western Pacific,2004,69.2903715,618.012939453,233.0,890.0,23.3,Philippines,5229.45080700165,3.0468533,40.8507057988121,86394504.0,Lower middle income
PHL,WPR,Western Pacific,2005,69.36187224,616.987609863,167.0,1200.0,23.6,Philippines,5386.81653712891,3.74253035,41.3297701258519,88015962.0,Lower middle income
PHL,WPR,Western Pacific,2006,69.22944541,621.430297852,203.0,1500.0,24.6,Philippines,5578.57225112139,3.77762938,41.8308558715226,89508986.0,Lower middle income
PHL,WPR,Western Pacific,2007,69.58190674,614.350097656,218.0,2200.0,24.6,Philippines,5840.06810169965,3.75318074,42.3470499959497,91075184.0,Lower middle income
PHL,WPR,Western Pacific,2008,69.54674107,618.069580078,144.0,3400.0,24.7,Philippines,5987.03757861835,3.86315918,43.1547492407016,92699095.0,Lower middle income
PHL,WPR,Western Pacific,2009,69.39723001,626.422790527,116.0,4100.0,25.2,Philippines,5965.30730902221,4.16451931,44.3356772609527,94384250.0,Lower middle income
PHL,WPR,Western Pacific,2010,69.68865207,614.123413086,113.0,4700.0,25.0,Philippines,6273.03927731515,4.13107872,45.5208176726647,96337125.0,Lower middle income
PHL,WPR,Western Pacific,2011,69.78448284,613.34954834,47.0,5600.0,25.0,Philippines,6388.31296959977,4.02518559,46.6833632464759,98248614.0,Lower middle income
PHL,WPR,Western Pacific,2012,69.54178119,639.589660645,35.0,6700.0,25.2,Philippines,6697.55620962768,4.17709208,47.9182784810426,100175512.0,Lower middle income
PHL,WPR,Western Pacific,2013,69.44796065,639.541259766,36.0,7900.0,25.0,Philippines,7016.53846470436,4.27408695,49.1313688766206,102076336.0,Lower middle income
PHL,WPR,Western Pacific,2014,69.80391436,634.667602539,30.0,9000.0,25.5,Philippines,7340.361585912,3.70313668,50.2392400212368,103767130.0,Lower middle income
PHL,WPR,Western Pacific,2015,69.51615532,667.528381348,63.0,10000.0,25.3,Philippines,7691.76308685047,3.8982749,51.1549047745227,105312992.0,Lower middle income
PHL,WPR,Western Pacific,2016,69.24553796,665.467285156,38.0,12000.0,26.1,Philippines,8131.82537948653,3.95484328,51.9114748151175,106735719.0,Lower middle income
PHL,WPR,Western Pacific,2017,69.6392585,638.374511719,36.0,13000.0,24.9,Philippines,8584.13622709699,3.96042776,52.6010482354344,108119693.0,Lower middle income
PHL,WPR,Western Pacific,2018,69.67627942,648.757202148,25.0,15000.0,25.0,Philippines,9016.28659637608,3.9538188,53.2088897464754,109465287.0,Lower middle income
PHL,WPR,Western Pacific,2019,69.42943033,666.407104492,31.0,16000.0,25.3,Philippines,9452.2939715981,4.16646004,53.7157859948017,110804683.0,Lower middle income
PHL,WPR,Western Pacific,2020,69.6404352,640.242797852,33.0,18000.0,24.9,Philippines,8455.18457134106,5.16214037,54.1077719895977,112081264.0,Lower middle income
PHL,WPR,Western Pacific,2021,66.40834182,868.383117676,22.0,21000.0,31.9,Philippines,8857.78995115514,5.97500563,54.4504102510776,113100950.0,Lower middle income
PNG,WPR,Western Pacific,2000,63.35685153,707.374938965,3142.0,4100.0,30.4,Papua New Guinea,3326.79859970528,2.0184176,13.2228772276955,5537064.0,Lower middle income
PNG,WPR,Western Pacific,2001,63.3735659,725.579406738,3075.0,4400.0,31.1,Papua New Guinea,3211.75932963208,2.3006382,13.1864094716078,5728435.0,Lower middle income
PNG,WPR,Western Pacific,2002,63.43343076,713.432006836,2635.0,4700.0,30.5,Papua New Guinea,3100.79509952543,2.77562952,13.1530694608835,5924003.0,Lower middle income
PNG,WPR,Western Pacific,2003,63.55882521,719.669494629,2816.0,5000.0,30.5,Papua New Guinea,3064.44402995345,2.4531486,13.1226067833938,6123997.0,Lower middle income
PNG,WPR,Western Pacific,2004,63.6270316,714.747558594,3517.0,5100.0,30.3,Papua New Guinea,3046.33289602666,2.59372902,13.0951673752744,6328041.0,Lower middle income
PNG,WPR,Western Pacific,2005,63.68705774,718.356079102,2796.0,5300.0,30.4,Papua New Guinea,3136.58568251035,2.44874048,13.0708971726612,6535905.0,Lower middle income
PNG,WPR,Western Pacific,2006,63.77212081,722.579467773,2924.0,5400.0,30.5,Papua New Guinea,3202.48730426388,2.42600322,13.04994211169,6747720.0,Lower middle income
PNG,WPR,Western Pacific,2007,64.07514301,716.821716309,2692.0,5500.0,30.7,Papua New Guinea,3345.85030363442,2.42102122,13.0324481284965,6963345.0,Lower middle income
PNG,WPR,Western Pacific,2008,64.35307086,697.763122559,2508.0,5500.0,30.1,Papua New Guinea,3233.91811872812,2.13526058,13.0185611592166,7183002.0,Lower middle income
PNG,WPR,Western Pacific,2009,64.63295489,691.523193359,3378.0,5700.0,29.2,Papua New Guinea,3349.64345389883,2.32937527,13.008427139986,7406438.0,Lower middle income
PNG,WPR,Western Pacific,2010,64.88774886,698.459594727,2354.0,6000.0,29.5,Papua New Guinea,3579.17141222267,2.10756016,13.0021920069407,7633523.0,Lower middle income
PNG,WPR,Western Pacific,2011,65.03278821,700.937011719,2032.0,6100.0,29.6,Papua New Guinea,3514.83277391807,2.29397798,13.0000025015364,7859346.0,Lower middle income
PNG,WPR,Western Pacific,2012,65.16940213,709.897644043,2739.0,6200.0,30.3,Papua New Guinea,3577.4517726759,2.66693544,13.0143796071362,8081390.0,Lower middle income
PNG,WPR,Western Pacific,2013,65.47647701,715.901977539,3452.0,6300.0,30.2,Papua New Guinea,3615.28323843913,2.99727893,13.0582475733094,8302698.0,Lower middle income
PNG,WPR,Western Pacific,2014,65.75249158,737.071899414,3142.0,6300.0,30.9,Papua New Guinea,3998.61805004308,3.27119064,13.1316404025265,8523441.0,Lower middle income
PNG,WPR,Western Pacific,2015,66.00102041,733.350708008,1860.0,6600.0,30.9,Papua New Guinea,4154.52332559184,1.81881714,13.2341359836319,8743246.0,Lower middle income
PNG,WPR,Western Pacific,2016,66.19035356,732.088562012,2568.0,6800.0,30.7,Papua New Guinea,4275.74858615698,2.33063054,13.3653651942392,8961718.0,Lower middle income
PNG,WPR,Western Pacific,2017,66.39410121,715.252685547,2510.0,7300.0,30.1,Papua New Guinea,4322.22282084806,2.22970986,13.5249644881888,9178714.0,Lower middle income
PNG,WPR,Western Pacific,2018,66.51753655,720.606384277,2571.0,8100.0,30.2,Papua New Guinea,4211.1454741469,2.30051899,13.7125720532162,9394513.0,Lower middle income
PNG,WPR,Western Pacific,2019,66.67377821,733.24609375,2694.0,8500.0,30.7,Papua New Guinea,4301.61139205544,2.3253386,13.9278267446947,9609010.0,Lower middle income
PNG,WPR,Western Pacific,2020,66.27049986,700.035888672,2962.0,9200.0,30.3,Papua New Guinea,4077.63132163554,2.30193973,14.1703677185729,9815746.0,Lower middle income
PNG,WPR,Western Pacific,2021,65.48786529,660.867126465,2449.0,9600.0,28.5,Papua New Guinea,3976.90380116956,2.33994722,14.4398342822353,10012896.0,Lower middle income
POL,EUR,Europe,2000,73.69538073,640.128234863,0.0,0.0,25.0,Poland,18566.3546288772,5.26548243,61.7459160613903,38258629.0,High income
POL,EUR,Europe,2001,74.09873292,624.836608887,0.0,0.0,24.4,Poland,18800.6018648402,5.64010143,61.7557708646056,38248076.0,High income
POL,EUR,Europe,2002,74.45428635,604.55078125,0.0,0.0,23.5,Poland,19166.9137058143,6.04828405,61.7581534555696,38230364.0,High income
POL,EUR,Europe,2003,74.54799786,606.506164551,0.0,0.0,23.2,Poland,19855.6317989181,5.93375778,61.7281374379602,38204570.0,High income
POL,EUR,Europe,2004,74.76713155,591.070068359,0.0,0.0,22.9,Poland,20878.6545002534,5.84185648,61.6555172559989,38182222.0,High income
POL,EUR,Europe,2005,74.89551806,582.829101563,0.0,0.0,22.5,Poland,21568.9476594356,5.79073858,61.5497010774856,38165445.0,High income
POL,EUR,Europe,2006,75.11534037,570.196044922,0.0,0.0,22.4,Poland,22921.1975887696,5.78148365,61.4199688499096,38141267.0,High income
POL,EUR,Europe,2007,75.17671647,567.08807373,0.0,0.0,22.2,Poland,24484.0656663756,5.86390114,61.2756005207604,38120560.0,High income
POL,EUR,Europe,2008,75.43243412,552.503479004,0.0,0.0,21.6,Poland,25553.9058406534,6.35196781,61.1258760375274,38125759.0,High income
POL,EUR,Europe,2009,75.638685,546.479736328,0.0,0.0,21.5,Poland,26204.410367111,6.57037735,60.9800753477,38151603.0,High income
POL,EUR,Europe,2010,76.23355347,520.3203125,0.0,0.0,20.6,Poland,27112.1333797381,6.43533468,60.8474783987677,38042794.0,High income
POL,EUR,Europe,2011,76.56402189,502.876647949,0.0,0.0,20.0,Poland,28521.6612623568,6.24533606,60.7357090652544,38063255.0,High income
POL,EUR,Europe,2012,76.63330274,503.657897949,0.0,0.0,20.2,Poland,28952.9157305301,6.22854042,60.6341632788866,38063164.0,High income
POL,EUR,Europe,2013,76.86531254,493.860626221,0.0,0.0,19.8,Poland,29168.624211075,6.44993687,60.5333187465323,38040196.0,High income
POL,EUR,Europe,2014,77.47281866,469.771026611,0.0,0.0,19.1,Poland,30334.8786569618,6.39059496,60.4340063344328,38011735.0,High income
POL,EUR,Europe,2015,77.27808527,482.596740723,0.0,0.0,19.5,Poland,31700.3682364154,6.36490345,60.3362886805635,37986412.0,High income
POL,EUR,Europe,2016,77.66853135,465.514587402,0.0,0.0,18.6,Poland,32675.3052259954,6.5470438,60.2402284228997,37970087.0,High income
POL,EUR,Europe,2017,77.56192606,469.887329102,0.0,0.0,18.2,Poland,34354.5987616319,6.53713226,60.145888199417,37974826.0,High income
POL,EUR,Europe,2018,77.56054122,464.91192627,0.0,0.0,18.2,Poland,36500.4114282584,6.25094128,60.0533306480907,37974750.0,High income
POL,EUR,Europe,2019,77.72984544,457.033111572,0.0,0.0,17.7,Poland,38181.6230334689,6.38906956,59.9626184068963,37965475.0,High income
POL,EUR,Europe,2020,76.38788167,471.162200928,0.0,0.0,17.7,Poland,37852.8021313639,6.42739105,59.8738141138092,37515748.0,High income
POL,EUR,Europe,2021,75.4021086,460.197875977,0.0,0.0,17.0,Poland,41059.5847829682,6.3654809,59.8096513205543,36981559.0,High income
PRI,AMR,Americas,2000,76.24708096,443.965820313,0.0,0.0,15.2,Puerto Rico (US),37298.5450447133,7.222287415,94.4035182032107,3810605.0,High income
PRI,AMR,Americas,2001,76.24165094,441.912994385,0.0,0.0,15.3,Puerto Rico (US),39568.5528383032,7.222287415,94.3774462314518,3818774.0,High income
PRI,AMR,Americas,2002,77.12054839,414.149475098,0.0,0.0,14.3,Puerto Rico (US),39879.7295566967,7.222287415,94.3218712450313,3823701.0,High income
PRI,AMR,Americas,2003,77.39170794,406.415374756,0.0,0.0,14.0,Puerto Rico (US),39876.0670237773,7.222287415,94.2449445194985,3826095.0,High income
PRI,AMR,Americas,2004,77.47011967,402.400756836,0.0,0.0,13.8,Puerto Rico (US),43355.8226365269,7.222287415,94.1544210292187,3826878.0,High income
PRI,AMR,Americas,2005,77.60317033,395.919128418,0.0,0.0,13.6,Puerto Rico (US),42555.7081189669,7.222287415,94.058055748557,3821362.0,High income
PRI,AMR,Americas,2006,78.05684106,381.862121582,0.0,0.0,13.3,Puerto Rico (US),42133.9682748773,7.222287415,93.9636036518786,3805214.0,High income
PRI,AMR,Americas,2007,78.30688641,373.517425537,0.0,0.0,13.1,Puerto Rico (US),41888.6232716478,7.222287415,93.8788197135489,3782995.0,High income
PRI,AMR,Americas,2008,78.51538133,366.633666992,0.0,0.0,12.7,Puerto Rico (US),41358.0689136668,7.222287415,93.8114589079331,3760866.0,High income
PRI,AMR,Americas,2009,78.42308292,365.559112549,0.0,0.0,12.8,Puerto Rico (US),40772.3514249612,7.222287415,93.7692762093964,3740410.0,High income
PRI,AMR,Americas,2010,79.0570999,348.945281982,0.0,0.0,12.1,Puerto Rico (US),40777.6892825687,7.222287415,93.7588772214391,3724465.0,High income
PRI,AMR,Americas,2011,78.60025958,359.616149902,0.0,0.0,12.4,Puerto Rico (US),40972.5364074959,7.222287415,93.7598202101009,3693464.0,High income
PRI,AMR,Americas,2012,79.34782827,340.557220459,0.0,0.0,11.6,Puerto Rico (US),41347.4542013586,7.222287415,93.7630744424317,3661045.0,High income
PRI,AMR,Americas,2013,79.37939532,343.540100098,0.0,0.0,11.8,Puerto Rico (US),41556.7852350074,7.222287415,93.7698316907305,3631427.0,High income
PRI,AMR,Americas,2014,79.89363862,334.14642334,0.0,0.0,11.4,Puerto Rico (US),41593.6798280708,7.222287415,93.7813071818968,3585017.0,High income
PRI,AMR,Americas,2015,80.5149692,316.603973389,0.0,0.0,11.2,Puerto Rico (US),41737.6068571153,7.222287415,93.7987161428303,3535167.0,High income
PRI,AMR,Americas,2016,80.23535619,322.360290527,0.0,0.0,11.3,Puerto Rico (US),41858.2626698462,7.222287415,93.8232738004303,3480432.0,High income
PRI,AMR,Americas,2017,78.42817699,332.244293213,0.0,0.0,11.8,Puerto Rico (US),41479.9977732034,7.222287415,93.8561953815964,3410837.0,High income
PRI,AMR,Americas,2018,80.71857467,307.615509033,0.0,0.0,10.6,Puerto Rico (US),41119.3088051648,7.222287415,93.8986961132283,3290690.0,High income
PRI,AMR,Americas,2019,80.50288098,314.218933105,0.0,0.0,10.7,Puerto Rico (US),41656.3291581369,7.222287415,93.9519912222253,3302691.0,High income
PRI,AMR,Americas,2020,79.93442802,315.378326416,0.0,0.0,10.7,Puerto Rico (US),40171.38668761,7.222287415,94.0116144995587,3281590.0,High income
PRI,AMR,Americas,2021,79.90294803,319.093444824,0.0,0.0,10.1,Puerto Rico (US),40559.474811812,7.222287415,94.0550712597302,3262711.0,High income
PRT,EUR,Europe,2000,76.58820219,486.233642578,0.0,2400.0,15.8,Portugal,35069.827570513,8.60104179,54.4051635389142,10289898.0,High income
PRT,EUR,Europe,2001,76.92951203,474.80581665,0.0,2300.0,15.5,Portugal,35500.226680409,8.62751579,55.0679833009212,10362722.0,High income
PRT,EUR,Europe,2002,77.14647451,468.030212402,0.0,2200.0,15.0,Portugal,35578.5200308997,8.78642941,55.789299869679,10419631.0,High income
PRT,EUR,Europe,2003,77.31485554,467.923553467,0.0,2100.0,14.8,Portugal,35115.3795144127,9.12415695,56.5865509520713,10458821.0,High income
PRT,EUR,Europe,2004,78.12094465,429.356384277,0.0,2000.0,14.0,Portugal,35658.1298257503,9.5325079,57.4171857647664,10483861.0,High income
PRT,EUR,Europe,2005,77.99178078,440.11807251,0.0,1900.0,14.2,Portugal,35870.3092741499,9.65306759,58.2450763389585,10503330.0,High income
PRT,EUR,Europe,2006,78.74114417,408.547912598,0.0,1800.0,13.5,Portugal,36387.5367379519,9.35422611,59.0340947058419,10522288.0,High income
PRT,EUR,Europe,2007,78.95554595,402.948455811,0.0,1700.0,13.1,Portugal,37226.47026267,9.25186634,59.7481128966109,10542964.0,High income
PRT,EUR,Europe,2008,79.19526814,393.12487793,0.0,1600.0,12.8,Portugal,37291.504896966,9.58307838,60.3510029424595,10558177.0,High income
PRT,EUR,Europe,2009,79.40582714,384.284362793,0.0,1600.0,12.6,Portugal,36092.8109314685,10.13070393,60.8066368745822,10568247.0,High income
PRT,EUR,Europe,2010,79.74021661,376.870483398,0.0,1500.0,12.4,Portugal,36703.1141882821,10.01858425,61.0788867241731,10573100.0,High income
PRT,EUR,Europe,2011,80.24005801,357.863677979,0.0,1400.0,12.2,Portugal,36127.2949766154,9.71847439,61.1410698395502,10557560.0,High income
PRT,EUR,Europe,2012,80.21024339,359.663024902,0.0,1300.0,12.1,Portugal,34804.6333340481,9.64000225,61.1409793914666,10514844.0,High income
PRT,EUR,Europe,2013,80.52727852,350.64755249,0.0,1300.0,11.8,Portugal,34651.7719455055,9.39476109,61.1405315215642,10457295.0,High income
PRT,EUR,Europe,2014,80.89996435,337.711456299,0.0,1200.0,11.5,Portugal,35097.4098263229,9.33570766,61.1394537361116,10401062.0,High income
PRT,EUR,Europe,2015,80.89189476,338.843994141,0.0,1100.0,11.5,Portugal,35803.3575649769,9.33309937,61.137469211538,10358076.0,High income
PRT,EUR,Europe,2016,80.90466136,339.846038818,0.0,1100.0,11.5,Portugal,36636.2978441633,9.39989281,61.1343011242723,10325452.0,High income
PRT,EUR,Europe,2017,81.14657369,332.014831543,0.0,1000.0,11.4,Portugal,37943.1150505673,9.32668972,61.1296726507436,10300300.0,High income
PRT,EUR,Europe,2018,81.06316039,334.587768555,0.0,1000.0,11.4,Portugal,39123.6151282571,9.42121029,61.1233069673808,10283822.0,High income
PRT,EUR,Europe,2019,81.36750616,329.705871582,0.0,960.0,11.2,Portugal,40188.2868799219,9.50868607,61.114927250613,10286263.0,High income
PRT,EUR,Europe,2020,80.81837464,323.61541748,0.0,920.0,10.7,Portugal,36852.22873381,10.52074051,61.1042566768691,10297081.0,High income
PRT,EUR,Europe,2021,81.17961003,306.595825195,0.0,890.0,10.5,Portugal,38657.6677223425,11.22031498,61.0951249296597,10361831.0,High income
PRY,AMR,Americas,2000,74.68296704,430.472045898,0.0,810.0,17.5,Paraguay,9998.5928544516,6.01865244,57.5141169408231,5100868.0,Upper middle income
PRY,AMR,Americas,2001,74.99163931,422.918487549,0.0,870.0,16.8,Paraguay,9749.25865842257,5.60815811,57.9686577349574,5187689.0,Upper middle income
PRY,AMR,Americas,2002,75.11313392,424.157165527,0.0,920.0,16.9,Paraguay,9610.74777842153,4.75770569,58.3089732866691,5261328.0,Upper middle income
PRY,AMR,Americas,2003,75.00581985,425.199401855,0.0,960.0,17.4,Paraguay,9903.45028992176,4.90703917,58.5521334403429,5326436.0,Upper middle income
PRY,AMR,Americas,2004,74.56424274,440.656768799,0.0,1000.0,17.9,Paraguay,10187.194394255,4.93224335,58.7421370296254,5388175.0,Upper middle income
PRY,AMR,Americas,2005,74.85137666,443.649597168,0.0,1100.0,17.8,Paraguay,10290.100822296,4.82934713,58.894079141979,5448097.0,Upper middle income
PRY,AMR,Americas,2006,74.82171264,452.706573486,0.0,1100.0,18.0,Paraguay,10672.9933252383,5.01927567,59.0202286834627,5505148.0,Upper middle income
PRY,AMR,Americas,2007,74.95391274,445.971618652,0.0,1100.0,18.1,Paraguay,11141.8704701878,5.02042723,59.1328545601355,5559386.0,Upper middle income
PRY,AMR,Americas,2008,74.99888647,449.114471436,0.0,1100.0,17.6,Paraguay,11751.1391651711,5.03776026,59.2442256780564,5613574.0,Upper middle income
PRY,AMR,Americas,2009,74.78626703,450.837097168,0.0,1200.0,17.9,Paraguay,11601.2854565092,5.52496862,59.3666109432844,5671236.0,Upper middle income
PRY,AMR,Americas,2010,74.73073675,463.889465332,0.0,1200.0,18.0,Paraguay,12738.5765601697,5.46593952,59.5122792618786,5737971.0,Upper middle income
PRY,AMR,Americas,2011,74.93009617,456.362823486,0.0,1200.0,17.2,Paraguay,13109.4665717904,5.82225847,59.693499539898,5814626.0,Upper middle income
PRY,AMR,Americas,2012,75.12046624,455.961669922,0.0,1200.0,17.0,Paraguay,12834.8015915131,6.53144598,59.9212909454702,5897008.0,Upper middle income
PRY,AMR,Americas,2013,75.03958612,460.023040771,0.0,1300.0,16.8,Paraguay,13700.7030515391,6.0642848,60.2375315600901,5982445.0,Upper middle income
PRY,AMR,Americas,2014,75.31468858,462.293670654,0.0,1300.0,16.4,Paraguay,14219.3544308099,6.62719059,60.7101965948157,6069811.0,Upper middle income
PRY,AMR,Americas,2015,75.16683709,468.783996582,0.0,1300.0,16.6,Paraguay,14427.6002349811,6.69165802,61.3302768533263,6159103.0,Upper middle income
PRY,AMR,Americas,2016,74.86420083,477.013977051,0.0,1300.0,16.7,Paraguay,14826.6636909978,6.67556572,62.0827613208606,6249126.0,Upper middle income
PRY,AMR,Americas,2017,75.34684774,466.881286621,0.0,1300.0,16.4,Paraguay,15320.3366476954,6.60902548,62.9526389826574,6338660.0,Upper middle income
PRY,AMR,Americas,2018,75.22367023,473.287536621,0.0,1300.0,16.5,Paraguay,15592.9841390322,6.74497652,63.9248988239553,6427382.0,Upper middle income
PRY,AMR,Americas,2019,75.07903551,473.203887939,0.0,1300.0,16.5,Paraguay,15321.3245528947,7.16081905,64.9845298299929,6515058.0,Upper middle income
PRY,AMR,Americas,2020,75.24817035,432.726806641,0.0,1300.0,15.5,Paraguay,14991.6606201148,7.67533064,66.116520986009,6603739.0,Upper middle income
PRY,AMR,Americas,2021,70.27080999,455.78225708,0.0,1300.0,16.1,Paraguay,15406.1670646576,8.03277016,67.3058612772421,6684182.0,Upper middle income
PSE,EMR,Eastern Mediterranean,2000,69.88946674,775.156066895,0.0,0.0,25.2,West Bank and Gaza,4520.88992531975,9.46541214,72.0694328572656,2922153.0,Lower middle income
PSE,EMR,Eastern Mediterranean,2001,69.33250971,774.731994629,0.0,0.0,25.2,West Bank and Gaza,3996.50878001821,10.3154583,73.7258284491139,2997784.0,Lower middle income
PSE,EMR,Eastern Mediterranean,2002,68.63142308,779.20904541,0.0,0.0,25.4,West Bank and Gaza,3409.17287422698,11.04674053,75.4978748965208,3075373.0,Lower middle income
PSE,EMR,Eastern Mediterranean,2003,69.63177214,771.535705566,0.0,0.0,25.0,West Bank and Gaza,3788.92652721128,9.55897141,77.2865026687292,3154969.0,Lower middle income
PSE,EMR,Eastern Mediterranean,2004,69.48491624,779.68572998,0.0,0.0,24.9,West Bank and Gaza,4503.08034061409,11.37928772,78.9926422349822,3236626.0,Lower middle income
PSE,EMR,Eastern Mediterranean,2005,70.5600974,778.569458008,0.0,0.0,24.6,West Bank and Gaza,4885.07252184444,10.99557114,80.5172240645229,3320396.0,Lower middle income
PSE,EMR,Eastern Mediterranean,2006,69.22549809,775.598083496,0.0,0.0,24.4,West Bank and Gaza,4714.37331793342,10.50240231,81.7611786265942,3406334.0,Lower middle income
PSE,EMR,Eastern Mediterranean,2007,70.80594736,777.962646484,0.0,0.0,24.2,West Bank and Gaza,4769.52328096801,9.58784008,82.596126313073,3494496.0,Lower middle income
PSE,EMR,Eastern Mediterranean,2008,68.97864967,765.365478516,0.0,0.0,23.6,West Bank and Gaza,4984.80579890695,10.52610016,83.0979098899913,3591977.0,Lower middle income
PSE,EMR,Eastern Mediterranean,2009,69.43075818,755.221313477,0.0,0.0,23.2,West Bank and Gaza,5270.66331643219,10.76468372,83.5050344815957,3689099.0,Lower middle income
PSE,EMR,Eastern Mediterranean,2010,72.64524424,748.535217285,0.0,0.0,23.0,West Bank and Gaza,5432.24363072522,9.10499382,83.8853491139676,3786161.0,Lower middle income
PSE,EMR,Eastern Mediterranean,2011,72.78320408,733.678955078,0.0,0.0,23.2,West Bank and Gaza,5805.32115329251,11.34622478,84.2340950604341,3882986.0,Lower middle income
PSE,EMR,Eastern Mediterranean,2012,73.09729954,690.448669434,0.0,0.0,22.4,West Bank and Gaza,6009.10925822042,10.30110455,84.5465135943222,3979998.0,Lower middle income
PSE,EMR,Eastern Mediterranean,2013,74.20101603,653.352172852,0.0,0.0,21.0,West Bank and Gaza,6142.20204342591,10.44874382,84.8178459889593,4076708.0,Lower middle income
PSE,EMR,Eastern Mediterranean,2014,74.19704282,636.955200195,0.0,0.0,20.3,West Bank and Gaza,5990.42661523778,9.92015553,85.0433335176723,4173398.0,Lower middle income
PSE,EMR,Eastern Mediterranean,2015,74.56005234,628.257507324,0.0,0.0,20.4,West Bank and Gaza,6072.65031768549,9.28473282,85.2182174537886,4270092.0,Lower middle income
PSE,EMR,Eastern Mediterranean,2016,74.99064876,601.496826172,0.0,0.0,19.6,West Bank and Gaza,6464.13352537371,9.0039854,85.3377390706351,4367088.0,Lower middle income
PSE,EMR,Eastern Mediterranean,2017,75.45369565,578.929016113,0.0,0.0,18.8,West Bank and Gaza,6426.79521615335,9.1223526,85.3782255354,4454805.0,Lower middle income
PSE,EMR,Eastern Mediterranean,2018,75.71172174,562.931945801,0.0,0.0,18.3,West Bank and Gaza,6342.9374800852,9.65617657,85.5351131070872,4569087.0,Lower middle income
PSE,EMR,Eastern Mediterranean,2019,75.83098235,559.388977051,0.0,0.0,18.5,West Bank and Gaza,6269.89134527985,9.18576908,85.8136174183656,4685306.0,Lower middle income
PSE,EMR,Eastern Mediterranean,2020,75.1341365,548.397888184,0.0,0.0,18.1,West Bank and Gaza,5423.68254653126,10.27610207,86.0741183743925,4803269.0,Lower middle income
PSE,EMR,Eastern Mediterranean,2021,73.49178033,557.942749023,0.0,0.0,18.3,West Bank and Gaza,5663.12160743584,10.4347353,86.334956387337,4922749.0,Lower middle income
QAT,EMR,Eastern Mediterranean,2000,70.38243907,948.436218262,0.0,100.0,28.8,Qatar,93186.9710440179,1.97258496,96.2942718926638,644989.0,High income
QAT,EMR,Eastern Mediterranean,2001,70.31526721,967.935791016,0.0,100.0,28.6,Qatar,92115.7349961796,2.3197093,96.4674307551724,677925.0,High income
QAT,EMR,Eastern Mediterranean,2002,70.33186981,984.973327637,0.0,100.0,28.8,Qatar,94111.5966588338,2.46044064,96.6424497593905,711205.0,High income
QAT,EMR,Eastern Mediterranean,2003,70.55987989,966.229858398,0.0,100.0,28.4,Qatar,93224.3623187548,3.50257182,96.8311182064009,744682.0,High income
QAT,EMR,Eastern Mediterranean,2004,70.84074247,939.809448242,0.0,100.0,27.5,Qatar,107023.577147067,3.18311739,97.0472579559041,773332.0,High income
QAT,EMR,Eastern Mediterranean,2005,71.03950228,917.691101074,0.0,100.0,26.7,Qatar,107784.417294658,2.56300044,97.3016654918171,825408.0,High income
QAT,EMR,Eastern Mediterranean,2006,71.48490844,879.833312988,0.0,100.0,25.1,Qatar,115383.630413612,2.288064,97.5827378795062,972831.0,High income
QAT,EMR,Eastern Mediterranean,2007,71.89910857,863.558105469,0.0,100.0,24.0,Qatar,109579.67852883,2.07008052,97.8663125111735,1208595.0,High income
QAT,EMR,Eastern Mediterranean,2008,72.36968987,825.606994629,0.0,100.0,22.7,Qatar,109206.297312914,1.63775349,98.1295193937322,1426938.0,High income
QAT,EMR,Eastern Mediterranean,2009,72.77133296,796.133972168,0.0,100.0,21.4,Qatar,108435.74676157,2.38356304,98.3494885340955,1608903.0,High income
QAT,EMR,Eastern Mediterranean,2010,73.45657467,745.68182373,0.0,100.0,20.0,Qatar,129044.708988673,1.87017763,98.5066232166665,1616832.0,High income
QAT,EMR,Eastern Mediterranean,2011,74.27799506,677.907348633,0.0,100.0,18.6,Qatar,145590.759374614,1.599962,98.6300610210909,1624761.0,High income
QAT,EMR,Eastern Mediterranean,2012,74.98566602,621.240783691,0.0,100.0,17.5,Qatar,143830.55475292,1.74822152,98.7428010471968,1722438.0,High income
QAT,EMR,Eastern Mediterranean,2013,75.79521614,560.983154297,0.0,100.0,16.4,Qatar,136453.930654184,2.07620168,98.8357621827901,1916426.0,High income
QAT,EMR,Eastern Mediterranean,2014,76.57011341,514.862121582,0.0,100.0,15.5,Qatar,128013.946689103,2.42293572,98.901627838826,2151745.0,High income
QAT,EMR,Eastern Mediterranean,2015,77.79140376,456.891448975,0.0,100.0,14.6,Qatar,123070.823231761,3.63581347,98.9382407681154,2344557.0,High income
QAT,EMR,Eastern Mediterranean,2016,78.22428304,441.889709473,0.0,100.0,14.1,Qatar,120054.244506415,3.54971433,98.9855265345423,2477113.0,High income
QAT,EMR,Eastern Mediterranean,2017,78.5144035,432.010803223,0.0,100.0,13.7,Qatar,115064.83603436,3.21237087,99.0310125265978,2545820.0,High income
QAT,EMR,Eastern Mediterranean,2018,78.6332828,429.157287598,0.0,100.0,13.4,Qatar,114909.792335472,2.96176219,99.0755684762244,2580734.0,High income
QAT,EMR,Eastern Mediterranean,2019,78.89595906,421.265197754,0.0,100.0,12.9,Qatar,113160.839750596,3.18468714,99.1191696672067,2638657.0,High income
QAT,EMR,Eastern Mediterranean,2020,77.27588364,469.650817871,0.0,100.0,12.0,Qatar,103061.899444607,3.81872201,99.1617913833034,2794148.0,High income
QAT,EMR,Eastern Mediterranean,2021,76.7101384,479.909545898,0.0,100.0,12.1,Qatar,116832.656941972,2.8927927,99.203408908243,2504910.0,High income
ROU,EUR,Europe,2000,71.14174922,737.336853027,0.0,700.0,26.4,Romania,14853.6679659943,4.20876169,52.8619549004535,22442971.0,High income
ROU,EUR,Europe,2001,71.21463166,738.096557617,0.0,680.0,26.6,Romania,15848.3696371638,4.37598133,52.764808691157,22131970.0,High income
ROU,EUR,Europe,2002,70.90278508,770.922668457,0.0,680.0,27.2,Romania,17061.7001240442,4.57694626,52.7466427937759,21730496.0,High income
ROU,EUR,Europe,2003,71.23111832,761.100036621,0.0,690.0,26.7,Romania,17587.5355528951,5.37136793,52.8023493819682,21574326.0,High income
ROU,EUR,Europe,2004,71.76511513,726.222412109,0.0,710.0,25.7,Romania,19532.5610216283,5.47733593,52.9175295523808,21451748.0,High income
ROU,EUR,Europe,2005,72.09847343,722.370056152,0.0,620.0,25.5,Romania,20571.0108222199,5.52778196,53.074507031037,21319685.0,High income
ROU,EUR,Europe,2006,72.58593443,697.663879395,0.0,620.0,24.8,Romania,22354.6564902844,5.07106066,53.2566380678272,21193760.0,High income
ROU,EUR,Europe,2007,73.13558178,666.78527832,0.0,620.0,24.1,Romania,24328.4940230196,5.02223349,53.4472789126416,20882982.0,High income
ROU,EUR,Europe,2008,73.30477662,654.773986816,0.0,620.0,23.7,Romania,27039.7122195334,5.02277184,53.6297858153706,20537875.0,High income
ROU,EUR,Europe,2009,73.44267621,654.392272949,0.0,620.0,23.7,Romania,25761.7373850906,5.27816248,53.7875150259042,20367487.0,High income
ROU,EUR,Europe,2010,73.69918195,646.954467773,0.0,620.0,23.1,Romania,24903.0077613835,5.63882685,53.9038227941329,20246871.0,High income
ROU,EUR,Europe,2011,74.44084112,616.962646484,0.0,610.0,22.1,Romania,26150.8560702105,4.47503996,53.9608874244169,20147528.0,High income
ROU,EUR,Europe,2012,74.34204624,612.135314941,0.0,610.0,22.0,Romania,26767.5666532405,4.50939083,53.9563092496073,20058035.0,High income
ROU,EUR,Europe,2013,75.00346495,582.211425781,0.0,630.0,21.4,Romania,26942.0436130341,5.2240696,53.9101758034365,19983693.0,High income
ROU,EUR,Europe,2014,74.86061311,589.738525391,0.0,650.0,21.6,Romania,28156.2475476815,5.0276823,53.8267187624053,19908979.0,High income
ROU,EUR,Europe,2015,74.90936922,591.137451172,0.0,640.0,21.6,Romania,29181.9991893663,4.94292021,53.7071839518893,19815616.0,High income
ROU,EUR,Europe,2016,75.08359177,580.24005127,0.0,610.0,21.7,Romania,30189.2729172886,5.08012772,53.5528171972639,19702267.0,High income
ROU,EUR,Europe,2017,75.11122981,578.99407959,0.0,590.0,21.6,Romania,32852.7718069627,5.18878555,53.3648643239046,19588715.0,High income
ROU,EUR,Europe,2018,75.12257592,575.217041016,0.0,560.0,21.8,Romania,34829.0402990684,5.51454878,53.1445711571868,19473970.0,High income
ROU,EUR,Europe,2019,75.4603753,554.776916504,0.0,530.0,21.1,Romania,36399.6255565426,5.69924641,52.8931835224862,19371648.0,High income
ROU,EUR,Europe,2020,74.09623224,567.215576172,0.0,500.0,21.5,Romania,35283.7523567852,6.20959711,52.611947245178,19265250.0,High income
ROU,EUR,Europe,2021,72.76430945,571.513671875,0.0,500.0,21.5,Romania,37534.1559176911,6.45246983,52.2321512130811,19122059.0,High income
RUS,EUR,Europe,2000,65.15997475,938.20526123,0.0,0.0,36.9,Russian Federation,20104.75,5.01989794,73.1568222045898,146596869.0,High income
RUS,EUR,Europe,2001,65.100666,943.250976563,0.0,0.0,37.3,Russian Federation,21219.904296875,5.24284792,73.22998046875,145976482.0,High income
RUS,EUR,Europe,2002,64.86108252,970.238098145,0.0,0.0,38.1,Russian Federation,22319.677734375,5.52166557,73.2929008030615,145306497.0,High income
RUS,EUR,Europe,2003,64.72303979,998.919250488,0.0,0.0,38.1,Russian Federation,24057.927734375,5.16368914,73.4057388305664,144648618.0,High income
RUS,EUR,Europe,2004,65.14346957,966.809936523,0.0,0.0,37.2,Russian Federation,25894.146484375,4.7603755,73.3065795898438,144067316.0,High income
RUS,EUR,Europe,2005,65.18978014,972.158569336,0.0,0.0,37.3,Russian Federation,27656.658203125,4.77177477,73.1613922119141,143518814.0,High income
RUS,EUR,Europe,2006,66.48842347,909.410461426,0.0,0.0,34.6,Russian Federation,30022.671875,4.76654387,73.2439193725586,143049637.0,High income
RUS,EUR,Europe,2007,67.42224647,861.006164551,0.0,0.0,32.9,Russian Federation,32630.369140625,4.74792528,73.3856048583984,142805114.0,High income
RUS,EUR,Europe,2008,67.78990217,850.731323242,0.0,0.0,32.8,Russian Federation,34342.2265625,4.90364122,73.4822463989258,142742366.0,High income
RUS,EUR,Europe,2009,68.55662333,815.339355469,0.0,0.0,31.5,Russian Federation,31654.00390625,5.64392471,73.5288696289062,142785348.0,High income
RUS,EUR,Europe,2010,68.82506177,803.106384277,0.0,0.0,30.9,Russian Federation,33063.5859375,4.97111797,73.6696307887624,142849468.0,High income
RUS,EUR,Europe,2011,69.77052933,745.375671387,0.0,0.0,29.0,Russian Federation,34444.64453125,4.79491472,73.8534851074219,143018195.0,High income
RUS,EUR,Europe,2012,70.1880117,721.470397949,0.0,0.0,27.6,Russian Federation,35740.69921875,4.93637276,73.97265625,143378447.0,High income
RUS,EUR,Europe,2013,70.69584464,697.532043457,0.0,0.0,26.6,Russian Federation,36260.06640625,5.08104849,74.0762949770228,143805638.0,High income
RUS,EUR,Europe,2014,70.68556822,704.384338379,0.0,0.0,28.0,Russian Federation,35853.24609375,5.1820941,74.1776476748791,144237223.0,High income
RUS,EUR,Europe,2015,71.29790344,683.894470215,0.0,0.0,26.0,Russian Federation,35037.15234375,5.29604626,74.275919065527,144640716.0,High income
RUS,EUR,Europe,2016,71.6156235,681.745605469,0.0,0.0,26.1,Russian Federation,35005.44921875,5.28970337,74.3703138709243,145015460.0,High income
RUS,EUR,Europe,2017,72.49941608,649.057495117,0.0,0.0,24.9,Russian Federation,35570.390625,5.35890055,74.460036813029,145293260.0,High income
RUS,EUR,Europe,2018,72.66311936,645.734008789,0.0,0.0,25.0,Russian Federation,36536.6953125,5.35520792,74.5442926137992,145398106.0,High income
RUS,EUR,Europe,2019,73.21856487,620.281921387,0.0,0.0,24.0,Russian Federation,37319.3203125,5.64849091,74.6222859951926,145453291.0,High income
RUS,EUR,Europe,2020,71.37748039,568.363586426,0.0,0.0,22.0,Russian Federation,36376.3359375,8.04076004,74.6932216791674,145245148.0,High income
RUS,EUR,Europe,2021,70.017337,585.179260254,0.0,0.0,22.4,Russian Federation,38638.4296875,7.0299139,74.7516840220252,144746762.0,High income
RWA,AFR,Africa,2000,46.89447249,1047.665039063,6177.0,25000.0,37.6,Rwanda,1016.66199090104,3.57583427,15.7804474645996,8213931.0,Low income
RWA,AFR,Africa,2001,48.33271376,967.123352051,5525.0,25000.0,34.7,Rwanda,1093.18409838429,3.31599975,16.5487399668155,8287094.0,Low income
RWA,AFR,Africa,2002,50.60960504,895.783874512,5385.0,22000.0,31.8,Rwanda,1220.7394919553,3.12787294,16.8778847116752,8400180.0,Low income
RWA,AFR,Africa,2003,52.47567981,824.719421387,4420.0,19000.0,29.1,Rwanda,1220.49916686742,6.92888737,16.8947432312369,8586875.0,Low income
RWA,AFR,Africa,2004,54.65577616,762.521728516,3689.0,18000.0,26.9,Rwanda,1277.19280440829,7.50856972,16.9020099536792,8816844.0,Low income
RWA,AFR,Africa,2005,57.02758036,716.094177246,3371.0,17000.0,25.1,Rwanda,1360.29587570276,7.71997023,16.9072114459454,9054528.0,Low income
RWA,AFR,Africa,2006,59.15292023,686.414855957,3153.0,16000.0,23.9,Rwanda,1446.71094686551,7.60511971,16.9110139245047,9299246.0,Low income
RWA,AFR,Africa,2007,60.82526391,665.773681641,3056.0,14000.0,23.0,Rwanda,1516.26750609323,7.86262226,16.9140836058266,9549933.0,Low income
RWA,AFR,Africa,2008,62.1374836,649.594726563,3007.0,13000.0,22.3,Rwanda,1641.77767401672,7.55971909,16.9170867063804,9804269.0,Low income
RWA,AFR,Africa,2009,62.96873523,633.070800781,2969.0,12000.0,21.6,Rwanda,1699.94452992694,7.79951382,16.9206894426355,10060432.0,Low income
RWA,AFR,Africa,2010,64.20018842,628.340637207,3002.0,11000.0,21.2,Rwanda,1779.15851051568,8.08185482,16.9255580310614,10317553.0,Low income
RWA,AFR,Africa,2011,65.04603076,623.70690918,2977.0,9700.0,20.9,Rwanda,1874.21498172873,7.93233776,16.9323586881273,10573733.0,Low income
RWA,AFR,Africa,2012,65.68582887,620.33013916,2955.0,9400.0,20.8,Rwanda,1988.01219478847,8.1021471,16.9410248882148,10829901.0,Low income
RWA,AFR,Africa,2013,66.2811484,617.197875977,2954.0,9100.0,20.6,Rwanda,2032.40480194092,6.77388763,17.0742206053612,11093340.0,Low income
RWA,AFR,Africa,2014,66.67115526,615.901977539,2959.0,7500.0,20.6,Rwanda,2106.21454365589,6.98448992,17.5020716539756,11364757.0,Low income
RWA,AFR,Africa,2015,66.96378175,613.090637207,2996.0,6900.0,20.6,Rwanda,2238.53941469642,6.65061283,18.1953149858416,11640022.0,Low income
RWA,AFR,Africa,2016,67.17638437,608.895568848,3053.0,5800.0,20.5,Rwanda,2316.63731573814,5.968925,19.1213951786548,11919183.0,Low income
RWA,AFR,Africa,2017,67.42986245,612.418640137,3107.0,4900.0,20.5,Rwanda,2351.59686866227,5.37623835,20.2477568101111,12202060.0,Low income
RWA,AFR,Africa,2018,67.62644841,612.867370605,3143.0,4500.0,20.4,Rwanda,2493.44001744938,5.45722818,21.5418444579064,12487996.0,Low income
RWA,AFR,Africa,2019,67.75562916,613.696716309,3139.0,3700.0,20.4,Rwanda,2667.46458436613,4.91471481,22.9711026997362,12776103.0,Low income
RWA,AFR,Africa,2020,68.26351399,606.932006836,3186.0,3200.0,20.2,Rwanda,2520.31739425373,5.79862261,24.5029761132966,13065837.0,Low income
RWA,AFR,Africa,2021,67.54213882,608.538269043,3263.0,3400.0,20.0,Rwanda,2733.43566762447,6.23147202,26.1049092762833,13355260.0,Low income
SAU,EMR,Eastern Mediterranean,2000,70.56634565,781.429992676,0.0,540.0,19.5,Saudi Arabia,55962.2661342789,4.2115941,79.9704860819453,16177722.0,High income
SAU,EMR,Eastern Mediterranean,2001,70.80307838,774.186950684,0.0,500.0,19.2,Saudi Arabia,53309.111388544,4.46173573,80.155242811133,17041397.0,High income
SAU,EMR,Eastern Mediterranean,2002,71.0757645,766.910461426,0.0,500.0,18.9,Saudi Arabia,50371.9783079834,4.2493763,80.3438134074234,17910910.0,High income
SAU,EMR,Eastern Mediterranean,2003,71.30662801,761.391662598,0.0,500.0,18.7,Saudi Arabia,52234.649280791,3.97909737,80.5414456330177,18786767.0,High income
SAU,EMR,Eastern Mediterranean,2004,71.6044008,749.843933105,0.0,200.0,18.6,Saudi Arabia,54196.5514152953,3.58400965,80.7542316538166,19669480.0,High income
SAU,EMR,Eastern Mediterranean,2005,71.81634573,738.276062012,0.0,100.0,18.5,Saudi Arabia,54931.7942450845,3.4186728,80.9775503092999,20559890.0,High income
SAU,EMR,Eastern Mediterranean,2006,72.03628203,716.68927002,0.0,100.0,18.7,Saudi Arabia,54373.737695386,3.61922002,81.2008588083072,21459144.0,High income
SAU,EMR,Eastern Mediterranean,2007,72.35473902,681.872009277,0.0,100.0,18.7,Saudi Arabia,53318.4191601834,3.56229162,81.4230015549063,22368313.0,High income
SAU,EMR,Eastern Mediterranean,2008,72.99776938,638.003662109,0.0,100.0,18.1,Saudi Arabia,54407.7081673247,2.97100711,81.6441431042994,23287877.0,High income
SAU,EMR,Eastern Mediterranean,2009,73.90009021,586.528869629,0.0,100.0,17.1,Saudi Arabia,51760.7643987566,4.29042768,81.8644480116889,24217654.0,High income
SAU,EMR,Eastern Mediterranean,2010,74.89591575,534.608154297,0.0,100.0,15.9,Saudi Arabia,54911.547517012,3.64786148,82.0791668544465,23978487.0,High income
SAU,EMR,Eastern Mediterranean,2011,76.13164239,476.169952393,0.0,200.0,14.1,Saudi Arabia,58645.4459416531,3.68218255,82.2543876159947,25091867.0,High income
SAU,EMR,Eastern Mediterranean,2012,77.02520885,438.600769043,0.0,200.0,12.9,Saudi Arabia,59471.7001909394,3.98779845,82.4311918025358,26168861.0,High income
SAU,EMR,Eastern Mediterranean,2013,77.33139242,431.787353516,0.0,200.0,12.5,Saudi Arabia,57998.4644619155,4.42293596,82.6071884619102,27624004.0,High income
SAU,EMR,Eastern Mediterranean,2014,77.22323995,444.084777832,0.0,500.0,12.7,Saudi Arabia,58872.2671400126,5.15800905,82.7822571294871,28309273.0,High income
SAU,EMR,Eastern Mediterranean,2015,76.88889936,457.804046631,0.0,500.0,12.9,Saudi Arabia,58498.5399040699,5.8620224,82.9562773406163,29816382.0,High income
SAU,EMR,Eastern Mediterranean,2016,76.75114086,469.610778809,0.0,500.0,13.1,Saudi Arabia,57308.4484127497,6.24142838,83.129128630626,30954198.0,High income
SAU,EMR,Eastern Mediterranean,2017,76.74293531,487.445098877,0.0,500.0,13.8,Saudi Arabia,57942.5484983044,6.03126049,83.300690534822,30977355.0,High income
SAU,EMR,Eastern Mediterranean,2018,76.81092084,494.624847412,0.0,500.0,14.2,Saudi Arabia,61359.4653740388,5.34063101,83.4708425884849,30196281.0,High income
SAU,EMR,Eastern Mediterranean,2019,76.93147355,492.223602295,0.0,580.0,14.3,Saudi Arabia,62647.7299487842,5.46743011,83.6394643268678,30063799.0,High income
SAU,EMR,Eastern Mediterranean,2020,76.05844679,452.878448486,0.0,720.0,13.5,Saudi Arabia,57420.7335736424,6.64630127,83.8064352851942,31552510.0,High income
SAU,EMR,Eastern Mediterranean,2021,76.42921259,462.094970703,0.0,880.0,13.6,Saudi Arabia,62690.4966645929,5.93033648,83.9716349986538,30784383.0,High income
SDN,EMR,Eastern Mediterranean,2000,62.48898469,684.459350586,6389.0,2500.0,26.7,Sudan,3575.85205078125,3.60664487,32.3435880462815,27816745.0,Low income
SDN,EMR,Eastern Mediterranean,2001,62.9787096,674.481323242,6098.0,2500.0,26.3,Sudan,3701.548828125,3.36456871,32.3760415318304,28516770.0,Low income
SDN,EMR,Eastern Mediterranean,2002,63.22443726,667.192199707,4901.0,2500.0,26.0,Sudan,3814.31323242188,3.30010891,32.4038820246832,29228727.0,Low income
SDN,EMR,Eastern Mediterranean,2003,63.67737719,655.551574707,4624.0,2600.0,25.5,Sudan,3946.92260742188,3.89187932,32.4271684741748,29896035.0,Low income
SDN,EMR,Eastern Mediterranean,2004,63.6815858,644.836547852,4245.0,2600.0,25.0,Sudan,4041.05712890625,4.15593481,32.4459598296403,30556637.0,Low income
SDN,EMR,Eastern Mediterranean,2005,64.87410418,636.37701416,4261.0,2600.0,24.6,Sudan,4152.32275390625,4.09418154,32.4603150404146,31262444.0,Low income
SDN,EMR,Eastern Mediterranean,2006,65.28684508,630.08190918,4275.0,2600.0,24.2,Sudan,4299.97412109375,4.88544321,32.4702930558327,31992435.0,Low income
SDN,EMR,Eastern Mediterranean,2007,65.760154,625.163635254,3781.0,2600.0,24.0,Sudan,4415.78515625,5.66269159,32.4759528252296,32764135.0,Low income
SDN,EMR,Eastern Mediterranean,2008,66.10814996,626.182006836,3200.0,2500.0,24.0,Sudan,4446.40966796875,5.42313576,32.4816230749746,33623980.0,Low income
SDN,EMR,Eastern Mediterranean,2009,66.44393468,621.156311035,3035.0,2800.0,23.7,Sudan,4188.0546875,6.39496326,32.5774622972843,34569113.0,Low income
SDN,EMR,Eastern Mediterranean,2010,66.94489813,608.174377441,2936.0,2900.0,23.2,Sudan,4219.8369140625,5.05810165,32.7174026591513,35414399.0,Low income
SDN,EMR,Eastern Mediterranean,2011,67.06889355,622.348388672,2963.0,3000.0,23.7,Sudan,4467.6259765625,5.61579561,32.9059760141986,36140806.0,Low income
SDN,EMR,Eastern Mediterranean,2012,67.58268855,613.701965332,3055.0,3000.0,23.4,Sudan,4145.931640625,5.68827009,33.1425561614901,36923178.0,Low income
SDN,EMR,Eastern Mediterranean,2013,67.75900519,615.545776367,3259.0,3100.0,23.3,Sudan,4130.48583984375,6.96487474,33.4264777958103,37785849.0,Low income
SDN,EMR,Eastern Mediterranean,2014,68.08985985,612.11706543,3687.0,3300.0,23.1,Sudan,4207.50048828125,5.67619705,33.7624582408117,38823318.0,Low income
SDN,EMR,Eastern Mediterranean,2015,68.32706556,609.095397949,4431.0,3500.0,22.9,Sudan,4159.1943359375,5.81112576,34.0914394628597,40024431.0,Low income
SDN,EMR,Eastern Mediterranean,2016,68.65126932,607.724182129,5327.0,3600.0,22.8,Sudan,4174.56103515625,5.68438482,34.1881958841213,41259892.0,Low income
SDN,EMR,Eastern Mediterranean,2017,69.04016145,607.450805664,6165.0,3500.0,22.7,Sudan,4061.01831054688,5.91767406,34.2872225663509,42714306.0,Low income
SDN,EMR,Eastern Mediterranean,2018,69.24813878,613.508666992,6720.0,3700.0,22.8,Sudan,3816.65991210938,4.46172857,34.382054222005,44230596.0,Low income
SDN,EMR,Eastern Mediterranean,2019,69.46506253,607.295959473,7365.0,3800.0,22.4,Sudan,3625.52319335938,4.59967566,34.4727685824236,45548175.0,Low income
SDN,EMR,Eastern Mediterranean,2020,68.44077001,618.04510498,7876.0,4400.0,22.6,Sudan,3401.24975585938,3.04323435,34.5594433789246,46789231.0,Low income
SDN,EMR,Eastern Mediterranean,2021,67.58515204,578.527832031,8658.0,4900.0,21.2,Sudan,3248.9755859375,2.9669323,34.6421563427994,48066924.0,Low income
SEN,AFR,Africa,2000,58.6097114,653.708007813,4360.0,6600.0,24.5,Senegal,3093.28791602615,3.55015373,40.6667555531967,9968260.0,Lower middle income
SEN,AFR,Africa,2001,59.28989485,645.174194336,3562.0,5900.0,24.5,Senegal,3149.33113703503,3.68148756,40.8763420163126,10212942.0,Lower middle income
SEN,AFR,Africa,2002,59.79580137,632.014526367,3343.0,5200.0,24.2,Senegal,3075.23157503112,3.95294404,41.1081471561292,10466214.0,Lower middle income
SEN,AFR,Africa,2003,60.79093407,636.843444824,3641.0,4500.0,24.0,Senegal,3170.03494688479,4.29703569,41.35893934855,10721176.0,Lower middle income
SEN,AFR,Africa,2004,61.57202557,630.678283691,3550.0,3900.0,23.7,Senegal,3240.3020166984,4.56856203,41.6248193895895,10975704.0,Lower middle income
SEN,AFR,Africa,2005,62.36297007,624.028564453,3493.0,3500.0,23.3,Senegal,3301.82076160815,3.67466521,41.9057599695838,11235472.0,Lower middle income
SEN,AFR,Africa,2006,63.06775371,616.593139648,3575.0,3300.0,22.8,Senegal,3301.03152414193,3.76337624,42.2046413043069,11500094.0,Lower middle income
SEN,AFR,Africa,2007,63.89029063,614.808105469,3514.0,2800.0,22.8,Senegal,3316.42037834774,3.41496587,42.524343609533,11770344.0,Lower middle income
SEN,AFR,Africa,2008,64.57897818,628.54675293,1609.0,2300.0,23.5,Senegal,3359.70567090311,3.50687575,42.867747101036,12048959.0,Lower middle income
SEN,AFR,Africa,2009,65.11616175,627.571716309,1038.0,2200.0,23.5,Senegal,3371.46166688616,3.841573,43.23773199459,12337389.0,Lower middle income
SEN,AFR,Africa,2010,65.56526204,616.824890137,1953.0,2200.0,23.0,Senegal,3403.56707165919,4.02764368,43.6371785059692,12635413.0,Lower middle income
SEN,AFR,Africa,2011,65.97224307,614.664245605,1602.0,2100.0,22.8,Senegal,3362.87940537332,4.21416712,44.0689668509475,12958897.0,Lower middle income
SEN,AFR,Africa,2012,66.29422396,617.623901367,1807.0,1900.0,22.9,Senegal,3405.10864460824,4.26688004,44.5359772452989,13310495.0,Lower middle income
SEN,AFR,Africa,2013,66.58590644,620.47845459,2031.0,1600.0,23.0,Senegal,3385.42590686562,4.38573599,45.0398750539456,13710849.0,Lower middle income
SEN,AFR,Africa,2014,66.97585439,625.712097168,1363.0,1600.0,23.3,Senegal,3484.01219749797,4.38962269,45.6020905341588,14152102.0,Lower middle income
SEN,AFR,Africa,2015,67.3624183,615.936157227,2587.0,1500.0,22.8,Senegal,3593.79477120389,4.37789631,46.2747669629858,14593331.0,Lower middle income
SEN,AFR,Africa,2016,67.7658388,614.491333008,1751.0,1600.0,22.8,Senegal,3710.05531589724,4.25606871,47.0553579909929,15034521.0,Lower middle income
SEN,AFR,Africa,2017,68.11975233,611.885253906,2062.0,1600.0,22.6,Senegal,3871.4514678592,4.16359377,47.9338349639053,15475002.0,Lower middle income
SEN,AFR,Africa,2018,68.44236378,609.060424805,2682.0,1700.0,22.3,Senegal,3998.28635303406,4.43182087,48.9001692274485,15914498.0,Lower middle income
SEN,AFR,Africa,2019,68.76445374,612.352722168,1720.0,1700.0,22.4,Senegal,4070.61227058594,4.49531031,49.9443321273477,16352922.0,Lower middle income
SEN,AFR,Africa,2020,68.56112195,616.945129395,1529.0,1900.0,22.4,Senegal,4018.04129277358,5.15119171,51.0562950093282,16789219.0,Lower middle income
SEN,AFR,Africa,2021,67.79198263,595.778991699,1845.0,2300.0,21.4,Senegal,4173.67741399619,4.44256258,52.2260292191155,17220867.0,Lower middle income
SGP,WPR,Western Pacific,2000,78.52088806,403.992004395,0.0,500.0,16.5,Singapore,68314.5444027166,3.343364,100.0,4027887.0,High income
SGP,WPR,Western Pacific,2001,79.14204312,387.881530762,0.0,500.0,16.1,Singapore,65784.4018813783,3.16302657,100.0,4138012.0,High income
SGP,WPR,Western Pacific,2002,79.33785577,365.847961426,0.0,500.0,15.3,Singapore,67744.2702679808,3.358464,100.0,4175950.0,High income
SGP,WPR,Western Pacific,2003,79.61117466,350.79095459,0.0,500.0,14.2,Singapore,71877.5348633552,3.60699272,100.0,4114826.0,High income
SGP,WPR,Western Pacific,2004,80.33727579,328.872192383,0.0,500.0,13.5,Singapore,78039.024710382,3.15019798,100.0,4166664.0,High income
SGP,WPR,Western Pacific,2005,80.54232367,317.163574219,0.0,500.0,13.1,Singapore,81841.1587801054,3.03367925,100.0,4265762.0,High income
SGP,WPR,Western Pacific,2006,80.98074622,313.33706665,0.0,500.0,12.5,Singapore,86463.8283836607,2.9347465,100.0,4401365.0,High income
SGP,WPR,Western Pacific,2007,80.58124756,325.792724609,0.0,500.0,12.5,Singapore,90417.8073849967,2.83749056,100.0,4588599.0,High income
SGP,WPR,Western Pacific,2008,80.97823119,313.697387695,0.0,500.0,12.4,Singapore,87329.5937792686,3.19488454,100.0,4839396.0,High income
SGP,WPR,Western Pacific,2009,81.58275269,288.483459473,0.0,500.0,11.3,Singapore,84843.5194001734,3.39370513,100.0,4987573.0,High income
SGP,WPR,Western Pacific,2010,81.76163848,283.55569458,0.0,500.0,11.0,Singapore,95456.1893079996,3.1982615,100.0,5076732.0,High income
SGP,WPR,Western Pacific,2011,81.96030215,277.231170654,0.0,500.0,10.9,Singapore,99296.7561111269,3.1539185,100.0,5183688.0,High income
SGP,WPR,Western Pacific,2012,82.21523479,268.453338623,0.0,500.0,10.7,Singapore,101187.825333454,3.32392788,100.0,5312437.0,High income
SGP,WPR,Western Pacific,2013,82.36588027,260.439453125,0.0,500.0,10.2,Singapore,104359.030680724,3.68225336,100.0,5399162.0,High income
SGP,WPR,Western Pacific,2014,82.60495523,253.311187744,0.0,500.0,9.8,Singapore,107066.858613992,3.87132597,100.0,5469724.0,High income
SGP,WPR,Western Pacific,2015,82.84921063,246.778060913,0.0,500.0,9.8,Singapore,108953.724294287,4.18061399,100.0,5535002.0,High income
SGP,WPR,Western Pacific,2016,83.24199269,239.383255005,0.0,500.0,9.6,Singapore,111579.742684331,4.37989521,100.0,5607283.0,High income
SGP,WPR,Western Pacific,2017,83.22151158,237.358306885,0.0,500.0,9.4,Singapore,116471.820764776,4.35978413,100.0,5612253.0,High income
SGP,WPR,Western Pacific,2018,83.50811882,228.249191284,0.0,500.0,9.0,Singapore,119927.769127927,4.07275724,100.0,5638676.0,High income
SGP,WPR,Western Pacific,2019,83.8984774,219.306442261,0.0,500.0,8.6,Singapore,120114.133894235,4.40746737,100.0,5703569.0,High income
SGP,WPR,Western Pacific,2020,83.99653626,223.698532104,0.0,500.0,8.9,Singapore,115893.042395938,5.70015287,100.0,5685807.0,High income
SGP,WPR,Western Pacific,2021,83.85708962,223.689956665,0.0,500.0,10.3,Singapore,132617.354020876,5.14599705,100.0,5453566.0,High income
SLB,WPR,Western Pacific,2000,63.397598,880.03527832,476.0,100.0,34.3,Solomon Islands,2276.82191920056,4.82778931,15.7523593692696,440469.0,Lower middle income
SLB,WPR,Western Pacific,2001,63.45373664,868.036132813,521.0,100.0,33.9,Solomon Islands,2055.27436724543,6.60712814,16.0619258388978,449125.0,Lower middle income
SLB,WPR,Western Pacific,2002,63.47177399,876.800476074,513.0,100.0,34.0,Solomon Islands,1960.42387516654,10.10627556,16.4026212138182,457671.0,Lower middle income
SLB,WPR,Western Pacific,2003,63.54307905,894.048706055,456.0,100.0,35.1,Solomon Islands,2050.30870033396,7.07724714,16.7733115757749,466154.0,Lower middle income
SLB,WPR,Western Pacific,2004,63.61418491,829.216674805,652.0,100.0,31.4,Solomon Islands,2168.50586845628,7.72556639,17.172863006512,474611.0,Lower middle income
SLB,WPR,Western Pacific,2005,63.69667846,868.805358887,547.0,100.0,33.7,Solomon Islands,2287.27362263512,9.01794529,17.6001415877737,483080.0,Lower middle income
SLB,WPR,Western Pacific,2006,63.79244472,869.870178223,549.0,100.0,33.4,Solomon Islands,2340.65153178621,8.00802231,18.0540134013038,491594.0,Lower middle income
SLB,WPR,Western Pacific,2007,63.76837921,939.57623291,310.0,100.0,37.6,Solomon Islands,2384.31783066088,7.18583059,18.5333445288467,500156.0,Lower middle income
SLB,WPR,Western Pacific,2008,64.05632367,975.915161133,182.0,100.0,39.5,Solomon Islands,2489.78306207696,5.50656271,19.0370010521463,508790.0,Lower middle income
SLB,WPR,Western Pacific,2009,64.16468031,975.163696289,142.0,100.0,39.5,Solomon Islands,2514.89101043351,6.6096673,19.5633740998673,518141.0,Lower middle income
SLB,WPR,Western Pacific,2010,64.36844431,967.834838867,163.0,100.0,39.2,Solomon Islands,2682.28532344354,4.66862011,20.1194058206257,532968.0,Lower middle income
SLB,WPR,Western Pacific,2011,64.51306313,969.571960449,108.0,100.0,39.3,Solomon Islands,2777.47851512924,5.03008652,20.7284892962955,552945.0,Lower middle income
SLB,WPR,Western Pacific,2012,64.70197152,966.364501953,89.0,100.0,39.3,Solomon Islands,2743.45849913875,4.88045692,21.3906964219987,573606.0,Lower middle income
SLB,WPR,Western Pacific,2013,64.84559966,960.507507324,83.0,100.0,39.1,Solomon Islands,2783.59190841229,4.58030891,22.1027262484765,594945.0,Lower middle income
SLB,WPR,Western Pacific,2014,64.95591891,958.148681641,56.0,100.0,39.2,Solomon Islands,2716.42200217839,4.88962364,22.8612778264703,616908.0,Lower middle income
SLB,WPR,Western Pacific,2015,65.15166823,953.655517578,57.0,100.0,39.0,Solomon Islands,2664.72477884762,4.45310211,23.6630502067213,639415.0,Lower middle income
SLB,WPR,Western Pacific,2016,65.29462393,944.176269531,103.0,100.0,38.6,Solomon Islands,2715.23362293936,4.52952909,24.5047424399707,662379.0,Lower middle income
SLB,WPR,Western Pacific,2017,65.4106128,941.266113281,137.0,100.0,38.4,Solomon Islands,2703.66346303885,4.16556406,25.3830535769599,685672.0,Lower middle income
SLB,WPR,Western Pacific,2018,65.55013712,942.570556641,111.0,100.0,38.5,Solomon Islands,2686.11900111375,3.86440825,26.2946826684302,709101.0,Lower middle income
SLB,WPR,Western Pacific,2019,65.67290557,934.530883789,161.0,100.0,38.2,Solomon Islands,2661.61667922254,4.43728065,27.275106750276,728147.0,Lower middle income
SLB,WPR,Western Pacific,2020,65.39475136,971.701538086,124.0,100.0,39.9,Solomon Islands,2515.14143211528,4.89478445,28.0327555150022,744498.0,Lower middle income
SLB,WPR,Western Pacific,2021,64.79245685,978.546203613,165.0,100.0,40.6,Solomon Islands,2449.87009821452,4.94795895,28.6889396820578,762591.0,Lower middle income
SLE,AFR,Africa,2000,49.78648969,621.323852539,13827.0,6000.0,24.3,Sierra Leone,1981.50608696758,5.29086494,35.5327867241975,4423611.0,Low income
SLE,AFR,Africa,2001,50.94581314,637.591491699,13832.0,6100.0,25.1,Sierra Leone,1749.35086324104,5.22183514,35.763651295501,4692716.0,Low income
SLE,AFR,Africa,2002,51.28114602,650.594116211,13721.0,6400.0,25.7,Sierra Leone,2089.26152736756,5.55388832,36.0082791496616,4971435.0,Low income
SLE,AFR,Africa,2003,51.5179057,663.640014648,12823.0,6400.0,25.9,Sierra Leone,2196.28134548105,5.06219816,36.2690511597053,5177687.0,Low income
SLE,AFR,Africa,2004,51.79598226,670.602050781,11799.0,6500.0,26.2,Sierra Leone,2260.83818961545,5.23798943,36.5491283814755,5355717.0,Low income
SLE,AFR,Africa,2005,52.10902537,680.697021484,11172.0,6400.0,26.4,Sierra Leone,2296.65767887048,5.23005009,36.8485519672439,5501712.0,Low income
SLE,AFR,Africa,2006,52.49110548,675.44152832,10861.0,6400.0,26.3,Sierra Leone,2342.75461136539,5.29913139,37.1703805343647,5624466.0,Low income
SLE,AFR,Africa,2007,52.87597512,692.518249512,11874.0,6400.0,26.9,Sierra Leone,2377.80530113361,5.31662989,37.5122859420526,5749352.0,Low income
SLE,AFR,Africa,2008,53.55359388,693.993469238,13270.0,6100.0,27.0,Sierra Leone,2404.65198784353,5.60332584,37.8725951588418,5894722.0,Low income
SLE,AFR,Africa,2009,54.19029086,690.589355469,14542.0,6000.0,26.9,Sierra Leone,2376.58254518958,6.27075481,38.2496351532666,6055646.0,Low income
SLE,AFR,Africa,2010,54.97106845,693.233337402,14295.0,5900.0,26.8,Sierra Leone,2459.76814418708,5.64204741,38.6417328938613,6222714.0,Low income
SLE,AFR,Africa,2011,55.66429433,683.118469238,14007.0,5700.0,26.4,Sierra Leone,2590.52839483651,6.60636759,39.0472153491602,6387251.0,Low income
SLE,AFR,Africa,2012,56.36734502,674.753845215,12766.0,5600.0,26.0,Sierra Leone,2792.92626544926,5.92764187,39.4644094876975,6551080.0,Low income
SLE,AFR,Africa,2013,57.05432525,653.457824707,11459.0,5500.0,25.2,Sierra Leone,3124.72832450941,8.45845032,39.8916422780075,6714051.0,Low income
SLE,AFR,Africa,2014,55.83770997,636.532043457,10635.0,5800.0,24.6,Sierra Leone,2812.52832195116,15.11886978,40.3272406886245,6876385.0,Low income
SLE,AFR,Africa,2015,56.88673236,633.47467041,10553.0,5800.0,24.4,Sierra Leone,2628.17058146385,12.3831234,40.7669565187099,7037655.0,Low income
SLE,AFR,Africa,2016,58.75068972,646.070678711,9480.0,5700.0,24.7,Sierra Leone,2732.26093997048,10.05438519,41.229411538771,7205328.0,Low income
SLE,AFR,Africa,2017,59.15812369,647.784484863,8961.0,5400.0,24.7,Sierra Leone,2753.42719846704,6.00532055,41.7106682105058,7379299.0,Low income
SLE,AFR,Africa,2018,59.8662114,648.317565918,8620.0,5000.0,24.6,Sierra Leone,2767.38003381598,5.29927444,42.2011025267803,7554563.0,Low income
SLE,AFR,Africa,2019,60.40224239,643.289550781,7977.0,4800.0,24.3,Sierra Leone,2852.66269917494,5.7052846,42.7018444914441,7731991.0,Low income
SLE,AFR,Africa,2020,60.52060193,619.556335449,9392.0,4800.0,23.7,Sierra Leone,2752.62615440121,5.66489744,43.2129659123546,7912558.0,Low income
SLE,AFR,Africa,2021,61.0228635,624.59375,8464.0,4100.0,23.9,Sierra Leone,2849.38865926436,5.07244635,43.7345385973699,8094602.0,Low income
SLV,AMR,Americas,2000,71.64575132,476.759979248,0.0,2600.0,12.7,El Salvador,7545.44796218991,7.84342813,56.5638569810457,5943366.0,Upper middle income
SLV,AMR,Americas,2001,71.7165175,467.560119629,0.0,2500.0,12.5,El Salvador,7580.32338410159,7.88604879,57.4526760394716,5968060.0,Upper middle income
SLV,AMR,Americas,2002,73.27326528,423.549133301,0.0,2400.0,11.7,El Salvador,7675.67106195114,7.88565731,58.3486233966841,5986631.0,Upper middle income
SLV,AMR,Americas,2003,73.05229991,430.418914795,0.0,2200.0,12.2,El Salvador,7780.27177685599,7.77182293,59.2468576589718,5998599.0,Upper middle income
SLV,AMR,Americas,2004,73.29271781,418.417266846,0.0,2000.0,12.0,El Salvador,7841.53237886842,8.1302166,60.1425374326239,6004671.0,Upper middle income
SLV,AMR,Americas,2005,73.40349475,418.118469238,0.0,1700.0,12.1,El Salvador,8050.5345128919,9.20057869,61.0308213239291,6005578.0,Upper middle income
SLV,AMR,Americas,2006,73.70492095,411.179351807,0.0,1500.0,12.4,El Salvador,8404.24674903143,8.69338894,61.9068679391763,6002319.0,Upper middle income
SLV,AMR,Americas,2007,74.16542856,406.386260986,0.0,1200.0,12.2,El Salvador,8548.83476118605,8.47836304,62.7676878093683,6009824.0,Upper middle income
SLV,AMR,Americas,2008,74.41041249,409.215484619,0.0,950.0,12.0,El Salvador,8704.80584632591,8.49585915,63.6372503452723,6029297.0,Upper middle income
SLV,AMR,Americas,2009,74.00196009,417.495147705,0.0,790.0,12.3,El Salvador,8494.49847423621,8.83749676,64.5299047495248,6048279.0,Upper middle income
SLV,AMR,Americas,2010,74.56329622,416.228912354,0.0,680.0,11.9,El Salvador,8648.92982717672,8.90416241,65.4327927543162,6068249.0,Upper middle income
SLV,AMR,Americas,2011,74.57443118,419.856414795,0.0,620.0,12.2,El Salvador,8943.06191543327,8.87645435,66.334413642034,6090127.0,Upper middle income
SLV,AMR,Americas,2012,75.27280087,415.120422363,0.0,580.0,11.9,El Salvador,9165.42034804478,8.60625362,67.2232666950659,6113975.0,Upper middle income
SLV,AMR,Americas,2013,74.78717919,439.66583252,0.0,590.0,12.4,El Salvador,9327.56424468351,9.05235958,68.0878511957995,6138839.0,Upper middle income
SLV,AMR,Americas,2014,73.8558025,468.572998047,0.0,620.0,12.9,El Salvador,9451.744607867,8.5989418,68.9166664266223,6162955.0,Upper middle income
SLV,AMR,Americas,2015,72.73292352,489.779724121,0.0,650.0,13.0,El Salvador,9646.15432339854,8.75833225,69.6982116699219,6183676.0,Upper middle income
SLV,AMR,Americas,2016,73.58698324,456.548156738,0.0,670.0,13.0,El Salvador,9863.76121214453,8.71456337,70.3990173339844,6200800.0,Upper middle income
SLV,AMR,Americas,2017,73.71813956,469.590087891,0.0,700.0,13.5,El Salvador,10064.7934942601,8.42286873,71.0856704711914,6213533.0,Upper middle income
SLV,AMR,Americas,2018,74.65055232,420.686004639,0.0,730.0,12.8,El Salvador,10297.203612692,8.322752,71.7577209472656,6219807.0,Upper middle income
SLV,AMR,Americas,2019,74.28004903,435.406433105,0.0,750.0,13.0,El Salvador,10543.9383291317,8.80846119,72.4148941040039,6222318.0,Upper middle income
SLV,AMR,Americas,2020,72.06392712,452.435760498,0.0,790.0,13.1,El Salvador,9692.44931605799,8.95105076,73.0570220947266,6234673.0,Upper middle income
SLV,AMR,Americas,2021,71.66703998,435.278137207,0.0,810.0,12.6,El Salvador,10809.713399518,10.12668991,73.6838531494141,6255782.0,Upper middle income
SOM,EMR,Eastern Mediterranean,2000,49.28203144,902.21282959,3012.0,1300.0,33.4,"Somalia, Fed. Rep.",702.850071117611,3.36953735,33.0596136927225,8838713.0,Low income
SOM,EMR,Eastern Mediterranean,2001,49.32648692,891.308959961,3321.0,1300.0,33.0,"Somalia, Fed. Rep.",723.37973295051,3.36953735,33.5128183866634,9198493.0,Low income
SOM,EMR,Eastern Mediterranean,2002,49.39676377,886.564575195,3260.0,1200.0,32.6,"Somalia, Fed. Rep.",749.913550912115,3.36953735,33.9872055053711,9550063.0,Low income
SOM,EMR,Eastern Mediterranean,2003,49.50039991,881.946350098,3353.0,1100.0,32.3,"Somalia, Fed. Rep.",777.884552733299,3.36953735,34.4719665654476,9909157.0,Low income
SOM,EMR,Eastern Mediterranean,2004,49.44567549,883.381530762,3177.0,1100.0,32.3,"Somalia, Fed. Rep.",803.059780580571,3.36953735,34.9620706047618,10280998.0,Low income
SOM,EMR,Eastern Mediterranean,2005,49.79233436,876.459716797,3587.0,1000.0,32.0,"Somalia, Fed. Rep.",830.807245939909,3.36953735,35.4674928136211,10644228.0,Low income
SOM,EMR,Eastern Mediterranean,2006,49.82524247,868.286682129,3343.0,940.0,31.6,"Somalia, Fed. Rep.",857.993655901941,3.36953735,35.9982083823331,10975502.0,Low income
SOM,EMR,Eastern Mediterranean,2007,49.97697257,860.523071289,2779.0,880.0,31.4,"Somalia, Fed. Rep.",887.36935223579,3.36953735,36.5641925012053,11322582.0,Low income
SOM,EMR,Eastern Mediterranean,2008,50.31128296,870.936340332,1792.0,840.0,31.6,"Somalia, Fed. Rep.",919.132083452828,3.36953735,37.1754203605454,11663084.0,Low income
SOM,EMR,Eastern Mediterranean,2009,50.66979598,864.094604492,1166.0,770.0,31.4,"Somalia, Fed. Rep.",956.220325392405,3.36953735,37.8418671506609,11961201.0,Low income
SOM,EMR,Eastern Mediterranean,2010,49.52620758,839.932373047,1290.0,710.0,30.7,"Somalia, Fed. Rep.",995.225555512318,3.36953735,38.5735080618592,12261756.0,Low income
SOM,EMR,Eastern Mediterranean,2011,43.81163424,793.482727051,1062.0,650.0,29.6,"Somalia, Fed. Rep.",1054.36214979106,3.36953735,39.380318284448,12348830.0,Low income
SOM,EMR,Eastern Mediterranean,2012,50.10797443,822.760986328,1088.0,570.0,30.2,"Somalia, Fed. Rep.",1114.80414892809,3.36953735,40.2722730087349,12461160.0,Low income
SOM,EMR,Eastern Mediterranean,2013,52.50391976,837.353759766,1331.0,550.0,30.5,"Somalia, Fed. Rep.",1197.72166459747,3.36953735,41.2593474250273,12869594.0,Low income
SOM,EMR,Eastern Mediterranean,2014,53.08816189,833.651306152,1591.0,510.0,30.2,"Somalia, Fed. Rep.",1259.27432882615,3.02053761,42.3515167236328,13339491.0,Low income
SOM,EMR,Eastern Mediterranean,2015,53.54338351,829.768798828,1951.0,500.0,30.0,"Somalia, Fed. Rep.",1343.92517439606,2.94074512,43.8618107408479,13806963.0,Low income
SOM,EMR,Eastern Mediterranean,2016,53.9446075,823.036071777,2029.0,500.0,29.8,"Somalia, Fed. Rep.",1384.15517410135,2.2842648,45.942842729174,14348740.0,Low income
SOM,EMR,Eastern Mediterranean,2017,54.18246164,823.020446777,2096.0,500.0,29.7,"Somalia, Fed. Rep.",1527.66029071672,2.44348097,48.3639630032265,14916629.0,Low income
SOM,EMR,Eastern Mediterranean,2018,54.6726292,818.160095215,2221.0,500.0,29.4,"Somalia, Fed. Rep.",1504.97908203481,2.50873256,50.9506215336872,15452487.0,Low income
SOM,EMR,Eastern Mediterranean,2019,55.21397342,814.226928711,2324.0,500.0,29.2,"Somalia, Fed. Rep.",1491.29493918405,2.40617251,51.6421170703225,16030971.0,Low income
SOM,EMR,Eastern Mediterranean,2020,55.12925544,824.609863281,2408.0,500.0,29.3,"Somalia, Fed. Rep.",1396.05544674978,2.47010517,52.286318011754,16651191.0,Low income
SOM,EMR,Eastern Mediterranean,2021,53.95143945,759.687744141,2447.0,500.0,27.6,"Somalia, Fed. Rep.",1392.31782053371,2.73509169,52.9060649733324,17271431.0,Low income
SRB,EUR,Europe,2000,71.49721977,822.088134766,0.0,200.0,29.3,Serbia,11105.9948800547,5.80770588,55.5923115701625,7516346.0,Upper middle income
SRB,EUR,Europe,2001,72.28188573,768.671630859,0.0,200.0,27.9,Serbia,11879.225653864,6.19155836,56.0482321112049,7503433.0,Upper middle income
SRB,EUR,Europe,2002,72.31660412,790.902099609,0.0,200.0,28.0,Serbia,12661.9921205411,7.24950886,56.462901503343,7500031.0,Upper middle income
SRB,EUR,Europe,2003,72.44791076,786.014770508,0.0,200.0,27.8,Serbia,13273.7451115678,7.30602598,56.8784264526306,7480591.0,Upper middle income
SRB,EUR,Europe,2004,72.65350507,768.638671875,0.0,200.0,27.5,Serbia,14194.4239957638,7.63644934,57.3144555999278,7463157.0,Upper middle income
SRB,EUR,Europe,2005,72.78382532,767.463989258,0.0,200.0,27.0,Serbia,15077.621172828,8.09346867,57.7508909888183,7440769.0,Upper middle income
SRB,EUR,Europe,2006,73.38118952,721.595397949,0.0,200.0,26.2,Serbia,15727.468589842,8.28575706,58.1709152910668,7411569.0,Upper middle income
SRB,EUR,Europe,2007,73.57700553,708.656188965,0.0,200.0,25.6,Serbia,17028.1573139848,9.01782608,58.5577111784378,7381579.0,Upper middle income
SRB,EUR,Europe,2008,73.82988623,696.849365234,0.0,200.0,24.9,Serbia,17983.3557621585,9.12807178,58.8944613226962,7350222.0,Upper middle income
SRB,EUR,Europe,2009,73.97356349,688.582336426,0.0,200.0,24.7,Serbia,17488.1952473271,8.98933506,59.1643483956067,7320807.0,Upper middle income
SRB,EUR,Europe,2010,74.27310939,675.510070801,0.0,200.0,24.5,Serbia,17841.5052482398,9.15153027,59.3505550689338,7291436.0,Upper middle income
SRB,EUR,Europe,2011,74.54862943,670.341796875,0.0,200.0,23.1,Serbia,17986.6586186398,8.75940418,59.4349187787267,7236519.0,Upper middle income
SRB,EUR,Europe,2012,74.84163486,654.087524414,0.0,200.0,22.6,Serbia,17993.8893372708,8.95716667,59.3468437194824,7201497.0,Upper middle income
SRB,EUR,Europe,2013,75.22896744,628.324645996,0.0,200.0,22.1,Serbia,18163.2800557557,8.93188286,59.6111068725586,7166553.0,Upper middle income
SRB,EUR,Europe,2014,75.32134955,625.89666748,0.0,200.0,22.0,Serbia,17922.510092839,8.85966778,59.8779373168945,7131787.0,Upper middle income
SRB,EUR,Europe,2015,75.27946837,628.589172363,0.0,200.0,22.0,Serbia,18247.884779382,8.46289921,60.1388092041016,7095383.0,Upper middle income
SRB,EUR,Europe,2016,75.67951218,605.702880859,0.0,200.0,21.6,Serbia,18889.4599757385,8.15184307,60.3853870034026,7058322.0,Upper middle income
SRB,EUR,Europe,2017,75.57063328,613.059387207,0.0,200.0,21.9,Serbia,19439.0723263919,7.89965153,60.621208190918,7020858.0,Upper middle income
SRB,EUR,Europe,2018,75.88354818,593.131103516,0.0,200.0,21.4,Serbia,20454.310707953,8.18469906,60.8433609008789,6982604.0,Upper middle income
SRB,EUR,Europe,2019,75.91665371,585.408447266,0.0,200.0,21.4,Serbia,21541.2157346761,8.28762531,61.0492248535156,6945235.0,Upper middle income
SRB,EUR,Europe,2020,74.43296608,600.41394043,0.0,200.0,21.5,Serbia,21479.1679289814,8.30643559,61.223201751709,6899126.0,Upper middle income
SRB,EUR,Europe,2021,72.80891574,608.132385254,0.0,200.0,20.7,Serbia,23406.4036315634,9.23441029,61.363899230957,6834326.0,Upper middle income
STP,AFR,Africa,2000,63.12867264,615.801879883,254.0,0.0,21.2,Sao Tome and Principe,3852.89042721453,9.31892776,52.9663437052108,144018.0,Lower middle income
STP,AFR,Africa,2001,63.93324972,618.116271973,248.0,0.0,21.4,Sao Tome and Principe,3907.0192818698,9.64001942,53.9612039920776,146375.0,Lower middle income
STP,AFR,Africa,2002,64.65366231,616.06854248,321.0,0.0,21.3,Sao Tome and Principe,3942.76040695115,9.49860477,55.0882710997103,149922.0,Lower middle income
STP,AFR,Africa,2003,65.23040933,599.820373535,193.0,0.0,20.8,Sao Tome and Principe,4161.63833167542,11.46527386,56.4128470868097,153814.0,Lower middle income
STP,AFR,Africa,2004,65.71008672,601.820007324,169.0,0.0,21.0,Sao Tome and Principe,4202.56186898775,10.7211771,57.8774845467458,157705.0,Lower middle income
STP,AFR,Africa,2005,66.27283192,592.582214355,85.0,0.0,20.6,Sao Tome and Principe,4371.49721644128,10.35199738,59.4188016908917,161639.0,Lower middle income
STP,AFR,Africa,2006,66.784757,605.319091797,26.0,0.0,20.9,Sao Tome and Principe,4644.18044669991,7.10559654,60.9734167306206,165638.0,Lower middle income
STP,AFR,Africa,2007,67.22798633,620.8046875,3.0,0.0,21.3,Sao Tome and Principe,4698.08416961839,7.00608587,62.4779478773056,169700.0,Lower middle income
STP,AFR,Africa,2008,67.68827914,618.01159668,16.0,0.0,21.0,Sao Tome and Principe,4873.1813112046,5.97009039,63.8690133423199,173793.0,Lower middle income
STP,AFR,Africa,2009,68.39802803,607.678283691,23.0,0.0,20.5,Sao Tome and Principe,4919.19529822865,5.75177002,65.0832313370367,177853.0,Lower middle income
STP,AFR,Africa,2010,68.81769379,594.010498047,14.0,0.0,19.9,Sao Tome and Principe,4882.04796466341,5.80827904,66.0572200728291,181802.0,Lower middle income
STP,AFR,Africa,2011,69.19904607,582.46295166,19.0,0.0,19.5,Sao Tome and Principe,4876.47315792145,5.65160036,66.7275977610702,185649.0,Lower middle income
STP,AFR,Africa,2012,69.53766595,601.868713379,7.0,0.0,20.2,Sao Tome and Principe,4919.55294386577,7.07299662,67.0335889448132,189439.0,Lower middle income
STP,AFR,Africa,2013,69.94836441,587.253295898,11.0,0.0,19.8,Sao Tome and Principe,5072.11200195866,8.94060898,67.1306686401367,193148.0,Lower middle income
STP,AFR,Africa,2014,70.26367532,590.367431641,0.0,0.0,19.7,Sao Tome and Principe,5223.09572886388,7.91452122,67.2606735229492,196767.0,Lower middle income
STP,AFR,Africa,2015,70.55687146,591.969665527,0.0,0.0,19.8,Sao Tome and Principe,5210.2037755431,6.53226852,67.3915710449219,200291.0,Lower middle income
STP,AFR,Africa,2016,70.89699364,601.729003906,1.0,0.0,20.2,Sao Tome and Principe,5388.5091334891,7.60211611,67.5218887329102,203689.0,Lower middle income
STP,AFR,Africa,2017,71.25615442,605.034484863,1.0,0.0,20.5,Sao Tome and Principe,5521.20249597413,7.46631384,67.6520004272461,206970.0,Lower middle income
STP,AFR,Africa,2018,71.4403986,606.986633301,0.0,0.0,20.5,Sao Tome and Principe,5674.72379094011,5.91960287,67.7828826904297,210187.0,Lower middle income
STP,AFR,Africa,2019,71.65568515,606.774169922,0.0,0.0,20.6,Sao Tome and Principe,5702.08347071236,5.48078823,67.9129943847656,213392.0,Lower middle income
STP,AFR,Africa,2020,71.25244214,590.771728516,0.0,0.0,20.4,Sao Tome and Principe,5742.94724858826,7.32044411,68.0436706542969,217435.0,Lower middle income
STP,AFR,Africa,2021,71.17810896,559.60546875,1.0,0.0,19.5,Sao Tome and Principe,5732.69456061536,7.85889721,68.1738967895508,221961.0,Lower middle income
SUR,AMR,Americas,2000,70.55904903,567.417053223,24.0,550.0,24.0,Suriname,16220.1790603262,5.87092161,66.7015222141811,476643.0,Upper middle income
SUR,AMR,Americas,2001,70.47457078,580.890563965,23.0,550.0,24.3,Suriname,16556.9440609927,3.82474971,66.718959290312,486560.0,Upper middle income
SUR,AMR,Americas,2002,70.41647923,593.416137695,15.0,550.0,24.7,Suriname,16678.0718706582,5.32991552,66.7320549534773,496551.0,Upper middle income
SUR,AMR,Americas,2003,70.50252643,590.272949219,18.0,540.0,24.5,Suriname,17383.5015505612,4.88878393,66.7404073281911,506414.0,Upper middle income
SUR,AMR,Americas,2004,70.80110636,580.989379883,7.0,510.0,23.7,Suriname,18585.5170864176,5.4608078,66.743604713168,513923.0,Upper middle income
SUR,AMR,Americas,2005,71.23039924,567.339538574,1.0,500.0,22.8,Suriname,19220.2839696605,5.2439642,66.7321826490881,519313.0,Upper middle income
SUR,AMR,Americas,2006,71.692617,549.544616699,1.0,500.0,21.6,Suriname,20113.6707547695,5.85598755,66.6967982269052,524997.0,Upper middle income
SUR,AMR,Americas,2007,72.06527282,537.217407227,1.0,500.0,20.7,Suriname,20902.1391589279,5.22148609,66.6433180134835,531016.0,Upper middle income
SUR,AMR,Americas,2008,72.20581026,532.239746094,0.0,500.0,20.7,Suriname,21515.8119551093,4.74699593,66.5776961831642,537245.0,Upper middle income
SUR,AMR,Americas,2009,72.61759185,518.329833984,0.0,500.0,20.4,Suriname,21906.4105447498,4.97810316,66.5058869102882,543568.0,Upper middle income
SUR,AMR,Americas,2010,72.79506364,515.143371582,1.0,500.0,20.3,Suriname,22772.4754543689,4.6978569,66.4338443691967,549923.0,Upper middle income
SUR,AMR,Americas,2011,73.11587921,507.756378174,1.0,500.0,19.8,Suriname,23829.5332856393,4.40932178,66.3675227342307,556269.0,Upper middle income
SUR,AMR,Americas,2012,73.34638856,503.817810059,0.0,500.0,19.5,Suriname,24193.8412373922,4.28435707,66.3132562693376,562633.0,Upper middle income
SUR,AMR,Americas,2013,73.14787483,529.845092773,1.0,500.0,20.5,Suriname,24624.0219854601,4.48738098,66.2683575134509,569020.0,Upper middle income
SUR,AMR,Americas,2014,73.05386141,534.862182617,1.0,500.0,20.7,Suriname,24414.3554759734,4.52127838,66.2249266178037,575373.0,Upper middle income
SUR,AMR,Americas,2015,72.9788443,537.256713867,0.0,500.0,21.0,Suriname,23327.5252497447,5.80808163,66.1828815074718,581627.0,Upper middle income
SUR,AMR,Americas,2016,73.09259708,529.59173584,0.0,500.0,20.9,Suriname,21950.4122148625,5.99283743,66.1426466980469,587757.0,Upper middle income
SUR,AMR,Americas,2017,73.2092718,526.133239746,1.0,500.0,21.2,Suriname,22070.5137570835,5.32285929,66.1046467051207,593713.0,Upper middle income
SUR,AMR,Americas,2018,73.08581977,534.808898926,0.0,500.0,21.7,Suriname,22938.5353715545,6.60567093,66.0693060442846,599513.0,Upper middle income
SUR,AMR,Americas,2019,73.02285851,535.148071289,0.0,500.0,21.6,Suriname,22966.7405999124,8.38353634,66.0370492311305,605768.0,Upper middle income
SUR,AMR,Americas,2020,72.80157877,528.396606445,0.0,500.0,21.5,Suriname,19091.3617184226,6.03425598,66.00830078125,612317.0,Upper middle income
SUR,AMR,Americas,2021,69.78412349,452.922180176,0.0,500.0,18.7,Suriname,18458.234999681,5.01704168,65.9853973388672,617896.0,Upper middle income
SVK,EUR,Europe,2000,73.32287483,675.124084473,0.0,100.0,25.4,Slovak Republic,18343.237153675,5.30743933,56.1058893284907,5388720.0,High income
SVK,EUR,Europe,2001,73.45130702,675.469909668,0.0,100.0,25.1,Slovak Republic,18914.3903304531,5.34054947,55.9968426739371,5378867.0,High income
SVK,EUR,Europe,2002,73.72313973,658.182739258,0.0,100.0,24.2,Slovak Republic,19757.0677888993,5.51793909,55.8776140379959,5376912.0,High income
SVK,EUR,Europe,2003,73.78042489,655.811401367,0.0,100.0,23.9,Slovak Republic,20730.249479935,5.48400879,55.7386007222942,5373374.0,High income
SVK,EUR,Europe,2004,74.14711692,637.80859375,0.0,100.0,23.2,Slovak Republic,21851.9549601873,6.39662457,55.5843833415875,5372280.0,High income
SVK,EUR,Europe,2005,74.09775351,643.964477539,0.0,100.0,23.1,Slovak Republic,23266.7570493442,6.61619043,55.4189847597721,5372807.0,High income
SVK,EUR,Europe,2006,74.36445517,626.26751709,0.0,100.0,22.4,Slovak Republic,25342.3099268358,6.8522706,55.2464278407442,5373054.0,High income
SVK,EUR,Europe,2007,74.470327,619.17010498,0.0,100.0,22.5,Slovak Republic,28075.8072794998,7.17538357,55.0707354484001,5374622.0,High income
SVK,EUR,Europe,2008,74.82525921,597.091308594,0.0,100.0,21.5,Slovak Republic,29556.2617975695,6.95978355,54.895930446636,5379233.0,High income
SVK,EUR,Europe,2009,75.21656698,582.01776123,0.0,100.0,21.1,Slovak Republic,27891.8969419417,7.95280409,54.7260356993483,5386406.0,High income
SVK,EUR,Europe,2010,75.44924081,573.357727051,0.0,100.0,20.6,Slovak Republic,29758.1740140117,7.67065239,54.5650740704331,5391428.0,High income
SVK,EUR,Europe,2011,75.93326104,546.817077637,0.0,100.0,19.7,Slovak Republic,30481.377866428,7.31452227,54.4167387988534,5398384.0,High income
SVK,EUR,Europe,2012,76.13275335,539.305053711,0.0,100.0,18.9,Slovak Republic,30907.039248956,7.52780581,54.2764528316182,5407579.0,High income
SVK,EUR,Europe,2013,76.47557345,522.812194824,0.0,100.0,18.9,Slovak Republic,31090.9880191144,7.48013163,54.1384024098892,5413393.0,High income
SVK,EUR,Europe,2014,76.83437639,506.153594971,0.0,100.0,18.2,Slovak Republic,31901.9424982702,6.86543369,54.0029125499893,5418649.0,High income
SVK,EUR,Europe,2015,76.59625031,516.0078125,0.0,100.0,18.5,Slovak Republic,33521.5954764975,6.74109745,53.8700628001622,5423801.0,High income
SVK,EUR,Europe,2016,77.15076737,491.311035156,0.0,100.0,17.8,Slovak Republic,34130.5050676203,7.06081343,53.7399327086517,5430798.0,High income
SVK,EUR,Europe,2017,77.09456027,489.744293213,0.0,100.0,17.7,Slovak Republic,35057.2223763167,6.73388767,53.6126018237016,5439232.0,High income
SVK,EUR,Europe,2018,77.19646571,483.168731689,0.0,200.0,17.4,Slovak Republic,36430.7941704195,6.63677502,53.4881496935559,5446771.0,High income
SVK,EUR,Europe,2019,77.61261952,463.403198242,0.0,200.0,16.7,Slovak Republic,37209.5332553073,6.91102982,53.3666558664583,5454147.0,High income
SVK,EUR,Europe,2020,76.86888148,470.322601318,0.0,200.0,16.9,Slovak Republic,36216.4002110814,7.06027794,53.2481998906526,5458827.0,High income
SVK,EUR,Europe,2021,74.50941328,473.641479492,0.0,200.0,16.6,Slovak Republic,38346.0935768177,7.62857914,53.1901479870605,5447247.0,High income
SVN,EUR,Europe,2000,76.05440169,518.067504883,0.0,100.0,18.5,Slovenia,30055.5726465546,7.85456371,50.6975029797519,1988925.0,High income
SVN,EUR,Europe,2001,76.22393944,513.188659668,0.0,100.0,18.4,Slovenia,30857.1122043437,7.95505714,50.7597503536323,1992060.0,High income
SVN,EUR,Europe,2002,76.50389555,505.614379883,0.0,100.0,17.5,Slovenia,31830.5553226686,8.11632538,50.7744556266555,1994530.0,High income
SVN,EUR,Europe,2003,76.34395429,514.137451172,0.0,100.0,17.7,Slovenia,32827.7514419462,8.17447376,50.7553842628349,1995733.0,High income
SVN,EUR,Europe,2004,77.10892927,475.669372559,0.0,100.0,16.7,Slovenia,34298.1277435263,7.99959517,50.7124410611224,1997012.0,High income
SVN,EUR,Europe,2005,77.44125575,467.817810059,0.0,100.0,16.1,Slovenia,35558.3777419198,8.0534668,50.648781400021,2000474.0,High income
SVN,EUR,Europe,2006,78.04014469,435.219482422,0.0,100.0,15.6,Slovenia,37539.459301666,7.8671999,50.5672552816963,2006868.0,High income
SVN,EUR,Europe,2007,78.21314391,433.79107666,0.0,100.0,15.1,Slovenia,39995.2052938397,7.54076052,50.4707127083144,2018122.0,High income
SVN,EUR,Europe,2008,78.89957706,411.645355225,0.0,100.0,14.2,Slovenia,41278.6090856341,7.89287567,50.3620036820409,2021316.0,High income
SVN,EUR,Europe,2009,79.05086528,406.591552734,0.0,100.0,14.2,Slovenia,37802.0880186755,8.6420126,50.2439782050416,2039669.0,High income
SVN,EUR,Europe,2010,79.54577335,393.555084229,0.0,100.0,13.5,Slovenia,38056.1815241775,8.63941956,50.1194862794826,2048583.0,High income
SVN,EUR,Europe,2011,79.84960348,380.194213867,0.0,100.0,13.3,Slovenia,38226.1255489903,8.60054302,49.9463818748723,2052843.0,High income
SVN,EUR,Europe,2012,79.89107651,378.54296875,0.0,100.0,13.1,Slovenia,37033.7667541886,8.79263687,49.7619476318359,2057159.0,High income
SVN,EUR,Europe,2013,80.1367942,371.205413818,0.0,100.0,13.0,Slovenia,36678.8746642096,8.84043884,50.0466580754027,2059953.0,High income
SVN,EUR,Europe,2014,80.78508516,354.942260742,0.0,100.0,12.4,Slovenia,37655.1979898073,8.58487225,50.983470916748,2061980.0,High income
SVN,EUR,Europe,2015,80.46318817,362.956268311,0.0,100.0,12.8,Slovenia,38527.4222549683,8.57742882,53.6612160294144,2063531.0,High income
SVN,EUR,Europe,2016,80.81692358,349.697875977,0.0,100.0,12.1,Slovenia,39667.4579830072,8.5691185,53.647274017334,2065042.0,High income
SVN,EUR,Europe,2017,80.7898907,355.160400391,0.0,100.0,12.2,Slovenia,41692.836279788,8.2588892,55.2451133728027,2066388.0,High income
SVN,EUR,Europe,2018,80.95873943,352.331695557,0.0,100.0,12.0,Slovenia,43361.094447431,8.35228634,55.1913430955675,2073894.0,High income
SVN,EUR,Europe,2019,81.28502446,340.621124268,0.0,100.0,11.4,Slovenia,44569.5878416535,8.56564522,55.4523277282715,2088385.0,High income
SVN,EUR,Europe,2020,80.33576726,329.877716064,0.0,100.0,11.0,Slovenia,42463.5635346194,9.48984432,55.384391784668,2102419.0,High income
SVN,EUR,Europe,2021,80.41495666,323.31918335,0.0,100.0,11.6,Slovenia,45914.0572392406,9.52724361,55.3046289429588,2108079.0,High income
SWE,EUR,Europe,2000,79.57418828,404.675109863,0.0,0.0,13.2,Sweden,48284.8001841043,7.32495546,84.0400009155273,8872109.0,High income
SWE,EUR,Europe,2001,79.66920996,400.508270264,0.0,0.0,12.9,Sweden,48810.644590655,7.89248943,84.0827152824223,8895960.0,High income
SWE,EUR,Europe,2002,79.75650347,397.162719727,0.0,0.0,12.7,Sweden,49760.2161636006,8.18597412,84.1342508376823,8924958.0,High income
SWE,EUR,Europe,2003,80.00643909,388.044342041,0.0,0.0,12.3,Sweden,50507.9330738641,8.31654263,84.1954289653543,8958229.0,High income
SWE,EUR,Europe,2004,80.35214323,376.515045166,0.0,0.0,12.0,Sweden,52412.411275873,8.1428194,84.2670710494849,8993531.0,High income
SWE,EUR,Europe,2005,80.4243719,372.098419189,0.0,0.0,11.8,Sweden,53661.3178643623,8.15987301,84.3499984741211,9029572.0,High income
SWE,EUR,Europe,2006,80.63113222,366.093688965,0.0,0.0,11.4,Sweden,55855.4978279347,8.0421772,84.4553200620359,9080505.0,High income
SWE,EUR,Europe,2007,80.77300072,359.800567627,0.0,0.0,11.2,Sweden,57230.7901610156,7.9882226,84.5906875454778,9148092.0,High income
SWE,EUR,Europe,2008,80.9280163,353.750091553,0.0,0.0,11.0,Sweden,56262.4700751994,8.22603607,84.7517366727063,9219637.0,High income
SWE,EUR,Europe,2009,81.1481904,344.739257813,0.0,0.0,10.6,Sweden,53411.2005853182,8.77742958,84.9341031919813,9298515.0,High income
SWE,EUR,Europe,2010,81.30465771,343.243103027,0.0,0.0,10.4,Sweden,56003.2704715511,8.32384682,85.1334228515625,9378126.0,High income
SWE,EUR,Europe,2011,81.52274171,334.778961182,0.0,0.0,10.1,Sweden,57340.5039813247,10.50179005,85.3600748880524,9449213.0,High income
SWE,EUR,Europe,2012,81.46624768,335.125152588,0.0,0.0,9.8,Sweden,56682.0187013753,10.834198,85.6250668883122,9519374.0,High income
SWE,EUR,Europe,2013,81.64075183,326.41116333,0.0,0.0,9.8,Sweden,56843.1649263734,10.9872179,85.9249771259894,9600379.0,High income
SWE,EUR,Europe,2014,81.92750078,319.846405029,0.0,0.0,9.5,Sweden,57574.0500485264,11.07212639,86.2563838747314,9696110.0,High income
SWE,EUR,Europe,2015,81.74239456,321.945526123,0.0,0.0,9.2,Sweden,59468.3538687625,10.93069172,86.6158654081858,9799186.0,High income
SWE,EUR,Europe,2016,82.00943962,316.512115479,0.0,0.0,9.1,Sweden,59977.3886010694,10.95692444,87.0,9923085.0,High income
SWE,EUR,Europe,2017,82.0845963,312.781097412,0.0,0.0,8.9,Sweden,60288.7998168676,10.94730949,87.237373786911,10057698.0,High income
SWE,EUR,Europe,2018,82.20163712,305.865539551,0.0,0.0,8.7,Sweden,60647.449528586,11.09132671,87.4737430925296,10175214.0,High income
SWE,EUR,Europe,2019,82.71414637,290.953704834,0.0,0.0,8.2,Sweden,61601.6292338778,10.93444347,87.7088420242759,10278887.0,High income
SWE,EUR,Europe,2020,82.08200836,286.220306396,0.0,0.0,8.0,Sweden,59975.3644061895,11.42458725,87.9424046895699,10353442.0,High income
SWE,EUR,Europe,2021,82.6649092,276.620178223,0.0,0.0,7.9,Sweden,62731.700616293,11.23013592,88.1741651958315,10415811.0,High income
SWZ,AFR,Africa,2000,46.7774174,816.602478027,83.0,21000.0,30.2,Eswatini,6106.07478740465,4.60951757,22.8409330761997,1041414.0,Lower middle income
SWZ,AFR,Africa,2001,44.97441053,874.069152832,62.0,21000.0,32.4,Eswatini,6135.45299954297,5.13895369,22.7095619136459,1051064.0,Lower middle income
SWZ,AFR,Africa,2002,43.63857902,915.459594727,46.0,20000.0,34.2,Eswatini,6335.81351839193,5.52298307,22.5690884303038,1059441.0,Lower middle income
SWZ,AFR,Africa,2003,42.59286029,932.805786133,30.0,19000.0,35.6,Eswatini,6578.30152863605,6.37864399,22.4312316968119,1066700.0,Lower middle income
SWZ,AFR,Africa,2004,41.87434793,958.301147461,28.0,19000.0,36.7,Eswatini,6775.2217412302,6.81432486,22.3077107838089,1073159.0,Lower middle income
SWZ,AFR,Africa,2005,41.77987727,965.239624023,17.0,18000.0,37.7,Eswatini,7142.1921864324,7.37623358,22.2102447619336,1079022.0,Lower middle income
SWZ,AFR,Africa,2006,42.74148839,954.900085449,27.0,17000.0,37.4,Eswatini,7584.72030617794,7.82560062,22.1505527018245,1084436.0,Lower middle income
SWZ,AFR,Africa,2007,43.59627355,953.816772461,17.0,17000.0,37.2,Eswatini,7866.73073455273,7.93004131,22.139989967508,1090705.0,Lower middle income
SWZ,AFR,Africa,2008,44.27535626,950.55279541,10.0,17000.0,36.7,Eswatini,7926.37961138221,8.85792923,22.1692008829856,1098091.0,Lower middle income
SWZ,AFR,Africa,2009,45.04734029,916.621276855,13.0,16000.0,36.0,Eswatini,7988.59750005303,8.63292217,22.2343865624794,1105153.0,Lower middle income
SWZ,AFR,Africa,2010,46.38823095,1088.970947266,8.0,14000.0,39.2,Eswatini,8245.64153332215,8.5912571,22.3330792067471,1111650.0,Lower middle income
SWZ,AFR,Africa,2011,48.07568339,889.201843262,1.0,14000.0,33.5,Eswatini,8350.89190932865,8.46997261,22.4634753665393,1117833.0,Lower middle income
SWZ,AFR,Africa,2012,49.10836702,929.923706055,3.0,14000.0,33.5,Eswatini,8645.84478287802,7.82047606,22.6237715926065,1123863.0,Lower middle income
SWZ,AFR,Africa,2013,49.97813792,930.607177734,4.0,13000.0,33.3,Eswatini,8951.05749805891,7.45703411,22.8121644356992,1129990.0,Lower middle income
SWZ,AFR,Africa,2014,50.93411451,939.495361328,4.0,13000.0,33.6,Eswatini,9084.49405780635,7.25596571,23.026850446568,1136299.0,Lower middle income
SWZ,AFR,Africa,2015,52.11336327,959.326965332,5.0,11000.0,34.5,Eswatini,9186.65344720515,7.05855274,23.2660261759632,1142813.0,Lower middle income
SWZ,AFR,Africa,2016,53.13250876,975.097595215,3.0,8400.0,35.2,Eswatini,9402.50834103681,6.82044792,23.5278881746356,1149507.0,Lower middle income
SWZ,AFR,Africa,2017,53.80924436,988.801818848,20.0,7200.0,35.6,Eswatini,9660.55161538086,6.98103714,23.8052004963161,1158195.0,Lower middle income
SWZ,AFR,Africa,2018,54.73682091,992.801879883,2.0,6900.0,35.7,Eswatini,9578.10061089805,7.31937742,24.0579295404227,1168929.0,Lower middle income
SWZ,AFR,Africa,2019,55.74729385,977.653503418,3.0,6300.0,35.1,Eswatini,10099.5863118406,8.40033817,24.3459549517751,1179874.0,Lower middle income
SWZ,AFR,Africa,2020,55.96824586,958.71472168,2.0,5300.0,35.1,Eswatini,9695.82498058755,7.0983777,24.6652798922192,1192729.0,Lower middle income
SWZ,AFR,Africa,2021,54.59266973,810.618591309,5.0,5300.0,32.3,Eswatini,9990.43491951205,7.40552139,25.0156180525173,1206593.0,Lower middle income
SYC,AFR,Africa,2000,72.10530836,636.491149902,0.0,0.0,24.4,Seychelles,20633.6746950761,4.61071777,43.3974230710038,81131.0,High income
SYC,AFR,Africa,2001,72.22760033,632.423950195,0.0,0.0,24.2,Seychelles,20147.4187656167,4.54768324,43.2172985855685,81202.0,High income
SYC,AFR,Africa,2002,72.11976114,633.440063477,0.0,0.0,24.3,Seychelles,19777.7525249721,4.19562864,43.0948464521927,83723.0,High income
SYC,AFR,Africa,2003,72.02646689,646.358825684,0.0,0.0,24.8,Seychelles,18825.2206936189,4.86075974,43.0049328648162,82781.0,High income
SYC,AFR,Africa,2004,72.21510064,641.823730469,0.0,0.0,24.7,Seychelles,18356.4711447212,4.66628933,42.9237756892027,82475.0,High income
SYC,AFR,Africa,2005,72.35775752,640.998596191,0.0,0.0,24.2,Seychelles,19917.1194534221,4.44606543,42.8510349075107,82858.0,High income
SYC,AFR,Africa,2006,72.35760551,639.562683105,0.0,0.0,24.1,Seychelles,21341.8597526003,4.33191252,42.7880431397027,84600.0,High income
SYC,AFR,Africa,2007,72.47348081,627.895568848,0.0,0.0,23.6,Seychelles,23117.8555224771,3.79315019,42.7361330057413,85033.0,High income
SYC,AFR,Africa,2008,72.66235739,630.089599609,0.0,0.0,23.4,Seychelles,21990.3685269705,3.51518679,42.696637125589,86956.0,High income
SYC,AFR,Africa,2009,72.84593273,616.579406738,0.0,0.0,22.4,Seychelles,21361.1307875284,3.43580508,42.6708881192085,87298.0,High income
SYC,AFR,Africa,2010,73.11877031,595.790405273,0.0,0.0,21.5,Seychelles,21708.7554506566,4.40148449,42.660307244583,89770.0,High income
SYC,AFR,Africa,2011,73.29952908,580.44909668,0.0,0.0,21.1,Seychelles,24406.4129764105,4.35539675,42.6739844860866,87441.0,High income
SYC,AFR,Africa,2012,73.25421096,590.277282715,0.0,0.0,21.3,Seychelles,24919.955210328,5.2896843,42.7261758463169,88303.0,High income
SYC,AFR,Africa,2013,73.28849847,585.409057617,0.0,0.0,20.9,Seychelles,24770.6514591794,4.19129515,42.815069634181,89949.0,High income
SYC,AFR,Africa,2014,73.23814592,582.47467041,0.0,0.0,21.0,Seychelles,25379.4180707013,4.43609142,42.9386256186342,91359.0,High income
SYC,AFR,Africa,2015,73.16237091,582.531921387,0.0,0.0,21.6,Seychelles,27032.2083880002,4.24428654,43.094803568632,93419.0,High income
SYC,AFR,Africa,2016,73.07491735,593.632995605,0.0,0.0,21.9,Seychelles,29905.1347389952,4.71349716,43.2815632531296,94677.0,High income
SYC,AFR,Africa,2017,73.0936681,597.594726563,0.0,0.0,21.6,Seychelles,31595.6680570505,4.47661018,43.4968644410824,95843.0,High income
SYC,AFR,Africa,2018,73.08090426,599.441101074,0.0,0.0,21.7,Seychelles,32841.4242467381,4.41706038,43.7386669014459,96762.0,High income
SYC,AFR,Africa,2019,73.12375678,596.752319336,0.0,0.0,21.8,Seychelles,34346.0708923483,4.25269794,44.0049304031754,97625.0,High income
SYC,AFR,Africa,2020,77.26435364,400.116851807,0.0,0.0,16.8,Seychelles,30056.1994300968,5.83709192,44.2936147152263,98462.0,High income
SYC,AFR,Africa,2021,74.01196664,493.799835205,0.0,0.0,15.6,Seychelles,29979.8272686091,5.2088151,44.6026796065539,99258.0,High income
SYR,EMR,Eastern Mediterranean,2000,71.08679254,835.603881836,0.0,100.0,27.9,Syrian Arab Republic,7807.92995548742,4.57202911,51.876811612138,16637888.0,Low income
SYR,EMR,Eastern Mediterranean,2001,71.76491508,807.830993652,0.0,100.0,26.2,Syrian Arab Republic,7698.3969367866,4.71458244,52.2854637030759,17051338.0,Low income
SYR,EMR,Eastern Mediterranean,2002,72.00814832,803.575195313,0.0,100.0,25.9,Syrian Arab Republic,7811.81601910972,4.96416759,52.6957745699164,17468332.0,Low income
SYR,EMR,Eastern Mediterranean,2003,72.65734085,753.890319824,0.0,100.0,24.8,Syrian Arab Republic,8177.54506854394,5.13501024,53.1024010548332,17889296.0,Low income
SYR,EMR,Eastern Mediterranean,2004,72.88238933,736.965393066,0.0,100.0,24.5,Syrian Arab Republic,8528.65604597154,4.49753141,53.5,18336875.0,Low income
SYR,EMR,Eastern Mediterranean,2005,73.23261717,714.274658203,0.0,100.0,23.7,Syrian Arab Republic,8828.94590461523,4.12713289,53.8227202374695,18814091.0,Low income
SYR,EMR,Eastern Mediterranean,2006,73.37955444,698.032836914,0.0,100.0,23.1,Syrian Arab Republic,8885.80539630373,3.79620314,54.059770380523,19637022.0,Low income
SYR,EMR,Eastern Mediterranean,2007,73.62412875,685.180419922,0.0,100.0,22.7,Syrian Arab Republic,8829.30906367425,3.73920178,54.2883969431774,20884125.0,Low income
SYR,EMR,Eastern Mediterranean,2008,73.54815311,690.291137695,0.0,100.0,23.1,Syrian Arab Republic,8903.77225264131,3.41378117,54.5858464394493,21636564.0,Low income
SYR,EMR,Eastern Mediterranean,2009,73.73835464,682.600708008,0.0,100.0,22.6,Syrian Arab Republic,9284.10162126587,3.57431221,55.0293653833552,21976969.0,Low income
SYR,EMR,Eastern Mediterranean,2010,73.76180647,693.828491211,0.0,100.0,22.2,Syrian Arab Republic,9546.56048805399,3.35286307,55.6962002889119,22482421.0,Low income
SYR,EMR,Eastern Mediterranean,2011,71.88413217,700.895568848,0.0,100.0,22.0,Syrian Arab Republic,9648.82426718361,2.6616261,58.4817704183521,22878098.0,Low income
SYR,EMR,Eastern Mediterranean,2012,64.99959827,694.257995605,0.0,100.0,22.2,Syrian Arab Republic,7144.37244952745,3.22060776,65.0896662830335,22759763.0,Low income
SYR,EMR,Eastern Mediterranean,2013,64.68588767,701.747070313,0.0,100.0,22.3,Syrian Arab Republic,5530.97472757035,3.77518535,73.0620491886137,21666917.0,Low income
SYR,EMR,Eastern Mediterranean,2014,60.24065156,704.570495605,0.0,100.0,22.4,Syrian Arab Republic,5301.62535257941,4.23171377,76.0,20273659.0,Low income
SYR,EMR,Eastern Mediterranean,2015,60.0056598,699.723754883,0.0,100.0,22.5,Syrian Arab Republic,5302.07413721497,3.67464328,75.7529067188542,19424618.0,Low income
SYR,EMR,Eastern Mediterranean,2016,60.12484476,688.01159668,0.0,100.0,22.3,Syrian Arab Republic,5022.1127178437,3.89073515,75.15400963398,19193834.0,Low income
SYR,EMR,Eastern Mediterranean,2017,59.23626681,701.36517334,0.0,100.0,22.4,Syrian Arab Republic,4977.79210063798,3.91299295,74.5395596323392,19224668.0,Low income
SYR,EMR,Eastern Mediterranean,2018,64.30375249,706.989257813,0.0,100.0,22.4,Syrian Arab Republic,4956.09296464777,3.93852568,74.0612602381775,19577845.0,Low income
SYR,EMR,Eastern Mediterranean,2019,69.17463554,685.109313965,0.0,100.0,22.0,Syrian Arab Republic,4825.40602053761,3.96978569,73.8248788261986,20353534.0,Low income
SYR,EMR,Eastern Mediterranean,2020,71.99813819,690.519226074,0.0,100.0,22.3,Syrian Arab Republic,4633.34951847728,3.67009115,73.4125031102512,21049429.0,Low income
SYR,EMR,Eastern Mediterranean,2021,72.43803165,669.00769043,0.0,100.0,21.3,Syrian Arab Republic,4592.83860100874,3.50403309,73.0125007629395,21628839.0,Low income
TCD,AFR,Africa,2000,51.16932904,662.71661377,9872.0,12000.0,25.6,Chad,1506.71577205515,4.20697546,21.6527690760484,8512093.0,Low income
TCD,AFR,Africa,2001,51.59248612,657.612792969,7984.0,12000.0,25.7,Chad,1626.56683129334,4.08039331,21.6780982595188,8804124.0,Low income
TCD,AFR,Africa,2002,51.79475115,665.077453613,8980.0,12000.0,25.8,Chad,1704.27295147382,5.60251188,21.7007762031515,9116192.0,Low income
TCD,AFR,Africa,2003,52.10728656,658.055725098,9696.0,11000.0,25.8,Chad,1878.58578619738,4.24698305,21.7207031172239,9487833.0,Low income
TCD,AFR,Africa,2004,52.48451206,658.154907227,8848.0,11000.0,25.5,Chad,2400.97004980577,4.23982859,21.7377792120134,9920036.0,Low income
TCD,AFR,Africa,2005,52.94619682,664.165283203,10532.0,10000.0,25.4,Chad,2705.816508357,3.73196912,21.7519046977973,10328092.0,Low income
TCD,AFR,Africa,2006,53.09314194,663.01348877,10954.0,10000.0,25.2,Chad,2596.03235458563,3.73417258,21.7629797848529,10706424.0,Low income
TCD,AFR,Africa,2007,53.97297101,660.376220703,11386.0,10000.0,25.3,Chad,2613.47387385213,3.47199655,21.7709046834576,11081660.0,Low income
TCD,AFR,Africa,2008,54.40322043,667.247436523,12024.0,9400.0,25.5,Chad,2601.36125803518,3.16359782,21.7755796038887,11476296.0,Low income
TCD,AFR,Africa,2009,55.19430969,668.12512207,12810.0,8800.0,25.5,Chad,2474.70758351267,3.36260128,21.7784396568755,11893754.0,Low income
TCD,AFR,Africa,2010,55.72346132,669.560668945,13325.0,8500.0,25.5,Chad,2717.40540184377,3.08810997,21.8472378191095,12312575.0,Low income
TCD,AFR,Africa,2011,56.17787256,666.880554199,12758.0,8100.0,25.3,Chad,2741.07083398912,2.85585785,21.9558736797638,12754997.0,Low income
TCD,AFR,Africa,2012,56.60362018,662.749145508,12498.0,7700.0,25.1,Chad,2886.27474563711,2.67306423,22.1061904148178,13210998.0,Low income
TCD,AFR,Africa,2013,57.01481483,655.629760742,12385.0,7100.0,24.8,Chad,2864.1130140853,2.95766044,22.2975929852391,13691079.0,Low income
TCD,AFR,Africa,2014,57.46459955,648.631591797,12692.0,6200.0,24.6,Chad,2820.67795067436,3.29708338,22.5294513486009,14188678.0,Low income
TCD,AFR,Africa,2015,57.84629101,643.074401855,12898.0,6600.0,24.4,Chad,2822.57929900236,3.40253925,22.8011258828974,14647621.0,Low income
TCD,AFR,Africa,2016,58.31677511,633.310424805,13116.0,6400.0,24.1,Chad,2622.59780843796,3.70842481,23.1119734707179,15114655.0,Low income
TCD,AFR,Africa,2017,58.6099778,634.574584961,13345.0,5700.0,24.0,Chad,2496.26213644007,3.51023412,23.461349471105,15622759.0,Low income
TCD,AFR,Africa,2018,58.95783062,637.048339844,13611.0,5400.0,24.1,Chad,2552.37036388576,3.2893219,23.8486084924975,16156531.0,Low income
TCD,AFR,Africa,2019,59.37353739,632.913757324,13294.0,5100.0,24.0,Chad,2604.53153663392,3.38471627,24.2731047386633,16685223.0,Low income
TCD,AFR,Africa,2020,59.21180605,643.838012695,14082.0,4700.0,24.5,Chad,2513.02922729008,4.35215092,24.7341921795416,17224679.0,Low income
TCD,AFR,Africa,2021,59.08581443,601.565185547,13801.0,4300.0,23.4,Chad,2435.07274651099,3.9722333,25.2312246423075,17828273.0,Low income
TGO,AFR,Africa,2000,56.07824585,747.676330566,4938.0,12000.0,28.2,Togo,2160.98936671986,3.33427,33.0994844063309,5140037.0,Low income
TGO,AFR,Africa,2001,56.11218609,750.267822266,5214.0,11000.0,28.3,Togo,2122.08047449583,3.4422195,33.5503635916513,5277382.0,Low income
TGO,AFR,Africa,2002,56.21544389,753.204528809,5666.0,9600.0,28.3,Togo,2147.97438337226,3.44502354,34.0011370438307,5413274.0,Low income
TGO,AFR,Africa,2003,56.35238007,757.259765625,6124.0,9000.0,28.5,Togo,2234.9772223053,3.44513917,34.4513989657696,5552167.0,Low income
TGO,AFR,Africa,2004,56.74808404,747.165710449,6728.0,8500.0,28.2,Togo,2157.02751991461,3.48131895,34.9007435603688,5696508.0,Low income
TGO,AFR,Africa,2005,56.95869918,746.503356934,6824.0,8000.0,28.2,Togo,2004.25858232153,3.98242044,35.3487650305291,5844631.0,Low income
TGO,AFR,Africa,2006,57.51444622,748.973693848,6454.0,7400.0,28.2,Togo,2000.54176015054,4.30967808,35.795057579151,6010668.0,Low income
TGO,AFR,Africa,2007,57.69120242,744.484985352,5790.0,7400.0,28.1,Togo,1920.26928670654,3.67734432,36.2392154091353,6188344.0,Low income
TGO,AFR,Africa,2008,57.96842813,756.97454834,4828.0,7000.0,28.6,Togo,1941.15486668393,3.74071932,36.6808327233827,6368812.0,Low income
TGO,AFR,Africa,2009,58.50878639,757.281066895,4254.0,6600.0,28.5,Togo,1989.82990346963,3.92726755,37.1195037247939,6551865.0,Low income
TGO,AFR,Africa,2010,59.15723761,751.404174805,4043.0,6300.0,28.1,Togo,2049.78055930203,4.33284378,37.5545882975638,6732590.0,Low income
TGO,AFR,Africa,2011,59.7945853,748.332946777,4021.0,4900.0,27.9,Togo,2111.47483429916,4.38927078,37.9872305648732,6916474.0,Low income
TGO,AFR,Africa,2012,60.30947123,740.473144531,4402.0,4300.0,27.7,Togo,2186.30951971437,4.64366484,38.4194359598204,7100736.0,Low income
TGO,AFR,Africa,2013,60.71230247,733.70892334,4930.0,3900.0,27.5,Togo,2254.98838359616,4.78670263,38.8516767884103,7285442.0,Low income
TGO,AFR,Africa,2014,61.08981314,729.04284668,5123.0,3900.0,27.2,Togo,2322.40408294543,4.90473413,39.2839506458368,7472450.0,Low income
TGO,AFR,Africa,2015,61.52164894,730.170043945,5151.0,3800.0,27.1,Togo,2388.42609861568,6.24738503,39.7162551272934,7663195.0,Low income
TGO,AFR,Africa,2016,62.01053382,729.357849121,4642.0,3600.0,27.0,Togo,2427.30036226403,6.58550072,40.1485878279739,7858289.0,Low income
TGO,AFR,Africa,2017,62.55310805,722.959838867,3858.0,4000.0,26.7,Togo,2462.27744935268,6.50210476,40.5809463430719,8057140.0,Low income
TGO,AFR,Africa,2018,63.07923124,716.541320801,3558.0,3500.0,26.5,Togo,2517.34898693009,6.16073656,41.013328267781,8258778.0,Low income
TGO,AFR,Africa,2019,63.64852176,708.835998535,3426.0,3300.0,26.1,Togo,2577.51616831372,5.91268635,41.445731197295,8463068.0,Low income
TGO,AFR,Africa,2020,63.84914267,712.787414551,3577.0,3200.0,26.4,Togo,2570.48315208534,6.18928432,41.8781527268075,8669720.0,Low income
TGO,AFR,Africa,2021,63.86461122,686.51171875,3546.0,3300.0,25.4,Togo,2638.81095267963,5.6165967,42.3105904515122,8878379.0,Low income
THA,SEAR,South-East Asia,2000,71.0119193,459.895019531,625.0,51000.0,18.3,Thailand,11622.5250278537,3.10125351,31.4626212652205,63007815.0,Upper middle income
THA,SEAR,South-East Asia,2001,71.72869386,448.937347412,424.0,46000.0,17.7,Thailand,11901.3182104659,3.02623773,32.7428054763889,63651141.0,Upper middle income
THA,SEAR,South-East Asia,2002,71.71439141,460.674438477,361.0,41000.0,18.1,Thailand,12512.1831324963,3.334723,34.0732781018222,64266437.0,Upper middle income
THA,SEAR,South-East Asia,2003,72.03975902,459.690216064,204.0,37000.0,17.9,Thailand,13287.3048987459,3.24312782,35.4270354382579,64868166.0,Upper middle income
THA,SEAR,South-East Asia,2004,72.04096222,462.019165039,230.0,31000.0,17.9,Thailand,13997.0013867292,3.13893151,36.785516284484,65452047.0,Upper middle income
THA,SEAR,South-East Asia,2005,72.83579766,451.145172119,161.0,28000.0,17.4,Thailand,14458.2551810694,3.15972233,38.1301594392881,66017420.0,Upper middle income
THA,SEAR,South-East Asia,2006,73.40943067,443.46270752,113.0,25000.0,17.0,Thailand,15051.0606748719,3.09970832,39.4424037014582,66567687.0,Upper middle income
THA,SEAR,South-East Asia,2007,73.93719029,430.808990479,97.0,22000.0,16.3,Thailand,15742.6552891781,3.19277525,40.7036878697821,67102394.0,Upper middle income
THA,SEAR,South-East Asia,2008,74.46372111,418.621002197,101.0,20000.0,15.8,Thailand,15891.7823409885,3.45933938,41.8954507430475,67619830.0,Upper middle income
THA,SEAR,South-East Asia,2009,75.05244639,404.063690186,70.0,19000.0,15.2,Thailand,15665.9031153449,3.61939645,42.9991311200422,68121080.0,Upper middle income
THA,SEAR,South-East Asia,2010,75.29127601,401.617797852,80.0,18000.0,15.1,Thailand,16730.3697884488,3.39009809,44.0018736622496,68579447.0,Upper middle income
THA,SEAR,South-East Asia,2011,75.71879745,388.929626465,43.0,17000.0,14.7,Thailand,16766.3477057883,3.56825495,44.8048723557374,69007208.0,Upper middle income
THA,SEAR,South-East Asia,2012,76.18036117,374.826629639,37.0,16000.0,14.2,Thailand,17869.6376607459,3.5229404,45.373565813715,69436098.0,Upper middle income
THA,SEAR,South-East Asia,2013,76.54383011,364.414428711,47.0,15000.0,13.9,Thailand,18242.4256715363,3.45313334,45.8321343847773,69845114.0,Upper middle income
THA,SEAR,South-East Asia,2014,76.7567559,363.251464844,38.0,15000.0,13.9,Thailand,18324.6144674875,3.68448091,46.3138799467897,70216367.0,Upper middle income
THA,SEAR,South-East Asia,2015,76.97043175,360.343658447,33.0,14000.0,13.9,Thailand,18811.9975100064,3.8522861,46.9521043776171,70540795.0,Upper middle income
THA,SEAR,South-East Asia,2016,76.9976755,364.664550781,27.0,12000.0,14.1,Thailand,19370.6087810117,3.93900609,47.8801095551247,70859841.0,Upper middle income
THA,SEAR,South-East Asia,2017,77.22944399,361.252502441,15.0,12000.0,13.9,Thailand,20094.6778762603,3.85276842,49.2311973571777,71160187.0,Upper middle income
THA,SEAR,South-East Asia,2018,77.14916132,367.942901611,15.0,11000.0,14.0,Thailand,20879.9027821449,3.87040329,54.5843734741211,71376079.0,Upper middle income
THA,SEAR,South-East Asia,2019,76.92495279,378.882873535,13.0,10000.0,14.3,Thailand,21277.8392684764,3.78911877,55.9266166687012,71522271.0,Upper middle income
THA,SEAR,South-East Asia,2020,76.50524949,385.436523438,3.0,9900.0,14.2,Thailand,19957.257140917,4.35724688,57.2358779907227,71641484.0,Upper middle income
THA,SEAR,South-East Asia,2021,75.29014364,387.152099609,0.0,9500.0,14.5,Thailand,20242.7700035656,5.15399981,58.5087776184082,71727332.0,Upper middle income
TJK,EUR,Europe,2000,65.64695846,764.401916504,0.0,680.0,29.0,Tajikistan,1365.23327447129,4.26492405,26.5355104669232,6284735.0,Lower middle income
TJK,EUR,Europe,2001,66.35716048,762.155456543,0.0,790.0,28.6,Tajikistan,1467.39882474638,4.57802534,26.5345041786379,6407377.0,Lower middle income
TJK,EUR,Europe,2002,66.94490991,765.526000977,0.0,900.0,28.5,Tajikistan,1594.93890470219,4.43647242,26.5336513960096,6531669.0,Lower middle income
TJK,EUR,Europe,2003,67.57088192,762.657531738,0.0,950.0,28.3,Tajikistan,1736.64039749855,4.70218658,26.5331204386766,6658575.0,Lower middle income
TJK,EUR,Europe,2004,67.99767342,765.869140625,0.0,990.0,28.2,Tajikistan,1878.28696227255,4.79911184,26.5327772632159,6790547.0,Lower middle income
TJK,EUR,Europe,2005,68.16382022,781.266052246,0.0,980.0,28.6,Tajikistan,1965.30020458256,5.21024704,26.5324878262051,6924720.0,Lower middle income
TJK,EUR,Europe,2006,68.48925177,786.939575195,0.0,1000.0,28.3,Tajikistan,2063.288508243,5.03254795,26.5321180842215,7057566.0,Lower middle income
TJK,EUR,Europe,2007,68.67357175,803.026062012,0.0,1000.0,28.2,Tajikistan,2181.89798056536,5.54050112,26.5315339938424,7194477.0,Lower middle income
TJK,EUR,Europe,2008,69.0368299,794.975280762,0.0,1000.0,27.6,Tajikistan,2308.09430040334,5.91206694,26.5306015116451,7338403.0,Lower middle income
TJK,EUR,Europe,2009,69.34531105,783.99822998,0.0,1100.0,27.3,Tajikistan,2349.50030269416,5.85579777,26.529186594207,7490230.0,Lower middle income
TJK,EUR,Europe,2010,69.92200868,738.543945313,0.0,1100.0,26.1,Tajikistan,2449.27358745359,5.73543453,26.5274312963978,7652141.0,Lower middle income
TJK,EUR,Europe,2011,70.42452045,711.992858887,0.0,1000.0,25.2,Tajikistan,2572.48074895498,5.85971785,26.4792213439941,7824785.0,Lower middle income
TJK,EUR,Europe,2012,70.97199509,678.337768555,0.0,1000.0,23.9,Tajikistan,2700.09546037358,5.98185873,26.4102249145508,8014084.0,Lower middle income
TJK,EUR,Europe,2013,71.7590921,627.45904541,0.0,1100.0,22.3,Tajikistan,2828.38542075147,6.53226423,26.4883155822754,8216724.0,Lower middle income
TJK,EUR,Europe,2014,72.02059888,618.602661133,0.0,1000.0,22.0,Tajikistan,2943.08867917317,6.6654973,26.5633735656738,8425552.0,Lower middle income
TJK,EUR,Europe,2015,72.37216019,604.122802734,0.0,950.0,21.4,Tajikistan,3041.44479553257,6.90735912,26.478832244873,8643840.0,Lower middle income
TJK,EUR,Europe,2016,72.72427435,589.538696289,0.0,920.0,21.0,Tajikistan,3169.9667820524,6.96349716,26.3718509674072,8865631.0,Lower middle income
TJK,EUR,Europe,2017,73.18915767,570.534912109,0.0,830.0,20.2,Tajikistan,3312.71202243506,6.85399008,26.2731513977051,9085946.0,Lower middle income
TJK,EUR,Europe,2018,73.49599296,559.502624512,0.0,790.0,19.8,Tajikistan,3479.69235966041,7.01381588,26.2338752746582,9307333.0,Lower middle income
TJK,EUR,Europe,2019,73.80997068,549.539550781,0.0,820.0,19.4,Tajikistan,3649.88375518646,6.9476676,26.1300735473633,9529966.0,Lower middle income
TJK,EUR,Europe,2020,70.55595856,583.398925781,0.0,580.0,18.6,Tajikistan,3724.7489591466,8.8903532,26.1925442328719,9749310.0,Lower middle income
TJK,EUR,Europe,2021,71.814877,550.450195313,0.0,560.0,18.1,Tajikistan,3985.91247611219,8.37504482,26.1991525151375,9966908.0,Lower middle income
TKM,EUR,Europe,2000,65.56917712,829.546875,0.0,0.0,32.7,Turkmenistan,5112.52948147352,4.03080034,46.0736689106993,4582677.0,Upper middle income
TKM,EUR,Europe,2001,65.9484733,819.28503418,0.0,0.0,32.2,Turkmenistan,5228.80329286491,4.7660532,46.3715562022892,4675409.0,Upper middle income
TKM,EUR,Europe,2002,65.87608131,846.854553223,0.0,0.0,33.3,Turkmenistan,5138.87117760604,4.10696697,46.5924846062154,4769465.0,Upper middle income
TKM,EUR,Europe,2003,65.88787813,863.894836426,0.0,0.0,34.1,Turkmenistan,5203.8543813176,4.97849178,46.7000007629395,4863865.0,Upper middle income
TKM,EUR,Europe,2004,65.61545494,897.448730469,0.0,0.0,35.3,Turkmenistan,5360.22429910532,6.18652296,46.7375427392139,4958093.0,Upper middle income
TKM,EUR,Europe,2005,65.28550391,932.223632813,0.0,0.0,36.4,Turkmenistan,5945.95239804804,5.58886814,46.7728683922582,5052257.0,Upper middle income
TKM,EUR,Europe,2006,65.67349206,917.390808105,0.0,0.0,35.8,Turkmenistan,6476.82805700551,4.92075682,46.8060040482349,5147105.0,Upper middle income
TKM,EUR,Europe,2007,66.17071827,885.979370117,0.0,0.0,34.8,Turkmenistan,7060.14844993043,3.09328628,46.8369760333063,5244046.0,Upper middle income
TKM,EUR,Europe,2008,66.98536912,827.103637695,0.0,0.0,32.9,Turkmenistan,7944.99590073106,3.45380449,46.8658106736347,5345029.0,Upper middle income
TKM,EUR,Europe,2009,68.42683026,735.781738281,0.0,0.0,29.3,Turkmenistan,8264.86534322735,2.81471276,46.8925342953825,5451592.0,Upper middle income
TKM,EUR,Europe,2010,69.12241685,689.218566895,0.0,0.0,27.4,Turkmenistan,8842.33283585112,3.20879436,46.9171732247121,5564356.0,Upper middle income
TKM,EUR,Europe,2011,69.23413358,684.507202148,0.0,0.0,27.1,Turkmenistan,9929.68934634645,3.22296,46.9397537877858,5683417.0,Upper middle income
TKM,EUR,Europe,2012,69.3130409,679.809143066,0.0,0.0,26.8,Turkmenistan,10794.2335233663,3.34203553,46.9603023107661,5808546.0,Upper middle income
TKM,EUR,Europe,2013,69.11794049,686.181518555,0.0,0.0,27.1,Turkmenistan,11633.2905987757,3.96929264,46.9788451198152,5939341.0,Upper middle income
TKM,EUR,Europe,2014,68.91649587,707.410461426,0.0,0.0,28.0,Turkmenistan,12544.3983464061,4.25741673,46.9954085410955,6075283.0,Upper middle income
TKM,EUR,Europe,2015,68.83222809,711.86541748,0.0,0.0,27.9,Turkmenistan,13057.8303253557,5.01652908,47.0100189007695,6215770.0,Upper middle income
TKM,EUR,Europe,2016,68.96406385,702.316040039,0.0,0.0,27.3,Turkmenistan,13552.8477118745,5.58718491,47.0227025249994,6360041.0,Upper middle income
TKM,EUR,Europe,2017,68.97743987,704.634094238,0.0,0.0,27.1,Turkmenistan,14107.6671199289,5.82361221,47.0334857399476,6507061.0,Upper middle income
TKM,EUR,Europe,2018,69.07787312,699.146972656,0.0,0.0,26.7,Turkmenistan,14648.135352725,5.55298042,47.0423948717765,6655524.0,Upper middle income
TKM,EUR,Europe,2019,69.14190532,697.423950195,0.0,0.0,26.4,Turkmenistan,15231.3056176565,5.5522337,47.0494562466485,6803944.0,Upper middle income
TKM,EUR,Europe,2020,68.47366895,697.350402832,0.0,0.0,26.5,Turkmenistan,15791.1775857601,5.57226086,47.0546961907259,6949912.0,Upper middle income
TKM,EUR,Europe,2021,69.12049331,676.287536621,0.0,0.0,25.7,Turkmenistan,16434.1399060353,5.49196625,47.0581410301711,7092043.0,Upper middle income
TLS,SEAR,South-East Asia,2000,62.86576561,553.238464355,211.0,100.0,20.7,Timor-Leste,3783.78349040621,2.84187031,24.1139427164365,745088.0,Lower middle income
TLS,SEAR,South-East Asia,2001,63.41630684,548.811523438,230.0,100.0,20.5,Timor-Leste,4038.33583266948,2.84187031,24.469641672156,812249.0,Lower middle income
TLS,SEAR,South-East Asia,2002,63.92197693,513.564208984,199.0,100.0,19.1,Timor-Leste,3480.98860481918,2.84187031,24.8506108883184,879159.0,Lower middle income
TLS,SEAR,South-East Asia,2003,64.51597993,534.801025391,125.0,100.0,20.0,Timor-Leste,3264.94649227443,2.84187031,25.2611540807581,916878.0,Lower middle income
TLS,SEAR,South-East Asia,2004,65.10952919,545.545288086,449.0,100.0,20.5,Timor-Leste,3234.97572893373,4.26103544,25.7040830077802,929074.0,Lower middle income
TLS,SEAR,South-East Asia,2005,65.67751029,541.073913574,304.0,100.0,20.1,Timor-Leste,3263.94469592966,5.28044748,26.3097308948751,948311.0,Lower middle income
TLS,SEAR,South-East Asia,2006,65.99128891,528.733276367,326.0,100.0,19.6,Timor-Leste,3038.95253397881,6.00192022,27.121697883382,976597.0,Lower middle income
TLS,SEAR,South-East Asia,2007,66.33184634,520.483703613,226.0,100.0,19.3,Timor-Leste,3256.56973696199,5.64793253,28.0011655196859,1004889.0,Lower middle income
TLS,SEAR,South-East Asia,2008,66.57678716,522.317382813,271.0,100.0,19.4,Timor-Leste,3530.88221940661,6.96563959,28.8076745459306,1032429.0,Lower middle income
TLS,SEAR,South-East Asia,2009,66.64368547,594.496398926,198.0,200.0,22.3,Timor-Leste,3792.3582606223,7.30931807,29.4007657042596,1058782.0,Lower middle income
TLS,SEAR,South-East Asia,2010,67.00361983,585.473510742,194.0,200.0,21.3,Timor-Leste,4047.24946392086,6.47058821,29.6398840020416,1084679.0,Lower middle income
TLS,SEAR,South-East Asia,2011,67.28464088,588.86730957,65.0,200.0,21.5,Timor-Leste,4189.79980348341,6.86541462,29.633352306451,1110207.0,Lower middle income
TLS,SEAR,South-East Asia,2012,67.450997,572.98425293,9.0,200.0,20.9,Timor-Leste,4297.91482204398,6.99215221,29.6136082349605,1134885.0,Lower middle income
TLS,SEAR,South-East Asia,2013,67.45652515,577.884094238,3.0,200.0,21.2,Timor-Leste,4340.27851790544,8.5323782,29.5836906253246,1158695.0,Lower middle income
TLS,SEAR,South-East Asia,2014,67.48250838,582.323974609,1.0,200.0,21.6,Timor-Leste,4445.3594272103,7.59958553,29.5463092024041,1181903.0,Lower middle income
TLS,SEAR,South-East Asia,2015,67.83593705,557.540344238,0.0,200.0,20.2,Timor-Leste,4467.80011988177,7.69146681,29.5043315008419,1205131.0,Lower middle income
TLS,SEAR,South-East Asia,2016,68.07445467,565.555664063,0.0,200.0,20.5,Timor-Leste,4515.4226379882,6.94250727,29.4462907628171,1228312.0,Lower middle income
TLS,SEAR,South-East Asia,2017,68.23558592,555.012023926,0.0,200.0,20.0,Timor-Leste,4290.02726532164,6.80442286,29.3600996787092,1251703.0,Lower middle income
TLS,SEAR,South-East Asia,2018,68.36839208,564.328552246,0.0,200.0,20.4,Timor-Leste,4188.84115175127,6.40227413,29.248617510057,1275959.0,Lower middle income
TLS,SEAR,South-East Asia,2019,68.49880356,575.397705078,0.0,200.0,20.9,Timor-Leste,5103.14962872555,4.99218798,29.1148755245217,1300945.0,Lower middle income
TLS,SEAR,South-East Asia,2020,68.91671885,534.680480957,0.0,200.0,19.2,Timor-Leste,6594.88175503901,7.26445007,28.9619049897647,1326053.0,Lower middle income
TLS,SEAR,South-East Asia,2021,67.99671222,561.167907715,0.0,200.0,20.1,Timor-Leste,6825.04588630745,4.9192977,28.7927371734472,1350139.0,Lower middle income
TON,WPR,Western Pacific,2000,70.95399808,719.201599121,0.0,0.0,29.0,Tonga,5808.26509143352,2.90389204,23.0251513819988,102677.0,Upper middle income
TON,WPR,Western Pacific,2001,71.21713536,707.783569336,0.0,0.0,28.4,Tonga,5860.08077786935,3.42501593,23.0488634076195,103288.0,Upper middle income
TON,WPR,Western Pacific,2002,71.2515614,705.695922852,0.0,0.0,28.4,Tonga,6085.11323193626,3.58957744,23.071428585567,103874.0,Upper middle income
TON,WPR,Western Pacific,2003,71.25830559,709.377807617,0.0,0.0,28.7,Tonga,6053.8798660639,3.43583083,23.0943621775072,104464.0,Upper middle income
TON,WPR,Western Pacific,2004,71.44335848,699.799133301,0.0,0.0,28.3,Tonga,5900.45741291394,4.50741625,23.1191794451059,105071.0,Upper middle income
TON,WPR,Western Pacific,2005,71.97193468,666.947814941,0.0,0.0,27.2,Tonga,5828.37054398018,4.38560247,23.1473956500293,105671.0,Upper middle income
TON,WPR,Western Pacific,2006,72.01750935,667.838500977,0.0,0.0,27.1,Tonga,5670.9141842869,5.47225046,23.1801421282521,106253.0,Upper middle income
TON,WPR,Western Pacific,2007,72.00901963,670.366271973,0.0,0.0,27.1,Tonga,5506.65177833752,4.73330021,23.2239976577967,106726.0,Upper middle income
TON,WPR,Western Pacific,2008,72.00245834,668.743774414,0.0,0.0,27.0,Tonga,5758.56828665219,6.05759716,23.2889000757567,107020.0,Upper middle income
TON,WPR,Western Pacific,2009,70.18279546,671.837341309,0.0,0.0,27.2,Tonga,5453.87514548883,3.97380877,23.3612068183251,107203.0,Upper middle income
TON,WPR,Western Pacific,2010,72.11458049,678.90625,0.0,0.0,27.4,Tonga,5488.75040326595,4.81632328,23.4243619099178,107400.0,Upper middle income
TON,WPR,Western Pacific,2011,72.18060639,675.089355469,0.0,0.0,27.2,Tonga,5847.44389420769,4.73990822,23.46075468367,107570.0,Upper middle income
TON,WPR,Western Pacific,2012,72.2449478,673.133422852,0.0,0.0,27.1,Tonga,5907.26711603507,8.13786125,23.4589062635692,107460.0,Upper middle income
TON,WPR,Western Pacific,2013,72.30723111,669.934082031,0.0,0.0,27.0,Tonga,5951.69432111238,4.16768837,23.4170795020344,107078.0,Upper middle income
TON,WPR,Western Pacific,2014,72.38182372,667.128723145,0.0,0.0,26.9,Tonga,6096.86914784745,5.19583178,23.3431040935971,106609.0,Upper middle income
TON,WPR,Western Pacific,2015,72.46352791,663.728820801,0.0,0.0,26.8,Tonga,6194.63923003718,4.78137636,23.2434422818439,106095.0,Upper middle income
TON,WPR,Western Pacific,2016,72.56032607,652.091491699,0.0,0.0,26.4,Tonga,6639.13678737964,5.22591066,23.1277038505921,105524.0,Upper middle income
TON,WPR,Western Pacific,2017,72.71571833,652.14440918,0.0,0.0,26.4,Tonga,6862.66870605024,5.62952805,22.9711300654966,105356.0,Upper middle income
TON,WPR,Western Pacific,2018,72.84423109,647.593078613,0.0,0.0,26.2,Tonga,6885.10271620406,6.12240648,22.7017138925547,105567.0,Upper middle income
TON,WPR,Western Pacific,2019,72.94212581,642.985900879,0.0,0.0,26.0,Tonga,6858.83871210154,5.74527884,22.3288155626206,105669.0,Upper middle income
TON,WPR,Western Pacific,2020,73.18678447,631.418823242,0.0,0.0,25.7,Tonga,6980.41011734068,5.55919838,21.8766206823411,105704.0,Upper middle income
TON,WPR,Western Pacific,2021,72.72088222,660.832580566,0.0,0.0,26.9,Tonga,6929.17669288438,7.06254101,21.258003897665,105490.0,Upper middle income
TTO,AMR,Americas,2000,70.4199372,664.024902344,0.0,0.0,27.8,Trinidad and Tobago,19637.5545410721,4.23492479,55.9291468285602,1319774.0,High income
TTO,AMR,Americas,2001,70.55567603,654.003540039,0.0,0.0,26.9,Trinidad and Tobago,20366.753132212,4.0346489,55.9010190940268,1325567.0,High income
TTO,AMR,Americas,2002,71.08783441,629.93939209,0.0,0.0,25.4,Trinidad and Tobago,21876.8529070403,4.72302485,55.8298121439974,1332011.0,High income
TTO,AMR,Americas,2003,70.96473433,631.394775391,0.0,0.0,25.4,Trinidad and Tobago,24910.823196152,4.18767118,55.7188050758235,1338709.0,High income
TTO,AMR,Americas,2004,71.34856579,612.066040039,0.0,0.0,24.8,Trinidad and Tobago,26757.9075601429,4.30805206,55.5711241312409,1345380.0,High income
TTO,AMR,Americas,2005,71.67544737,591.630432129,0.0,0.0,24.0,Trinidad and Tobago,29536.4394101096,4.43451166,55.3898955519853,1294494.0,High income
TTO,AMR,Americas,2006,72.20904818,568.162963867,0.0,0.0,22.6,Trinidad and Tobago,33348.7507470886,4.15431976,55.1782455797922,1297944.0,High income
TTO,AMR,Americas,2007,72.39472984,560.292236328,0.0,0.0,22.1,Trinidad and Tobago,34793.6457521105,4.1536026,54.9393004563973,1303188.0,High income
TTO,AMR,Americas,2008,72.03571655,570.468078613,0.0,0.0,22.5,Trinidad and Tobago,35825.3333456362,3.6575706,54.6761864235364,1308587.0,High income
TTO,AMR,Americas,2009,72.84103384,539.059143066,0.0,0.0,21.3,Trinidad and Tobago,34212.2683057008,5.48676443,54.3920297229449,1310106.0,High income
TTO,AMR,Americas,2010,73.32339874,529.110961914,0.0,0.0,20.9,Trinidad and Tobago,35145.1253639062,5.08042908,54.0899565963587,1317714.0,High income
TTO,AMR,Americas,2011,74.01459781,511.498291016,0.0,0.0,20.4,Trinidad and Tobago,34769.7620251376,4.72197914,53.9253615474727,1328019.0,High income
TTO,AMR,Americas,2012,74.64546221,488.464263916,0.0,0.0,19.4,Trinidad and Tobago,36903.6898574094,4.62851572,53.9254053431618,1335194.0,High income
TTO,AMR,Americas,2013,74.31731073,508.944702148,0.0,0.0,20.2,Trinidad and Tobago,37994.0686480473,4.80224705,53.9255789963372,1340557.0,High income
TTO,AMR,Americas,2014,74.31626767,510.74697876,0.0,0.0,20.5,Trinidad and Tobago,39248.6570516023,4.87381697,53.9259699537793,1345343.0,High income
TTO,AMR,Americas,2015,74.35412517,512.221862793,0.0,0.0,20.5,Trinidad and Tobago,38963.9641783011,5.6525383,53.926665238022,1349667.0,High income
TTO,AMR,Americas,2016,73.83467512,534.792480469,0.0,0.0,21.2,Trinidad and Tobago,35914.9901970983,6.47465849,53.9277523084951,1353895.0,High income
TTO,AMR,Americas,2017,74.00520612,525.951171875,0.0,0.0,20.7,Trinidad and Tobago,34095.9899256152,6.56562996,53.9293186833833,1356633.0,High income
TTO,AMR,Americas,2018,73.99505843,516.66595459,0.0,0.0,20.4,Trinidad and Tobago,33710.0178540008,6.65089417,53.9314518934907,1359193.0,High income
TTO,AMR,Americas,2019,74.09327397,515.710205078,0.0,0.0,20.4,Trinidad and Tobago,33748.7060849924,6.90704823,53.9342394732739,1363985.0,High income
TTO,AMR,Americas,2020,73.63599489,521.002685547,0.0,0.0,20.7,Trinidad and Tobago,30720.8876936042,7.47677326,53.9377689584806,1366725.0,High income
TTO,AMR,Americas,2021,71.70712647,504.684387207,0.0,0.0,20.3,Trinidad and Tobago,30482.1201798631,7.20521307,53.9421278853848,1367558.0,High income
TUN,EMR,Eastern Mediterranean,2000,74.30098477,535.587524414,0.0,500.0,18.6,Tunisia,9134.41506327005,4.81271935,63.6166653822584,9764935.0,Lower middle income
TUN,EMR,Eastern Mediterranean,2001,74.55599136,532.217041016,0.0,500.0,18.4,Tunisia,9380.56317617024,4.86132765,63.9541757453358,9869677.0,Lower middle income
TUN,EMR,Eastern Mediterranean,2002,74.75755844,529.666259766,0.0,500.0,18.2,Tunisia,9407.55676671593,5.12036419,64.2822554892505,9971515.0,Lower middle income
TUN,EMR,Eastern Mediterranean,2003,74.95127697,527.88671875,0.0,500.0,17.8,Tunisia,9752.02442335824,5.20888519,64.6055972687544,10071632.0,Lower middle income
TUN,EMR,Eastern Mediterranean,2004,75.17294716,524.270202637,0.0,500.0,17.6,Tunisia,10263.8055422408,5.19890785,64.9272741461338,10166163.0,Lower middle income
TUN,EMR,Eastern Mediterranean,2005,75.37276042,519.454345703,0.0,500.0,17.3,Tunisia,10529.1598956845,5.14555788,65.2340901739004,10255472.0,Lower middle income
TUN,EMR,Eastern Mediterranean,2006,75.57522085,513.719482422,0.0,500.0,17.1,Tunisia,10983.9221903991,5.13109922,65.5209809651521,10346410.0,Lower middle income
TUN,EMR,Eastern Mediterranean,2007,75.74953958,508.091125488,0.0,500.0,16.8,Tunisia,11613.9247511428,5.17542839,65.8000030517578,10441702.0,Lower middle income
TUN,EMR,Eastern Mediterranean,2008,75.92697277,502.101715088,0.0,500.0,16.6,Tunisia,11990.1962371716,5.1644063,66.0676053984361,10542635.0,Lower middle income
TUN,EMR,Eastern Mediterranean,2009,76.07616117,498.989105225,0.0,510.0,16.5,Tunisia,12229.7752536693,5.40595293,66.3362197875977,10650681.0,Lower middle income
TUN,EMR,Eastern Mediterranean,2010,76.21500138,496.157348633,0.0,500.0,16.4,Tunisia,12458.2710366551,5.60950756,66.6280059814453,10765980.0,Lower middle income
TUN,EMR,Eastern Mediterranean,2011,76.36110917,483.22088623,0.0,520.0,16.0,Tunisia,12068.7136257667,6.12299299,66.9191886197857,10886035.0,Lower middle income
TUN,EMR,Eastern Mediterranean,2012,76.52515319,477.239624023,0.0,510.0,15.7,Tunisia,12436.3958115735,6.28984737,67.2098922729492,11009647.0,Lower middle income
TUN,EMR,Eastern Mediterranean,2013,76.61373105,475.257965088,0.0,540.0,15.7,Tunisia,12587.9950645596,6.51394987,67.4999542236328,11141361.0,Lower middle income
TUN,EMR,Eastern Mediterranean,2014,76.6974822,471.34173584,0.0,540.0,15.5,Tunisia,12824.0028914441,6.45006084,67.7524643379101,11274288.0,Lower middle income
TUN,EMR,Eastern Mediterranean,2015,76.78627015,470.033966064,0.0,530.0,15.5,Tunisia,12802.7917211433,6.21339941,67.8807907104492,11402264.0,Lower middle income
TUN,EMR,Eastern Mediterranean,2016,76.91365109,466.120452881,0.0,550.0,15.4,Tunisia,12803.8797371543,6.24778175,68.0623356528248,11528674.0,Lower middle income
TUN,EMR,Eastern Mediterranean,2017,77.03145853,464.782165527,0.0,540.0,15.4,Tunisia,12955.4014814241,6.18557453,68.2877807617188,11650498.0,Lower middle income
TUN,EMR,Eastern Mediterranean,2018,77.23195746,459.401123047,0.0,580.0,15.3,Tunisia,13163.1952230357,5.9375186,68.5485240272509,11765514.0,Lower middle income
TUN,EMR,Eastern Mediterranean,2019,77.50537971,451.707305908,0.0,590.0,15.2,Tunisia,13243.9024233246,6.02461243,68.8206382576031,11875081.0,Lower middle income
TUN,EMR,Eastern Mediterranean,2020,77.12175333,455.749603271,0.0,610.0,15.1,Tunisia,11955.5983698479,7.05612612,69.1043166438476,11974057.0,Lower middle income
TUN,EMR,Eastern Mediterranean,2021,74.06842662,432.402191162,0.0,610.0,13.0,Tunisia,12444.3264026887,7.34183979,69.3997523770568,12048622.0,Lower middle income
TUR,EUR,Europe,2000,73.31499528,579.692932129,0.0,0.0,22.5,Turkiye,14856.914625257,4.59957218,58.9706120006403,65425961.0,Upper middle income
TUR,EUR,Europe,2001,74.03517034,554.64074707,0.0,0.0,21.5,Turkiye,13872.1287284566,4.88784933,59.8722461417316,66245128.0,Upper middle income
TUR,EUR,Europe,2002,74.77351879,530.85168457,0.0,0.0,20.5,Turkiye,14587.894621656,5.06227875,60.7385342729423,67048795.0,Upper middle income
TUR,EUR,Europe,2003,75.30413279,513.704650879,0.0,0.0,19.9,Turkiye,15255.7177960689,5.01427698,61.5845060653258,67831730.0,Upper middle income
TUR,EUR,Europe,2004,75.833599,499.024261475,0.0,0.0,19.3,Turkiye,16583.8837094062,4.9096446,62.4388481173262,68592617.0,Upper middle income
TUR,EUR,Europe,2005,76.19636776,490.213104248,0.0,0.0,18.9,Turkiye,17902.5966004487,4.89389706,63.3302470273874,69329557.0,Upper middle income
TUR,EUR,Europe,2006,76.53841522,482.273620605,0.0,0.0,18.6,Turkiye,18972.0089563632,5.14591694,64.2873893939536,70045349.0,Upper middle income
TUR,EUR,Europe,2007,76.70654932,481.023345947,0.0,0.0,18.2,Turkiye,19909.083519675,5.23760796,65.3389618154687,70158112.0,Upper middle income
TUR,EUR,Europe,2008,76.65466357,490.774017334,0.0,0.0,18.0,Turkiye,19839.5845462269,5.21761751,66.513650890377,71051678.0,Upper middle income
TUR,EUR,Europe,2009,76.34599074,510.77130127,0.0,0.0,18.6,Turkiye,18612.1925231905,5.49438715,67.8401432171223,72039206.0,Upper middle income
TUR,EUR,Europe,2010,76.50699578,508.737884521,0.0,0.0,18.6,Turkiye,19897.4464836887,5.02053452,69.3471253941487,73142150.0,Upper middle income
TUR,EUR,Europe,2011,76.69522957,503.938323975,0.0,0.0,18.5,Turkiye,21760.4291923634,4.6530509,71.0028723528334,74223629.0,Upper middle income
TUR,EUR,Europe,2012,76.83621576,499.580932617,0.0,0.0,18.2,Turkiye,22517.7148287875,4.44444656,73.7788680234324,75175827.0,Upper middle income
TUR,EUR,Europe,2013,76.83417226,499.516204834,0.0,0.0,18.0,Turkiye,24117.3121099839,4.37099934,78.5218368384696,76147624.0,Upper middle income
TUR,EUR,Europe,2014,76.74876869,506.910369873,0.0,0.0,17.9,Turkiye,24888.8521742576,4.32517862,83.6024850744433,77181884.0,Upper middle income
TUR,EUR,Europe,2015,76.68525905,513.480529785,0.0,0.0,17.7,Turkiye,25984.8027306177,4.11690426,87.2167107972537,78218479.0,Upper middle income
TUR,EUR,Europe,2016,76.66589183,514.937133789,0.0,0.0,17.4,Turkiye,26489.6436816046,4.28469229,88.1020958581776,79277962.0,Upper middle income
TUR,EUR,Europe,2017,77.07084923,500.503662109,0.0,0.0,17.0,Turkiye,28194.688309381,4.17974997,88.0320472717286,80312698.0,Upper middle income
TUR,EUR,Europe,2018,77.55827507,479.083526611,0.0,0.0,16.7,Turkiye,28780.3036458151,4.12101603,88.1655749576173,81407204.0,Upper middle income
TUR,EUR,Europe,2019,77.61966184,482.265167236,0.0,0.0,16.6,Turkiye,28741.0535082701,4.35954332,88.6618152857124,82579440.0,Upper middle income
TUR,EUR,Europe,2020,76.17525576,493.522644043,0.0,0.0,15.2,Turkiye,28976.7179161611,4.61640215,88.9303114965222,83384680.0,Upper middle income
TUR,EUR,Europe,2021,75.27238945,470.553253174,0.0,0.0,15.4,Turkiye,32105.5474400506,4.56065559,89.1762048153239,84147318.0,Upper middle income
TZA,AFR,Africa,2000,52.79227334,502.086029053,44280.0,110000.0,19.6,Tanzania,1839.93664550781,3.41529942,22.1944164040635,34260139.0,Lower middle income
TZA,AFR,Africa,2001,53.52029055,485.915893555,41667.0,110000.0,19.2,Tanzania,1899.74536132813,4.23551702,22.5963228653037,35198299.0,Lower middle income
TZA,AFR,Africa,2002,54.24829544,488.094573975,35943.0,110000.0,18.9,Tanzania,1982.64428710938,4.68907642,23.0306918214565,36121304.0,Lower middle income
TZA,AFR,Africa,2003,54.98804057,484.217956543,33124.0,110000.0,18.8,Tanzania,2059.83740234375,5.34231472,23.5202087261949,37089555.0,Lower middle income
TZA,AFR,Africa,2004,55.69111865,481.527893066,29973.0,100000.0,18.6,Tanzania,2155.24145507813,5.7373414,24.0832469119457,38109668.0,Lower middle income
TZA,AFR,Africa,2005,56.55203228,489.192871094,27472.0,99000.0,18.4,Tanzania,2253.09326171875,6.32282543,24.7061884538741,39182076.0,Lower middle income
TZA,AFR,Africa,2006,57.81812716,485.567504883,25312.0,96000.0,18.1,Tanzania,2334.1044921875,7.598279,25.3741033202009,40294902.0,Lower middle income
TZA,AFR,Africa,2007,59.37881257,482.8543396,23310.0,88000.0,18.0,Tanzania,2423.61596679688,6.88427973,26.0720614791471,41435512.0,Lower middle income
TZA,AFR,Africa,2008,60.43730538,481.86730957,21901.0,87000.0,17.8,Tanzania,2493.25927734375,5.55704737,26.7851328989335,42570728.0,Lower middle income
TZA,AFR,Africa,2009,61.03787589,473.373382568,21916.0,88000.0,17.8,Tanzania,2560.81103515625,5.06306362,27.498387547781,43633982.0,Lower middle income
TZA,AFR,Africa,2010,61.6819464,472.135406494,21418.0,89000.0,17.5,Tanzania,2654.80346679688,5.22392178,28.1968953939105,44758488.0,Lower middle income
TZA,AFR,Africa,2011,62.26370092,468.430175781,21003.0,93000.0,17.3,Tanzania,2779.70776367188,5.0559845,28.865726405543,46029367.0,Lower middle income
TZA,AFR,Africa,2012,63.07821297,459.25970459,20796.0,91000.0,17.1,Tanzania,2822.4853515625,5.01779366,29.4878764597911,47374260.0,Lower middle income
TZA,AFR,Africa,2013,64.03254511,475.594543457,22043.0,94000.0,17.3,Tanzania,2924.86328125,4.64643383,30.0725108782502,48824128.0,Lower middle income
TZA,AFR,Africa,2014,64.69269786,471.410797119,22996.0,98000.0,17.2,Tanzania,3027.56909179688,4.01492071,30.6443077170742,50351512.0,Lower middle income
TZA,AFR,Africa,2015,65.15719683,479.954101563,23244.0,100000.0,17.4,Tanzania,3111.44458007813,3.64969945,31.2061566592472,52020962.0,Lower middle income
TZA,AFR,Africa,2016,65.60342077,484.324249268,23354.0,110000.0,17.6,Tanzania,3214.24682617188,3.96350336,31.7577303242916,53824013.0,Lower middle income
TZA,AFR,Africa,2017,65.98183854,492.085327148,23157.0,100000.0,17.7,Tanzania,3318.28833007813,4.02325726,32.2987013317296,55652890.0,Lower middle income
TZA,AFR,Africa,2018,66.39625941,505.489440918,23280.0,99000.0,18.1,Tanzania,3392.68872070313,4.32775831,32.8287423010834,57437145.0,Lower middle income
TZA,AFR,Africa,2019,66.78631383,517.913146973,23560.0,91000.0,18.4,Tanzania,3484.63256835938,4.02347755,33.3475258518752,59174891.0,Lower middle income
TZA,AFR,Africa,2020,67.40275668,506.659118652,24568.0,77000.0,17.9,Tanzania,3449.82153320313,3.05028677,33.8547246036273,60972798.0,Lower middle income
TZA,AFR,Africa,2021,66.8101483,534.394592285,25155.0,71000.0,18.8,Tanzania,3493.0830078125,3.46963334,34.3500111758619,62830412.0,Lower middle income
UGA,AFR,Africa,2000,48.8900405,724.704284668,42056.0,100000.0,29.2,Uganda,1487.00498853512,5.0827775,11.6414758125187,24000150.0,Low income
UGA,AFR,Africa,2001,49.78388659,740.91595459,46341.0,100000.0,29.8,Uganda,1516.96423755695,5.05208397,11.9013889740088,24745676.0,Low income
UGA,AFR,Africa,2002,50.65046911,737.091796875,46832.0,100000.0,29.5,Uganda,1598.5828380849,4.77136898,12.202793574555,25532870.0,Low income
UGA,AFR,Africa,2003,51.68238982,723.838989258,44798.0,100000.0,28.9,Uganda,1649.1482601448,4.2991581,12.5904136719317,26352124.0,Low income
UGA,AFR,Africa,2004,53.13418916,711.817260742,35430.0,100000.0,28.4,Uganda,1709.36159216857,4.70022202,13.1221118400615,27154515.0,Low income
UGA,AFR,Africa,2005,54.81013228,684.549621582,30951.0,100000.0,27.4,Uganda,1765.03788457066,5.80516291,13.7907239496723,27963289.0,Low income
UGA,AFR,Africa,2006,55.99216305,657.248840332,27560.0,100000.0,26.2,Uganda,1898.97915280479,6.463305,14.5851520274647,28794003.0,Low income
UGA,AFR,Africa,2007,56.83050321,629.073303223,26344.0,100000.0,25.1,Uganda,1999.0624896434,6.11309004,15.494298100139,29653430.0,Low income
UGA,AFR,Africa,2008,57.97310088,610.543762207,26930.0,99000.0,24.3,Uganda,2110.10049271503,5.45474958,16.5070641943955,30539553.0,Low income
UGA,AFR,Africa,2009,59.05814244,592.743591309,27197.0,99000.0,23.6,Uganda,2188.29916246327,5.78845549,17.6123523369348,31451151.0,Low income
UGA,AFR,Africa,2010,59.96020545,584.553588867,25736.0,96000.0,23.3,Uganda,2244.60595194584,6.80890226,18.7990645544572,32390802.0,Low income
UGA,AFR,Africa,2011,60.87012607,583.876098633,23537.0,92000.0,23.1,Uganda,2384.4653273154,6.6959095,20.0561028736631,33354543.0,Low income
UGA,AFR,Africa,2012,61.8009059,571.648071289,22473.0,84000.0,22.6,Uganda,2405.09455932767,6.10853958,21.372369321253,34337438.0,Low income
UGA,AFR,Africa,2013,62.71779853,568.715942383,18788.0,80000.0,22.5,Uganda,2420.88808087266,5.78252411,22.7367659239271,35337042.0,Low income
UGA,AFR,Africa,2014,63.49406001,555.158752441,17748.0,74000.0,22.0,Uganda,2470.50380909598,5.33653069,24.1938503391826,36395539.0,Low income
UGA,AFR,Africa,2015,64.2155816,544.39276123,15762.0,71000.0,21.7,Uganda,2520.0201028843,4.99643135,24.9777856560427,37531446.0,Low income
UGA,AFR,Africa,2016,64.67477151,540.932617188,15637.0,69000.0,21.5,Uganda,2554.22769062073,5.01553297,25.6953567134098,38799152.0,Low income
UGA,AFR,Africa,2017,65.21733648,533.252685547,15802.0,61000.0,21.1,Uganda,2543.84754394956,3.99852037,26.4139260579546,40177388.0,Low income
UGA,AFR,Africa,2018,65.71888649,547.159118652,15254.0,53000.0,21.4,Uganda,2613.87976413963,4.02153397,27.1280475018884,41565831.0,Low income
UGA,AFR,Africa,2019,66.0878394,564.582214355,15947.0,50000.0,21.8,Uganda,2689.41009144919,3.79341364,27.8369781799403,42999637.0,Low income
UGA,AFR,Africa,2020,66.29850916,559.695739746,18514.0,48000.0,21.7,Uganda,2678.00907202293,5.23865509,28.5399752271502,44457152.0,Low income
UGA,AFR,Africa,2021,65.98577935,566.126464844,17438.0,48000.0,21.5,Uganda,2684.92035939744,5.47374916,29.2362957789022,45910930.0,Low income
UKR,EUR,Europe,2000,67.55459596,882.378967285,0.0,0.0,34.0,Ukraine,10364.0625,5.30685186,67.403857296906,49556660.0,Upper middle income
UKR,EUR,Europe,2001,67.7115647,863.648376465,0.0,0.0,33.1,Ukraine,11379.3857421875,5.72534418,67.2749805493459,49106855.0,Upper middle income
UKR,EUR,Europe,2002,67.49385199,884.187561035,0.0,0.0,33.3,Ukraine,12092.7890625,5.99220037,67.2672733350904,48677281.0,Upper middle income
UKR,EUR,Europe,2003,67.52472284,897.740539551,0.0,0.0,33.3,Ukraine,13342.8798828125,6.54574108,67.419679868405,48315136.0,Upper middle income
UKR,EUR,Europe,2004,67.43010343,892.902404785,0.0,0.0,33.7,Ukraine,15021.06640625,6.16856956,67.5970968423685,47979507.0,Upper middle income
UKR,EUR,Europe,2005,67.10598289,914.356506348,0.0,0.0,34.4,Ukraine,15610.5732421875,6.3461585,67.8136046317755,47585556.0,Upper middle income
UKR,EUR,Europe,2006,67.7845536,877.540039063,0.0,0.0,32.9,Ukraine,16901.5078125,6.4171896,68.0293347798948,47278694.0,Upper middle income
UKR,EUR,Europe,2007,67.5915603,876.105285645,0.0,0.0,33.0,Ukraine,18374.013671875,6.01776791,68.2102322372037,47062798.0,Upper middle income
UKR,EUR,Europe,2008,67.905744,863.985595703,0.0,0.0,32.5,Ukraine,18883.986328125,5.49754429,68.3752085755346,46819175.0,Upper middle income
UKR,EUR,Europe,2009,69.49300841,802.063659668,0.0,0.0,30.0,Ukraine,16092.7958984375,6.60991716,68.5251442249547,46623731.0,Upper middle income
UKR,EUR,Europe,2010,70.14904515,782.411987305,0.0,0.0,29.0,Ukraine,16811.794921875,6.81387615,68.637397133357,46456003.0,Upper middle income
UKR,EUR,Europe,2011,70.93317751,734.999694824,0.0,0.0,27.7,Ukraine,17783.95703125,6.81669855,68.7234299826222,46307853.0,Upper middle income
UKR,EUR,Europe,2012,71.09437239,727.858093262,0.0,0.0,27.6,Ukraine,17848.740234375,7.11789227,68.8241983107739,46210056.0,Upper middle income
UKR,EUR,Europe,2013,71.55330688,711.039550781,0.0,0.0,26.7,Ukraine,17889.091796875,6.94358015,68.9326288082226,46126770.0,Upper middle income
UKR,EUR,Europe,2014,70.89072091,725.670288086,0.0,0.0,27.3,Ukraine,16978.8125,7.19506168,69.0554339301313,45972380.0,Upper middle income
UKR,EUR,Europe,2015,72.14894514,676.202148438,0.0,0.0,25.7,Ukraine,15403.7099609375,7.78352833,69.1587317201337,45784896.0,Upper middle income
UKR,EUR,Europe,2016,72.62863559,659.499145508,0.0,0.0,25.4,Ukraine,15856.8125,7.55205393,69.2102241609089,45616832.0,Upper middle income
UKR,EUR,Europe,2017,73.00099017,644.159912109,0.0,0.0,24.8,Ukraine,16310.3603515625,7.44610357,69.2633108489282,45436041.0,Upper middle income
UKR,EUR,Europe,2018,72.71826067,660.443908691,0.0,0.0,25.8,Ukraine,16978.984375,7.52051353,69.3157992777909,45208907.0,Upper middle income
UKR,EUR,Europe,2019,73.00449182,650.953063965,0.0,0.0,25.3,Ukraine,17636.5546875,7.09389353,69.3527648708735,44957458.0,Upper middle income
UKR,EUR,Europe,2020,72.49786713,638.536437988,0.0,0.0,25.1,Ukraine,17092.5390625,7.56217051,69.3839100516745,44680014.0,Upper middle income
UKR,EUR,Europe,2021,70.90674708,629.071655273,0.0,0.0,24.8,Ukraine,17846.408203125,8.2027483,69.4027032653896,44298640.0,Upper middle income
URY,AMR,Americas,2000,74.87862057,525.753112793,0.0,0.0,20.6,Uruguay,18752.0578112966,9.17182446,91.2769768173566,3266206.0,High income
URY,AMR,Americas,2001,74.92750681,529.207946777,0.0,0.0,20.2,Uruguay,17986.9007596433,9.75702,91.3759250620534,3274251.0,High income
URY,AMR,Americas,2002,75.11068373,521.629638672,0.0,0.0,19.9,Uruguay,16572.7881760134,9.64023018,91.4886084712534,3278867.0,High income
URY,AMR,Americas,2003,74.80937399,537.505554199,0.0,0.0,20.1,Uruguay,16694.4389231595,9.57667351,91.6260094228609,3281186.0,High income
URY,AMR,Americas,2004,75.26030661,520.352844238,0.0,0.0,19.6,Uruguay,17519.3796251133,8.26618195,91.8009434091917,3283148.0,High income
URY,AMR,Americas,2005,75.64994667,507.1065979,0.0,0.0,19.0,Uruguay,18811.3195971021,7.72390509,92.0812710048572,3285771.0,High income
URY,AMR,Americas,2006,76.33233577,479.988769531,0.0,0.0,18.7,Uruguay,19560.0817556405,7.70998907,92.4845482788191,3289506.0,High income
URY,AMR,Americas,2007,75.38115954,512.13861084,0.0,0.0,19.0,Uruguay,20803.893182056,7.46167231,92.9603688038713,3295153.0,High income
URY,AMR,Americas,2008,76.39345878,469.172271729,0.0,0.0,18.1,Uruguay,22249.3835165533,8.09081745,93.45975578621,3302177.0,High income
URY,AMR,Americas,2009,76.67128798,457.120117188,0.0,0.0,17.8,Uruguay,23138.0820687014,7.91611385,93.9337324320314,3310091.0,High income
URY,AMR,Americas,2010,76.48217264,467.076171875,0.0,0.0,17.7,Uruguay,24879.8350192618,7.87757301,94.3333219475319,3318580.0,High income
URY,AMR,Americas,2011,76.59711654,460.664916992,0.0,0.0,17.7,Uruguay,26099.3215293803,7.91521358,94.6036824756941,3326825.0,High income
URY,AMR,Americas,2012,76.40566239,460.036010742,0.0,0.0,17.5,Uruguay,26953.2811065384,8.03330803,94.7606597546186,3335401.0,High income
URY,AMR,Americas,2013,76.7019772,446.849090576,0.0,0.0,17.1,Uruguay,28119.4833341404,8.0844841,94.8844735142936,3345337.0,High income
URY,AMR,Americas,2014,77.15013883,435.662811279,0.0,0.0,17.1,Uruguay,28935.0974409271,8.038908,94.9897821210514,3356334.0,High income
URY,AMR,Americas,2015,77.09925201,441.731262207,0.0,0.0,17.3,Uruguay,28941.6294107011,8.25703716,95.0800002298303,3368017.0,High income
URY,AMR,Americas,2016,76.84527198,453.31439209,0.0,0.0,17.6,Uruguay,29332.5672615246,8.63852501,95.1585424955685,3379283.0,High income
URY,AMR,Americas,2017,77.33933717,433.700012207,0.0,0.0,16.3,Uruguay,29762.4333171685,8.71702194,95.2288235732042,3388438.0,High income
URY,AMR,Americas,2018,77.03739696,438.819824219,0.0,0.0,16.6,Uruguay,29757.9388543783,8.9001112,95.2942581176758,3394534.0,High income
URY,AMR,Americas,2019,77.01365627,444.376678467,0.0,0.0,16.6,Uruguay,30010.5742615797,9.240695,95.3479309082031,3397206.0,High income
URY,AMR,Americas,2020,77.79436073,415.260009766,0.0,0.0,16.2,Uruguay,27788.1854968153,9.08774948,95.3997650146484,3398968.0,High income
URY,AMR,Americas,2021,74.98295244,446.412994385,0.0,0.0,17.4,Uruguay,29431.8850087471,8.91955471,95.4497146606445,3396695.0,High income
USA,AMR,Americas,2000,76.65847648,486.200744629,0.0,0.0,17.8,United States,55038.6224959451,12.49002075,79.0740897861327,282162411.0,High income
USA,AMR,Americas,2001,76.75000279,479.407470703,0.0,0.0,17.4,United States,55017.3049786608,13.16817093,79.3086223667912,284968955.0,High income
USA,AMR,Americas,2002,76.84998093,475.229858398,0.0,0.0,17.2,United States,55436.1169813778,13.99535275,79.5461039768657,287625193.0,High income
USA,AMR,Americas,2003,76.98967151,468.488830566,0.0,0.0,16.9,United States,56498.2078314911,14.50557518,79.7773350255284,290107933.0,High income
USA,AMR,Americas,2004,77.3972613,450.044921875,0.0,0.0,16.3,United States,58131.6336853496,14.55123138,79.9960936968363,292805298.0,High income
USA,AMR,Americas,2005,77.38462128,449.005401611,0.0,0.0,16.0,United States,59604.7536374577,14.57946205,80.1961581748464,295516599.0,High income
USA,AMR,Americas,2006,77.68331379,436.91317749,0.0,0.0,15.6,United States,60676.5655690664,14.70878792,80.3713066436159,298379912.0,High income
USA,AMR,Americas,2007,77.94056193,426.811004639,0.0,0.0,15.2,United States,61306.596938633,14.91832542,80.5153172872016,301231207.0,High income
USA,AMR,Americas,2008,78.0493345,425.064331055,0.0,0.0,15.1,United States,60798.4338401606,15.20723629,80.6219682896606,304093966.0,High income
USA,AMR,Americas,2009,78.42393798,411.307617188,0.0,0.0,14.8,United States,58714.9736915861,16.20067596,80.6850378350499,306771529.0,High income
USA,AMR,Americas,2010,78.6069239,407.711456299,0.0,0.0,14.5,United States,59789.4129069749,16.19722366,80.6997744673366,309378227.0,High income
USA,AMR,Americas,2011,78.65364022,405.292358398,0.0,0.0,14.3,United States,60245.4843994565,16.14000511,80.6957554256024,311839461.0,High income
USA,AMR,Americas,2012,78.77111574,401.731048584,0.0,0.0,14.2,United States,61134.530608776,16.11975479,80.6837493386238,314339099.0,High income
USA,AMR,Americas,2013,78.75952758,402.029571533,0.0,0.0,14.0,United States,61958.7234416953,15.95227051,80.660889281215,316726282.0,High income
USA,AMR,Americas,2014,78.80026105,400.194793701,0.0,0.0,13.9,United States,63018.8033942192,16.1415844,80.6242231779766,319257560.0,High income
USA,AMR,Americas,2015,78.61058161,405.731018066,0.0,0.0,14.0,United States,64359.4725899466,16.40155411,80.5707989535091,321815121.0,High income
USA,AMR,Americas,2016,78.55677254,405.851531982,0.0,0.0,13.9,United States,65017.654963867,16.69203949,80.4976645324131,324353340.0,High income
USA,AMR,Americas,2017,78.50077044,407.929168701,0.0,0.0,13.7,United States,66155.5555676249,16.63827515,80.4018678392891,326608609.0,High income
USA,AMR,Americas,2018,78.62912526,404.178344727,0.0,0.0,13.5,United States,67719.7656392064,16.51312637,80.2804567987377,328529577.0,High income
USA,AMR,Americas,2019,78.73923827,401.540893555,0.0,0.0,13.2,United States,69112.602688656,16.54486084,80.1304793353594,330226227.0,High income
USA,AMR,Americas,2020,76.89250856,424.602935791,0.0,0.0,13.6,United States,67342.0709287722,18.51597404,79.997451762548,331577720.0,High income
USA,AMR,Americas,2021,76.37368104,423.599060059,0.0,0.0,13.7,United States,71307.4017277218,17.35207748,80.0074765140272,332099760.0,High income
UZB,EUR,Europe,2000,61.67667881,1328.955322266,0.0,0.0,45.3,Uzbekistan,3410.65044991898,5.13293362,47.6731005044,24787054.0,Lower middle income
UZB,EUR,Europe,2001,62.16554368,1284.8125,0.0,0.0,44.2,Uzbekistan,3509.72863761694,5.23737431,48.4901886313987,25090283.0,Lower middle income
UZB,EUR,Europe,2002,62.19230023,1333.724121094,0.0,0.0,45.3,Uzbekistan,3604.69346202514,5.14164925,49.2574592650723,25399980.0,Lower middle income
UZB,EUR,Europe,2003,62.74285785,1311.627563477,0.0,0.0,44.5,Uzbekistan,3711.77853054423,5.1882515,49.9566881481443,25711259.0,Lower middle income
UZB,EUR,Europe,2004,63.42369036,1233.659667969,0.0,0.0,43.5,Uzbekistan,3939.53039814876,4.84063768,50.5696510233382,26029350.0,Lower middle income
UZB,EUR,Europe,2005,63.20028511,1303.158447266,0.0,0.0,45.2,Uzbekistan,4160.95512970703,4.781991,51.0781236333777,26356975.0,Lower middle income
UZB,EUR,Europe,2006,64.19601086,1231.223632813,0.0,0.0,43.1,Uzbekistan,4413.72281227266,4.75141335,51.4638817209862,26699043.0,Lower middle income
UZB,EUR,Europe,2007,64.796684,1197.034667969,0.0,0.0,42.0,Uzbekistan,4764.56391427529,4.54267979,51.7087010288873,27076008.0,Lower middle income
UZB,EUR,Europe,2008,65.44084852,1158.547973633,0.0,0.0,40.6,Uzbekistan,5115.64391465594,4.70447445,51.7943572998047,27494774.0,Lower middle income
UZB,EUR,Europe,2009,66.2800996,1084.646362305,0.0,0.0,38.6,Uzbekistan,5439.55068123847,4.79649639,51.6105041503906,27939328.0,Lower middle income
UZB,EUR,Europe,2010,66.71556004,1085.35546875,0.0,0.0,37.8,Uzbekistan,5760.80511957791,5.29938841,51.3321647644043,28385506.0,Lower middle income
UZB,EUR,Europe,2011,67.18064136,1074.17956543,0.0,0.0,36.6,Uzbekistan,6100.25100998284,5.26245499,51.3395500183105,28823196.0,Lower middle income
UZB,EUR,Europe,2012,67.64432032,1041.512817383,0.0,0.0,35.8,Uzbekistan,6435.56467226429,5.54822111,51.3359680175781,29261903.0,Lower middle income
UZB,EUR,Europe,2013,68.3723982,984.601806641,0.0,0.0,34.3,Uzbekistan,6797.77494784494,5.71896601,51.1276969909668,29724065.0,Lower middle income
UZB,EUR,Europe,2014,68.81484391,959.245361328,0.0,0.0,33.7,Uzbekistan,7145.10980664151,4.43092394,50.8868713378906,30222994.0,Lower middle income
UZB,EUR,Europe,2015,69.42591804,908.455993652,0.0,0.0,32.0,Uzbekistan,7529.76364274179,4.73596573,50.6597328186035,30749346.0,Lower middle income
UZB,EUR,Europe,2016,69.95773109,872.615600586,0.0,0.0,31.4,Uzbekistan,7839.97820100236,4.71504498,50.6572189331055,31284568.0,Lower middle income
UZB,EUR,Europe,2017,70.40271496,851.455383301,0.0,0.0,30.4,Uzbekistan,8047.05375469466,4.30888557,50.6787376403809,31819178.0,Lower middle income
UZB,EUR,Europe,2018,71.46640597,780.469726563,0.0,0.0,28.4,Uzbekistan,8348.96057873127,4.55261564,50.5814971923828,32373490.0,Lower middle income
UZB,EUR,Europe,2019,72.27007322,735.403808594,0.0,0.0,26.8,Uzbekistan,8755.12593984949,4.83520985,50.5920104980469,32964701.0,Lower middle income
UZB,EUR,Europe,2020,71.36099727,805.606201172,0.0,0.0,27.2,Uzbekistan,8727.41104939223,6.08597755,50.7670402526855,33586372.0,Lower middle income
UZB,EUR,Europe,2021,72.18877681,724.767944336,0.0,0.0,24.6,Uzbekistan,9247.64382703929,6.92742586,50.9269905090332,34243696.0,Lower middle income
VCT,AMR,Americas,2000,71.66187212,608.627807617,0.0,0.0,23.3,St. Vincent and the Grenadines,9999.05879203685,3.98284125,44.8903114926141,113545.0,Upper middle income
VCT,AMR,Americas,2001,71.90344128,581.235961914,0.0,0.0,22.5,St. Vincent and the Grenadines,10177.8094583896,4.01057482,45.0076571524878,113501.0,Upper middle income
VCT,AMR,Americas,2002,72.01069433,575.231506348,0.0,0.0,23.0,St. Vincent and the Grenadines,10736.0878714164,4.08079481,45.1214266763803,113347.0,Upper middle income
VCT,AMR,Americas,2003,72.24268792,558.161499023,0.0,0.0,21.6,St. Vincent and the Grenadines,11475.3312414531,3.96341038,45.236152710942,113141.0,Upper middle income
VCT,AMR,Americas,2004,72.36667565,569.262573242,0.0,0.0,21.6,St. Vincent and the Grenadines,11979.907294501,3.8710556,45.3517185236482,112835.0,Upper middle income
VCT,AMR,Americas,2005,72.5595686,544.204772949,0.0,0.0,20.4,St. Vincent and the Grenadines,12320.0710011077,3.83410811,45.4681221654846,112450.0,Upper middle income
VCT,AMR,Americas,2006,72.92616303,535.285949707,0.0,0.0,19.7,St. Vincent and the Grenadines,13233.4068930431,3.6556716,45.5853616874371,112014.0,Upper middle income
VCT,AMR,Americas,2007,73.25297188,527.723144531,0.0,0.0,18.2,St. Vincent and the Grenadines,13732.3622591495,3.82213306,45.7034351404912,111531.0,Upper middle income
VCT,AMR,Americas,2008,73.51667142,516.695617676,0.0,0.0,17.9,St. Vincent and the Grenadines,13850.3936790063,3.8878386,45.8223405756329,111028.0,Upper middle income
VCT,AMR,Americas,2009,73.56239685,496.108795166,0.0,0.0,17.5,St. Vincent and the Grenadines,13723.7838252622,4.09299564,45.9420760438477,110508.0,Upper middle income
VCT,AMR,Americas,2010,73.48342047,518.499633789,0.0,0.0,19.0,St. Vincent and the Grenadines,13175.7230154228,4.30325222,46.0626395961215,109959.0,Upper middle income
VCT,AMR,Americas,2011,73.21012386,537.962158203,0.0,0.0,20.1,St. Vincent and the Grenadines,13168.8964291743,4.23327732,46.18402928344,109349.0,Upper middle income
VCT,AMR,Americas,2012,72.98728933,547.26763916,0.0,0.0,21.3,St. Vincent and the Grenadines,13397.9632982701,4.46855974,46.3063114823836,108736.0,Upper middle income
VCT,AMR,Americas,2013,72.60483816,551.299194336,0.0,0.0,22.1,St. Vincent and the Grenadines,13804.1837951887,4.23780632,46.4319347036311,108135.0,Upper middle income
VCT,AMR,Americas,2014,72.73600877,554.459655762,0.0,0.0,22.4,St. Vincent and the Grenadines,14040.2460690452,4.17431307,46.5579930468544,107535.0,Upper middle income
VCT,AMR,Americas,2015,72.79473614,533.88293457,0.0,0.0,22.0,St. Vincent and the Grenadines,14508.8609465459,4.11605787,46.6845638727475,106960.0,Upper middle income
VCT,AMR,Americas,2016,72.98153488,543.38470459,0.0,0.0,21.9,St. Vincent and the Grenadines,15197.7482513352,4.09760141,46.8116589511271,106349.0,Upper middle income
VCT,AMR,Americas,2017,73.09125438,547.535583496,0.0,0.0,22.2,St. Vincent and the Grenadines,15533.2212821544,4.23171329,46.9392900518098,105663.0,Upper middle income
VCT,AMR,Americas,2018,73.17900227,555.631652832,0.0,0.0,22.3,St. Vincent and the Grenadines,16139.0661084965,4.25346231,47.0674689446123,104926.0,Upper middle income
VCT,AMR,Americas,2019,73.10795228,558.363708496,0.0,0.0,22.7,St. Vincent and the Grenadines,16365.3255785124,4.26063251,47.1962073993512,104167.0,Upper middle income
VCT,AMR,Americas,2020,72.74742918,573.391784668,0.0,0.0,24.4,St. Vincent and the Grenadines,15763.7054382539,4.87071276,47.3255171858432,103526.0,Upper middle income
VCT,AMR,Americas,2021,72.55709418,537.865966797,0.0,0.0,23.6,St. Vincent and the Grenadines,16200.8994597845,5.26607132,47.4554100739049,102841.0,Upper middle income
VNM,WPR,Western Pacific,2000,71.87399979,558.662719727,421.0,18000.0,20.1,Viet Nam,4349.22348751462,4.10752726,24.3672526919772,77154011.0,Lower middle income
VNM,WPR,Western Pacific,2001,71.97988323,562.765075684,380.0,18000.0,20.3,Viet Nam,4570.26846577385,4.80107498,24.9489362725143,77969361.0,Lower middle income
VNM,WPR,Western Pacific,2002,72.06004934,564.58203125,271.0,19000.0,20.3,Viet Nam,4809.62151118535,3.87075853,25.5540925665659,78772224.0,Lower middle income
VNM,WPR,Western Pacific,2003,72.11217075,568.204162598,197.0,19000.0,20.4,Viet Nam,5090.28990869885,3.94229889,26.1745407830283,79563777.0,Lower middle income
VNM,WPR,Western Pacific,2004,72.15340395,574.933349609,115.0,18000.0,20.7,Viet Nam,5421.09702829121,4.08791971,26.8021001307977,80338971.0,Lower middle income
VNM,WPR,Western Pacific,2005,72.17650018,577.561889648,79.0,17000.0,20.8,Viet Nam,5776.36304451268,4.31821251,27.4285898187702,81088313.0,Lower middle income
VNM,WPR,Western Pacific,2006,72.23737668,580.57019043,92.0,16000.0,20.9,Viet Nam,6098.24495436514,4.56979847,28.0458290558422,82167897.0,Lower middle income
VNM,WPR,Western Pacific,2007,72.30106944,586.627258301,53.0,16000.0,21.2,Viet Nam,6418.54381402878,4.62917614,28.6456370509099,83633375.0,Lower middle income
VNM,WPR,Western Pacific,2008,72.35184572,590.176147461,25.0,15000.0,21.4,Viet Nam,6659.13561432065,4.36028337,29.2198330128693,85175788.0,Lower middle income
VNM,WPR,Western Pacific,2009,72.41132963,591.125732422,47.0,15000.0,21.5,Viet Nam,6914.33863589545,4.48502922,29.7581347355675,86460018.0,Lower middle income
VNM,WPR,Western Pacific,2010,72.48813081,593.285888672,45.0,14000.0,21.7,Viet Nam,7274.73310698016,5.07146072,30.2504027258526,87455152.0,Lower middle income
VNM,WPR,Western Pacific,2011,72.61270345,591.439819336,36.0,14000.0,21.6,Viet Nam,7652.61895672271,4.97468519,30.6996041680996,88468314.0,Lower middle income
VNM,WPR,Western Pacific,2012,72.74028809,587.885437012,41.0,13000.0,21.5,Viet Nam,7979.86828926858,5.00178242,31.1222779403029,89510356.0,Lower middle income
VNM,WPR,Western Pacific,2013,72.83984641,586.390869141,34.0,13000.0,21.5,Viet Nam,8324.19871250047,4.41233158,31.5334201724543,90573104.0,Lower middle income
VNM,WPR,Western Pacific,2014,72.95094965,585.478515625,29.0,12000.0,21.5,Viet Nam,8751.88280634375,4.69078779,31.9480269945454,91679578.0,Lower middle income
VNM,WPR,Western Pacific,2015,73.03125783,586.372802734,16.0,12000.0,21.6,Viet Nam,9248.02396069622,4.71140909,32.3810945365679,92823254.0,Lower middle income
VNM,WPR,Western Pacific,2016,73.21381033,582.282775879,7.0,11000.0,21.4,Viet Nam,9743.1882231455,4.86994743,32.8476189285136,94000117.0,Lower middle income
VNM,WPR,Western Pacific,2017,73.40138207,576.135131836,9.0,11000.0,21.1,Viet Nam,10290.5487142244,4.99014759,33.3625963003742,95176977.0,Lower middle income
VNM,WPR,Western Pacific,2018,73.56096825,571.901489258,1.0,10000.0,20.9,Viet Nam,10936.8937859558,5.02678823,33.9410227821412,96237319.0,Lower middle income
VNM,WPR,Western Pacific,2019,73.71007094,568.322875977,0.0,9800.0,20.8,Viet Nam,11628.6139147451,4.97407484,34.6239134999511,97173776.0,Lower middle income
VNM,WPR,Western Pacific,2020,74.77582966,516.915527344,0.0,9000.0,19.3,Viet Nam,11851.3965685649,4.33219814,35.5706676299742,98079191.0,Lower middle income
VNM,WPR,Western Pacific,2021,73.7965773,546.146057129,0.0,8200.0,20.1,Viet Nam,12048.9019935536,4.53792429,36.6540656426603,98935098.0,Lower middle income
VUT,WPR,Western Pacific,2000,64.92630401,1030.326171875,34.0,100.0,40.4,Vanuatu,3342.16726611558,3.30683255,21.6572490599483,186281.0,Lower middle income
VUT,WPR,Western Pacific,2001,64.97955845,1032.741088867,24.0,100.0,40.5,Vanuatu,3148.33464010842,3.38728333,21.9341706883464,191031.0,Lower middle income
VUT,WPR,Western Pacific,2002,65.03950977,1031.172363281,52.0,100.0,40.1,Vanuatu,2911.04134701793,3.90437746,22.2011458912344,195863.0,Lower middle income
VUT,WPR,Western Pacific,2003,65.08697701,1025.922729492,68.0,100.0,39.8,Vanuatu,2962.03107292132,3.50691938,22.4641372404641,200746.0,Lower middle income
VUT,WPR,Western Pacific,2004,65.14603809,1022.088562012,46.0,100.0,39.7,Vanuatu,3005.79726389788,3.53991532,22.7291073078871,205711.0,Lower middle income
VUT,WPR,Western Pacific,2005,65.24030241,1013.652526855,35.0,100.0,39.3,Vanuatu,3089.43704035765,3.30490398,23.0020186653551,210760.0,Lower middle income
VUT,WPR,Western Pacific,2006,65.37131308,1026.545043945,30.0,100.0,39.6,Vanuatu,3270.70237527622,3.32229328,23.2888338847199,215923.0,Lower middle income
VUT,WPR,Western Pacific,2007,65.5182575,1015.592834473,36.0,100.0,39.1,Vanuatu,3283.36553319499,3.10786796,23.5955155378332,221276.0,Lower middle income
VUT,WPR,Western Pacific,2008,65.68985149,1002.494506836,37.0,100.0,38.6,Vanuatu,3381.38564426088,3.13883376,23.9280261965467,226896.0,Lower middle income
VUT,WPR,Western Pacific,2009,65.89385815,1003.464233398,22.0,100.0,38.7,Vanuatu,3396.73599458141,3.25181413,24.2861753285463,232731.0,Lower middle income
VUT,WPR,Western Pacific,2010,66.08385743,984.709655762,27.0,100.0,38.0,Vanuatu,3359.84954476432,3.52637076,24.742504119873,238248.0,Lower middle income
VUT,WPR,Western Pacific,2011,66.2618784,984.26184082,14.0,100.0,38.1,Vanuatu,3390.96103912602,3.59770703,24.7861634049013,243474.0,Lower middle income
VUT,WPR,Western Pacific,2012,66.43172159,983.218994141,0.0,100.0,38.4,Vanuatu,3350.77088958974,3.93631458,24.8183551383933,248883.0,Lower middle income
VUT,WPR,Western Pacific,2013,66.60736544,970.420227051,0.0,100.0,38.0,Vanuatu,3292.23424552549,4.39240074,24.8407362750263,254482.0,Lower middle income
VUT,WPR,Western Pacific,2014,66.71134263,953.997802734,0.0,100.0,37.5,Vanuatu,3302.29177948687,3.64018846,24.8549637694775,260240.0,Lower middle income
VUT,WPR,Western Pacific,2015,66.79010699,952.994018555,0.0,100.0,37.6,Vanuatu,3357.63888534014,4.1583128,24.8626945764242,266101.0,Lower middle income
VUT,WPR,Western Pacific,2016,66.91782394,944.550598145,0.0,100.0,37.3,Vanuatu,3397.76730446483,2.98904061,24.8654875642873,272087.0,Lower middle income
VUT,WPR,Western Pacific,2017,66.98064455,942.715820313,0.0,100.0,37.2,Vanuatu,3465.91968561101,2.88118052,24.7644441456437,278507.0,Lower middle income
VUT,WPR,Western Pacific,2018,67.04714117,940.891418457,0.0,100.0,37.1,Vanuatu,3482.02272525905,3.44049001,24.2729727045038,285259.0,Lower middle income
VUT,WPR,Western Pacific,2019,67.13030878,940.082580566,0.0,100.0,37.1,Vanuatu,3512.07197251664,3.49615431,23.5024668917075,291985.0,Lower middle income
VUT,WPR,Western Pacific,2020,67.09750807,956.074523926,0.0,100.0,37.8,Vanuatu,3259.99543753198,4.12128973,22.4186852094794,298858.0,Lower middle income
VUT,WPR,Western Pacific,2021,66.3483713,913.854919434,0.0,100.0,36.8,Vanuatu,3135.83664945678,4.58828115,22.2501822422475,305868.0,Lower middle income
WSM,WPR,Western Pacific,2000,69.60483332,811.557373047,0.0,0.0,32.2,Samoa,4638.59446502597,4.28232527,21.9529698020724,181685.0,Upper middle income
WSM,WPR,Western Pacific,2001,69.77577511,807.972595215,0.0,0.0,32.1,Samoa,4941.1152254089,3.81804991,21.9749895503804,183166.0,Upper middle income
WSM,WPR,Western Pacific,2002,69.93318688,800.522644043,0.0,0.0,31.8,Samoa,5183.45456244226,4.49205494,21.9431903680112,184471.0,Upper middle income
WSM,WPR,Western Pacific,2003,70.05898224,795.334960938,0.0,0.0,31.6,Samoa,5425.44383557984,4.17237139,21.7806875309864,185430.0,Upper middle income
WSM,WPR,Western Pacific,2004,70.17537437,785.880615234,0.0,0.0,31.3,Samoa,5568.34734622238,4.52578545,21.5282844040566,186249.0,Upper middle income
WSM,WPR,Western Pacific,2005,70.24626535,782.230773926,0.0,0.0,31.2,Samoa,5914.889706043,4.63365459,21.2352904191687,186978.0,Upper middle income
WSM,WPR,Western Pacific,2006,70.43219518,774.93548584,0.0,0.0,30.9,Samoa,6017.47704264273,4.88451385,20.9567957063672,187709.0,Upper middle income
WSM,WPR,Western Pacific,2007,70.4708852,770.912658691,0.0,0.0,30.9,Samoa,6013.27628827659,4.7446332,20.6944481303605,188753.0,Upper middle income
WSM,WPR,Western Pacific,2008,70.48283276,769.369995117,0.0,0.0,30.9,Samoa,6182.76327854773,4.53258085,20.4038457706991,190107.0,Upper middle income
WSM,WPR,Western Pacific,2009,68.73125976,753.544494629,0.0,0.0,30.4,Samoa,6104.12751491364,5.12732029,20.1045321482817,191513.0,Upper middle income
WSM,WPR,Western Pacific,2010,70.48867026,765.74206543,0.0,0.0,31.0,Samoa,6427.31156227699,5.15268326,19.8302101862085,193023.0,Upper middle income
WSM,WPR,Western Pacific,2011,70.50058194,765.208740234,0.0,0.0,31.0,Samoa,6616.7710962495,5.38357162,19.6174273708146,194713.0,Upper middle income
WSM,WPR,Western Pacific,2012,70.27478818,772.527648926,0.0,0.0,31.3,Samoa,6311.96070235073,4.9883461,19.478718368689,196498.0,Upper middle income
WSM,WPR,Western Pacific,2013,70.24040584,773.226623535,0.0,0.0,31.4,Samoa,6262.32372017912,6.21823883,19.3865949620667,198268.0,Upper middle income
WSM,WPR,Western Pacific,2014,70.13172182,787.054931641,0.0,0.0,31.9,Samoa,6247.90480904724,6.36147165,19.3126679480432,200037.0,Upper middle income
WSM,WPR,Western Pacific,2015,70.01944065,794.515197754,0.0,0.0,32.2,Samoa,6432.35979168526,6.01321936,19.2340105383551,201782.0,Upper middle income
WSM,WPR,Western Pacific,2016,69.92083473,801.027038574,0.0,0.0,32.4,Samoa,6887.30523545286,5.63959885,19.126462366749,203499.0,Upper middle income
WSM,WPR,Western Pacific,2017,69.98522366,798.03302002,0.0,0.0,32.3,Samoa,6919.01572858501,5.16343021,18.9657191879831,205415.0,Upper middle income
WSM,WPR,Western Pacific,2018,70.09269594,794.682434082,0.0,0.0,32.2,Samoa,6805.0451717529,4.77525806,18.7241267935467,207582.0,Upper middle income
WSM,WPR,Western Pacific,2019,69.99170791,791.1796875,0.0,0.0,32.0,Samoa,7033.52113384547,5.64761591,18.4147344481283,209780.0,Upper middle income
WSM,WPR,Western Pacific,2020,70.19462777,800.075805664,0.0,0.0,32.6,Samoa,6745.29241350438,6.09105825,18.0516608994722,211944.0,Upper middle income
WSM,WPR,Western Pacific,2021,70.27372108,786.477783203,0.0,0.0,32.3,Samoa,6350.11428353253,7.19651461,17.5672426452007,213779.0,Upper middle income
ZAF,AFR,Africa,2000,57.11947907,558.142028809,424.0,530000.0,21.6,South Africa,11183.825503143,7.3366189,56.2589954883628,47159719.0,Upper middle income
ZAF,AFR,Africa,2001,55.86714584,547.372009277,81.0,520000.0,21.2,South Africa,11387.492366782,7.12327909,57.0014339378269,47566800.0,Upper middle income
ZAF,AFR,Africa,2002,54.31987896,585.281616211,96.0,500000.0,22.5,South Africa,11697.5657261687,6.67774487,57.6723587528482,48019415.0,Upper middle income
ZAF,AFR,Africa,2003,52.93394541,588.153686523,142.0,490000.0,23.3,South Africa,11923.1211013633,7.04098177,58.3724341232066,48500348.0,Upper middle income
ZAF,AFR,Africa,2004,52.24650084,588.504943848,88.0,470000.0,23.4,South Africa,12341.2102655828,6.938416,59.0977390950102,48991421.0,Upper middle income
ZAF,AFR,Africa,2005,52.03156981,583.128173828,63.0,460000.0,23.3,South Africa,12861.5633089114,6.86216164,59.8241758378997,49490033.0,Upper middle income
ZAF,AFR,Africa,2006,52.10797353,617.400024414,87.0,440000.0,24.9,South Africa,13444.2332126058,6.87650871,60.5276465215157,49998277.0,Upper middle income
ZAF,AFR,Africa,2007,52.90958642,621.741455078,37.0,420000.0,24.9,South Africa,14016.2444716386,6.90510845,61.1840533154988,50528584.0,Upper middle income
ZAF,AFR,Africa,2008,53.91253666,634.684570313,43.0,400000.0,25.3,South Africa,14297.6887802632,7.14832258,61.7692983894896,51114599.0,Upper middle income
ZAF,AFR,Africa,2009,55.26976416,627.430053711,45.0,370000.0,24.9,South Africa,13910.7017093394,7.64941454,62.2592839131287,51728516.0,Upper middle income
ZAF,AFR,Africa,2010,57.09683041,684.26361084,83.0,350000.0,26.2,South Africa,14164.9958363115,7.79358244,62.6299120560569,52344051.0,Upper middle income
ZAF,AFR,Africa,2011,59.100348,655.170410156,54.0,330000.0,24.9,South Africa,14434.2611456048,7.94434404,62.850627754452,52995205.0,Upper middle income
ZAF,AFR,Africa,2012,60.81522121,655.411376953,72.0,310000.0,24.7,South Africa,14563.7624041032,8.00428867,62.9616560303263,53782567.0,Upper middle income
ZAF,AFR,Africa,2013,62.08498269,645.217102051,105.0,300000.0,24.2,South Africa,14681.096638957,8.10322285,63.0524024097034,54678791.0,Upper middle income
ZAF,AFR,Africa,2014,62.78312708,650.964111328,174.0,280000.0,24.5,South Africa,14643.3384782936,7.87136555,63.1352327065742,55594838.0,Upper middle income
ZAF,AFR,Africa,2015,63.26267522,654.585632324,110.0,270000.0,24.6,South Africa,14541.6748613669,8.05304241,63.2096349937231,56723537.0,Upper middle income
ZAF,AFR,Africa,2016,63.87748533,640.910766602,34.0,260000.0,24.1,South Africa,14501.2807823402,8.07959366,63.2750973439347,57259551.0,Upper middle income
ZAF,AFR,Africa,2017,64.74836762,616.267150879,301.0,240000.0,23.0,South Africa,14573.5980840004,7.97711372,63.3311078299936,57635162.0,Upper middle income
ZAF,AFR,Africa,2018,65.31532246,607.524841309,69.0,220000.0,22.6,South Africa,14553.5615668957,8.0819664,63.3771545246841,58613001.0,Upper middle income
ZAF,AFR,Africa,2019,65.83739077,589.559387207,79.0,210000.0,21.6,South Africa,14352.6698709871,8.24652863,63.4127255007908,59587885.0,Upper middle income
ZAF,AFR,Africa,2020,64.30356494,627.675170898,38.0,200000.0,23.1,South Africa,13250.5666594456,9.02174091,63.4373088310982,60562381.0,Upper middle income
ZAF,AFR,Africa,2021,61.49918805,560.436645508,56.0,190000.0,22.7,South Africa,13681.9548144813,8.6645031,63.4503925883909,61502603.0,Upper middle income
ZMB,AFR,Africa,2000,44.52713939,668.988586426,14647.0,77000.0,25.8,Zambia,2220.5653712714,4.12029076,35.8735460960387,10017631.0,Lower middle income
ZMB,AFR,Africa,2001,44.99215514,650.505554199,14486.0,75000.0,25.2,Zambia,2268.96965564597,4.77853632,35.8846482932758,10325185.0,Lower middle income
ZMB,AFR,Africa,2002,45.80351415,665.051879883,12203.0,75000.0,25.3,Zambia,2299.33289188114,5.88845205,36.0706035730014,10647949.0,Lower middle income
ZMB,AFR,Africa,2003,47.10240747,653.316040039,10245.0,74000.0,25.2,Zambia,2383.87611741089,5.99553585,36.3858560115875,10983595.0,Lower middle income
ZMB,AFR,Africa,2004,48.77289416,644.561401367,8669.0,71000.0,24.4,Zambia,2471.72073328685,5.46587515,36.8035881130253,11338198.0,Lower middle income
ZMB,AFR,Africa,2005,50.2612912,616.794189453,7515.0,68000.0,23.6,Zambia,2564.47560965912,6.33088684,37.2969823813059,11718819.0,Lower middle income
ZMB,AFR,Africa,2006,51.7626963,616.350158691,6805.0,66000.0,23.2,Zambia,2673.46151928529,5.5774231,37.8392213204204,12129553.0,Lower middle income
ZMB,AFR,Africa,2007,53.57698997,601.082885742,6398.0,64000.0,23.0,Zambia,2796.3529332184,4.55994081,38.4034874343601,12565085.0,Lower middle income
ZMB,AFR,Africa,2008,55.35570144,604.74822998,6278.0,59000.0,22.9,Zambia,2908.14362510668,4.49370766,38.9629632271162,13021324.0,Lower middle income
ZMB,AFR,Africa,2009,56.61649649,607.789550781,6296.0,60000.0,22.9,Zambia,3065.84420108998,5.22568512,39.4908312026796,13490389.0,Lower middle income
ZMB,AFR,Africa,2010,57.42656833,610.905273438,6353.0,63000.0,23.1,Zambia,3266.50749293828,4.13426876,39.9558857709992,13965594.0,Lower middle income
ZMB,AFR,Africa,2011,58.02295113,618.624084473,6666.0,65000.0,23.4,Zambia,3335.64339500657,3.95913363,40.3684491825881,14437796.0,Lower middle income
ZMB,AFR,Africa,2012,58.68526361,608.502807617,6979.0,68000.0,23.2,Zambia,3474.55252844092,4.04541731,40.7698556821596,14913629.0,Lower middle income
ZMB,AFR,Africa,2013,59.35535185,608.690063477,7459.0,71000.0,22.6,Zambia,3535.22449043144,4.57390451,41.1682266235825,15398997.0,Lower middle income
ZMB,AFR,Africa,2014,59.98021269,608.07598877,8037.0,72000.0,22.8,Zambia,3585.57748507131,3.82924223,41.5634741658525,15895315.0,Lower middle income
ZMB,AFR,Africa,2015,60.4135173,606.855651855,8015.0,74000.0,22.7,Zambia,3576.92544834125,4.42974281,41.9555104679652,16399089.0,Lower middle income
ZMB,AFR,Africa,2016,60.96146792,612.432678223,7930.0,75000.0,23.1,Zambia,3598.17166023389,4.46923161,42.3442476889162,16914423.0,Lower middle income
ZMB,AFR,Africa,2017,61.28533224,603.459716797,7892.0,75000.0,22.9,Zambia,3612.50597664593,4.78156233,42.7295979877011,17441320.0,Lower middle income
ZMB,AFR,Africa,2018,61.41187871,598.002746582,8046.0,70000.0,22.7,Zambia,3646.95966481655,4.76996708,43.1114735233156,17973569.0,Lower middle income
ZMB,AFR,Africa,2019,61.76313302,621.389221191,8084.0,59000.0,23.2,Zambia,3591.56418883108,6.75330257,43.4897864547552,18513839.0,Lower middle income
ZMB,AFR,Africa,2020,61.83164861,662.896179199,8556.0,48000.0,24.1,Zambia,3391.59541156095,6.3067441,43.8644489410157,19059395.0,Lower middle income
ZMB,AFR,Africa,2021,60.96884286,654.924926758,8734.0,42000.0,23.6,Zambia,3503.03491418372,6.63951397,44.2353731410926,19603607.0,Lower middle income
ZWE,AFR,Africa,2000,45.74529001,666.162597656,2459.0,130000.0,23.5,Zimbabwe,6170.33390832202,10.47575283,32.3991568853313,11892055.0,Lower middle income
ZWE,AFR,Africa,2001,45.43212975,701.663635254,2475.0,120000.0,24.3,Zimbabwe,6217.41179425199,10.47575283,32.4999278382836,11971901.0,Lower middle income
ZWE,AFR,Africa,2002,45.11250007,746.43762207,2499.0,110000.0,25.5,Zimbabwe,5610.19146861437,10.47575283,32.5631884166934,12087653.0,Lower middle income
ZWE,AFR,Africa,2003,45.01274563,779.481262207,2529.0,110000.0,26.9,Zimbabwe,4601.6607468251,10.47575283,32.6003372313948,12232323.0,Lower middle income
ZWE,AFR,Africa,2004,45.152854,813.515930176,2557.0,100000.0,28.6,Zimbabwe,4287.59829196083,10.47575283,32.6278168233873,12365896.0,Lower middle income
ZWE,AFR,Africa,2005,45.7065362,811.599182129,2581.0,96000.0,28.7,Zimbabwe,4004.66443720945,10.47575283,32.6482709722903,12483432.0,Lower middle income
ZWE,AFR,Africa,2006,46.40915188,802.197998047,2613.0,93000.0,28.4,Zimbabwe,3819.2334285389,10.47575283,32.6640794641194,12636445.0,Lower middle income
ZWE,AFR,Africa,2007,47.34902637,802.248596191,4326.0,88000.0,28.5,Zimbabwe,3631.53761566256,10.47575283,32.67762208489,12804058.0,Lower middle income
ZWE,AFR,Africa,2008,48.32688541,831.89855957,1763.0,83000.0,30.0,Zimbabwe,2954.09932377926,10.47575283,32.6912786206175,12959149.0,Lower middle income
ZWE,AFR,Africa,2009,49.66000005,846.093994141,1955.0,81000.0,30.7,Zimbabwe,3299.41379594873,10.47575283,32.7074288573175,13142790.0,Lower middle income
ZWE,AFR,Africa,2010,51.41783245,912.729492188,2810.0,76000.0,33.8,Zimbabwe,3885.39378454343,10.47575283,32.7284525810054,13356548.0,Lower middle income
ZWE,AFR,Africa,2011,53.27755042,906.583984375,1848.0,63000.0,33.6,Zimbabwe,4358.92582649309,8.081707,32.7567295776968,13595424.0,Lower middle income
ZWE,AFR,Africa,2012,54.90174943,891.948242188,1516.0,56000.0,33.0,Zimbabwe,5003.48706186748,6.91838741,32.7931752128328,13817887.0,Lower middle income
ZWE,AFR,Africa,2013,56.08364808,898.763305664,2211.0,52000.0,33.2,Zimbabwe,5031.68744400391,7.11022186,32.9019343169941,14013808.0,Lower middle income
ZWE,AFR,Africa,2014,56.95717402,897.071105957,2798.0,45000.0,33.2,Zimbabwe,5081.11240399225,8.1335125,33.1628075970801,14207359.0,Lower middle income
ZWE,AFR,Africa,2015,57.4934476,904.375244141,2731.0,42000.0,33.5,Zimbabwe,5102.71432347607,7.45204067,33.5612641766874,14399013.0,Lower middle income
ZWE,AFR,Africa,2016,57.9178434,911.406433105,1947.0,39000.0,33.7,Zimbabwe,5070.40217016051,7.25845575,34.0799460726314,14600294.0,Lower middle income
ZWE,AFR,Africa,2017,58.23863624,904.371459961,3424.0,31000.0,33.4,Zimbabwe,5234.3838655748,6.17448902,34.7014953017273,14812482.0,Lower middle income
ZWE,AFR,Africa,2018,58.69836684,912.137023926,1624.0,24000.0,33.6,Zimbabwe,5415.46976371689,4.67327976,35.4085538807905,15034452.0,Lower middle income
ZWE,AFR,Africa,2019,59.07171997,890.3203125,2003.0,21000.0,32.7,Zimbabwe,4993.84383894752,3.23268151,36.1837638266364,15271368.0,Lower middle income
ZWE,AFR,Africa,2020,59.40476255,903.662536621,2951.0,18000.0,33.0,Zimbabwe,4527.71988082724,2.95440102,37.0097671560802,15526888.0,Lower middle income
ZWE,AFR,Africa,2021,58.48102238,810.403381348,876.0,21000.0,31.2,Zimbabwe,4827.0886936086,2.67111874,37.8692058859373,15797210.0,Lower middle income
